{"type":"FeatureCollection","features":[{"type":"Feature","geometry":{"type":"Polygon","coordinates":[[[18.119650277729033,49.83435086816808],[18.120069517191453,49.83446217025217],[18.12013182545891,49.83448214031533],[18.12051098367026,49.83459576370838],[18.12051473892619,49.83459687981902],[18.120559663546306,49.834610265261496],[18.120654086736128,49.83463828901229],[18.120801198143656,49.834673912173066],[18.120945692537898,49.8347123646211],[18.121169935216244,49.8347728612124],[18.121420896157325,49.83483902838375],[18.12168088844017,49.83490958940044],[18.12169891939529,49.834914495600465],[18.121758893276454,49.83493009012509],[18.121767450755065,49.83493283305688],[18.12224673650672,49.83508698146432],[18.122251159826046,49.8350883160058],[18.122443818667243,49.83514611152853],[18.122547583629878,49.835177282103984],[18.122774432425857,49.83524532421842],[18.12290280375688,49.83526895854596],[18.123071619536805,49.83527837606472],[18.123121756823124,49.835281136321164],[18.123278110634484,49.83528984502687],[18.123281698611272,49.835290139264124],[18.123420038160923,49.835303058232235],[18.123538674318,49.83531413487716],[18.123632269059943,49.835317470179874],[18.12365329933534,49.83531776321801],[18.123899195797538,49.83532163377439],[18.124092321061244,49.83532467006655],[18.124147621217848,49.835325376816705],[18.12438012290971,49.83532821418012],[18.124541014236822,49.83533022972014],[18.124597561890475,49.83532586281578],[18.12484745300196,49.835306492983655],[18.124955466013642,49.83529819200579],[18.125066369255087,49.83530250994211],[18.125189758931327,49.835307356949606],[18.12532301633271,49.835312493902556],[18.125437242859554,49.83531700036335],[18.12557299272911,49.83532227868623],[18.1256840345431,49.83532660390826],[18.125852931999404,49.83527789996734],[18.125998868475392,49.835235923345515],[18.12636252921106,49.83519359371159],[18.126448020182092,49.83518365054154],[18.126697144170407,49.83517813200702],[18.12680785189026,49.83517566832998],[18.126864904368905,49.835171690047716],[18.12700971826226,49.83516159749092],[18.127221309062673,49.83514681532155],[18.12732960856842,49.83513536968047],[18.127692467442355,49.83509687129157],[18.127835180541627,49.835081694554475],[18.128249144203792,49.83503779480228],[18.128414925745307,49.835020227593525],[18.12853441898822,49.83500752149693],[18.128868396283607,49.834972071953324],[18.12896607892106,49.83496173653244],[18.129190456305366,49.83492881470933],[18.129810768479956,49.83483778666518],[18.130329139766413,49.83476172380094],[18.130449011464716,49.83474416375241],[18.13062768680108,49.83471793966345],[18.13070264785507,49.834706402736735],[18.131030331528137,49.83465560816046],[18.131576507515923,49.83457101083056],[18.13219139142296,49.83447569145811],[18.132842048806534,49.83437481884766],[18.133127388325384,49.83433063981331],[18.133205506022254,49.83432153682914],[18.133247187244027,49.83431668293104],[18.134131950454144,49.834213930820695],[18.13430842791206,49.83419461616434],[18.135112215161534,49.834106574410434],[18.135279346573533,49.83408826219056],[18.13526566059928,49.83407909218578],[18.135198355503636,49.83403420847247],[18.13507621393574,49.83369515411104],[18.135077405463168,49.83366065571571],[18.13508194000027,49.83354494091167],[18.135277899543006,49.83312791281899],[18.13536178678524,49.83294973541252],[18.135407768931046,49.832851444689254],[18.135436318172687,49.83279115291785],[18.135149448044853,49.83216577008176],[18.13573470248755,49.832102416160104],[18.136153259649895,49.83200071991703],[18.136711742225017,49.831790087404535],[18.13677261095092,49.831767187999496],[18.136946574028563,49.83170151898059],[18.137011712898474,49.83167696648812],[18.137114507615127,49.83163812489339],[18.137157601939784,49.83157549933104],[18.13725194949031,49.831438437012544],[18.137449128546354,49.83103176426119],[18.137492131687633,49.8309430510355],[18.13747304128101,49.830917149022575],[18.13699651883191,49.830272436833766],[18.136601064662706,49.829667880816],[18.13639433842037,49.82920462555299],[18.13608413636322,49.82912890047015],[18.136037410240213,49.829117494419044],[18.135733133999526,49.82923776838946],[18.135635242773322,49.82906560970743],[18.135326866705423,49.828523840392066],[18.135379045490488,49.8284405220788],[18.135551359828426,49.82816474828307],[18.135817997654154,49.82773765210986],[18.13586293154888,49.827665564833346],[18.135868787832,49.82765633060967],[18.13592122953306,49.827573117305626],[18.13599078315553,49.82746145336396],[18.136049697638732,49.82736651375746],[18.136049049818137,49.82732396884344],[18.136048484473466,49.827288016921216],[18.13598506768894,49.82706330321906],[18.13588992060545,49.82672280171817],[18.135883744206843,49.82671279433242],[18.135861285251732,49.82667677308101],[18.135845129008693,49.826650856632114],[18.135844215788616,49.82664936078772],[18.13565948161795,49.82635223906491],[18.135883440884417,49.82633029381691],[18.13597824125675,49.82631843628766],[18.13607304158283,49.8263065786819],[18.1362770525189,49.826273302213565],[18.136441497501707,49.82622830367919],[18.136910641915335,49.826099876132986],[18.136936137345423,49.82609292959094],[18.137224196262082,49.82603653348522],[18.137586279918136,49.825957893521],[18.137610847377694,49.82595161619379],[18.137749731734157,49.825916085954745],[18.13788933238785,49.825880415703224],[18.138160314020872,49.82581104514999],[18.138320585561097,49.825770049164014],[18.138724726744783,49.825668251111296],[18.139182999001747,49.825557158193554],[18.14011742637677,49.825314141051344],[18.140331802221684,49.825258883217344],[18.140825970628985,49.82519476498935],[18.14117924450942,49.82516353793528],[18.141586295121375,49.82502164400544],[18.141657876836618,49.82502976450604],[18.141921040863426,49.825016980714985],[18.1418834238535,49.824944542644744],[18.14170535728096,49.82451460059657],[18.14154188902817,49.82412005177058],[18.14142362464876,49.8239138916297],[18.14138955877314,49.82385437996679],[18.14135841277441,49.82380008790095],[18.141299954096183,49.823698219154146],[18.14125325520615,49.823620753150486],[18.14111788153434,49.82339674536061],[18.1409042365052,49.82304312067328],[18.14089217161292,49.823023032541435],[18.140829947879997,49.82292013761782],[18.14085952710779,49.82292524478151],[18.140916796034727,49.82293499091622],[18.140933291823387,49.82293782175629],[18.140941061263597,49.82293916491406],[18.14102573093026,49.82295362382093],[18.14103977130598,49.82295604463412],[18.14103855910851,49.82295263661645],[18.141000371593496,49.82284839750012],[18.140993801360295,49.82284026332266],[18.14098891436347,49.82283411987107],[18.140967100205273,49.82280671001874],[18.14094361497685,49.822777219872854],[18.140872309044926,49.822474717217695],[18.140797943846994,49.82226274269329],[18.14076272062888,49.82216237180784],[18.140729792897933,49.822065650867984],[18.140719845347768,49.82203611622707],[18.140406357653763,49.82111817557407],[18.140319356208025,49.82063301692834],[18.140270700265585,49.820035775830824],[18.139945471308266,49.81940741222263],[18.139841213481155,49.819206104854814],[18.139681928870786,49.8190351586084],[18.139688262248388,49.818990482773856],[18.139693163412858,49.81895637527877],[18.139698423775936,49.81891858787934],[18.139701594209768,49.81889828081644],[18.13967777088728,49.81876940491388],[18.139665685594828,49.818704189973005],[18.139662466901463,49.81868676946753],[18.13963735146297,49.818550961166686],[18.139560072426896,49.818403800101905],[18.139419371326436,49.818135895126545],[18.13948888191556,49.81783912299976],[18.139387846310758,49.817721118640605],[18.13931437037867,49.81763545335562],[18.13949675707536,49.81714184040669],[18.139333524032008,49.81681173721098],[18.139248770599103,49.816640505791725],[18.139258500758054,49.81648122348361],[18.139268090111834,49.816324008949685],[18.139213709806427,49.81611803935779],[18.13918072481183,49.815992975257785],[18.139132347451746,49.815881658419606],[18.13907557233482,49.81575100259275],[18.139050900586007,49.81569427884054],[18.138976911694634,49.815623746113566],[18.13893407700347,49.81558268815214],[18.138898991425393,49.81554928995685],[18.138746109374726,49.815403252846956],[18.138624080744638,49.81528685384399],[18.13856206621326,49.81519281297989],[18.138429506906043,49.81499152162836],[18.138297140540605,49.81479087275183],[18.138232808178817,49.81469336079348],[18.138194158006314,49.81462041053368],[18.13808689687263,49.81441874921613],[18.137992535974725,49.81424128514774],[18.137905424311125,49.814077228534515],[18.137820739117977,49.81391791233283],[18.13780362439341,49.81388571409123],[18.137780402506017,49.81384197808901],[18.13774126801229,49.81376746581545],[18.137667112891812,49.81362616553708],[18.137578864536867,49.81345816319144],[18.1375579134726,49.8134182562982],[18.137460733317848,49.813324384641064],[18.13735268484767,49.813220148867764],[18.1372945971771,49.81316405486556],[18.13716492410861,49.81308765237791],[18.137070763744664,49.81305279555402],[18.13703956152849,49.8130411870707],[18.137029329147445,49.81303744746558],[18.13687633662398,49.8129201006166],[18.136608257276396,49.8127144528396],[18.13651295711642,49.81264171546898],[18.136414182572718,49.812565802472896],[18.136303629452456,49.81248109809083],[18.136201181799454,49.81240244931336],[18.13600659237172,49.812253498130865],[18.13588596403781,49.812160820651755],[18.135803355306955,49.81209530119549],[18.13569493623597,49.812009273231425],[18.135512927457643,49.81186527710672],[18.13532423533757,49.811715034809104],[18.135122389226883,49.811554839584716],[18.135019340907387,49.81147344786336],[18.134896008467265,49.81133594102515],[18.13482018941457,49.811092830037154],[18.134810696698832,49.81095610130697],[18.134801485425204,49.810825525657194],[18.134791555850104,49.810686876812355],[18.134787316994693,49.81061939863958],[18.134770645820925,49.81056646703104],[18.134738689628794,49.810468895409855],[18.134708804499198,49.81037559295045],[18.13468642176674,49.81034318511674],[18.134482805123707,49.810057257336666],[18.134379082153675,49.809910935456124],[18.134322308833244,49.80975058311286],[18.13430798810907,49.809710149338954],[18.13431673685571,49.80951913199558],[18.134321622974564,49.809411107389046],[18.134354106277573,49.8092929172868],[18.134427921951875,49.809019043612594],[18.134464982425634,49.80888252156517],[18.134514504732632,49.80876105723176],[18.134551732514993,49.808669580290186],[18.134679597779698,49.80843830617499],[18.134772923931717,49.80826942008021],[18.134800429946754,49.80821980933356],[18.134856158503972,49.80811015931574],[18.13489747577554,49.80802965449108],[18.13491016195597,49.80790934731887],[18.134996017012487,49.80788606415544],[18.13502776958634,49.807822615248504],[18.13476410438132,49.80775746258748],[18.133993507983067,49.80767281535606],[18.13342177827358,49.80764575786465],[18.13205388009262,49.80767942473939],[18.131335988367113,49.80762880066069],[18.13107173346783,49.807610175960676],[18.130660427254153,49.80757146200547],[18.1304080218191,49.80754773296047],[18.130360935435913,49.807543252193895],[18.130023654066633,49.80751090851294],[18.129695470404155,49.807479351632345],[18.12889096293348,49.807402129126274],[18.12884607890118,49.8073978631666],[18.128405393510118,49.80733211025705],[18.12752471817926,49.8072006387951],[18.12727622768315,49.80716349723326],[18.12692141774688,49.807125725423774],[18.1267319000692,49.807130834506644],[18.126386675588208,49.807106692689686],[18.126083833548776,49.807089833498225],[18.12556191113549,49.80708217576615],[18.125330954161992,49.80707716427426],[18.124856663015592,49.807066887244325],[18.124769341917595,49.80706498952005],[18.12475877579092,49.807064749586594],[18.124582193233845,49.80706291938238],[18.124395126741266,49.80706229766695],[18.124106845811905,49.80706349983496],[18.123745242737197,49.80708192046253],[18.123367577545878,49.80711386675828],[18.123257220211006,49.80711318454],[18.123228973410193,49.807080891610035],[18.122816307829464,49.807094328734905],[18.122617282117787,49.80709961229184],[18.12256021628524,49.80712651016866],[18.122482881907494,49.8071629949829],[18.122442055976567,49.80718224271689],[18.12238689395148,49.80719101770318],[18.122210447725767,49.80721897524936],[18.12217666430136,49.80722436359426],[18.122147327815558,49.80718469786155],[18.12181967993781,49.80719439471967],[18.121643197275926,49.807197980992115],[18.12100319381938,49.807159215597565],[18.120463619697656,49.80719728191885],[18.119937099422962,49.80731271391607],[18.119848931535056,49.807329356551975],[18.11937015191464,49.80738080608567],[18.11898039971962,49.80736105734068],[18.118838127457714,49.80735918604224],[18.118635998627592,49.80729596436297],[18.117960570036303,49.80717718653333],[18.1175536206492,49.80713930563332],[18.117102927661925,49.807157507173464],[18.11692443007023,49.80717180208032],[18.116786542763872,49.80718281346962],[18.116460775010033,49.80721660999625],[18.116196560273988,49.80725309869972],[18.11580290884904,49.80731741430846],[18.115544567257214,49.80736813518392],[18.11550502052028,49.807375901033424],[18.115231938030302,49.80745502397122],[18.11477824998908,49.80757006921941],[18.11413057107893,49.80779482213301],[18.11360117512758,49.80801015489179],[18.112549360370696,49.808380199745436],[18.111468287052315,49.80863818773944],[18.111363076369283,49.80864166875858],[18.11102670786059,49.808673312543235],[18.110810220394562,49.8087227987993],[18.110529966065787,49.808845276276756],[18.11024330631142,49.808912332891055],[18.10924318001871,49.80910208007113],[18.108847540414363,49.80917465406279],[18.108403258550418,49.80926133118921],[18.107916695509193,49.80934099301894],[18.10784256449037,49.80934768711166],[18.10782647081088,49.80934911611503],[18.10772687814581,49.80934614520503],[18.107303625754437,49.80933365420582],[18.10615134731064,49.8093992642078],[18.10589768074182,49.809391927041105],[18.105730908651434,49.80939478018674],[18.105449728789818,49.80945428603042],[18.105001272103912,49.80949576569271],[18.104547269936894,49.80949911049911],[18.104471037136044,49.80949972577642],[18.104147009761125,49.80951644033779],[18.103755289143017,49.80953660266009],[18.103562157849748,49.80954661340086],[18.10334186314168,49.80953693272648],[18.103007603269486,49.809522283346574],[18.10294476224628,49.809527993998095],[18.10267727969979,49.809552443683124],[18.102365324919575,49.80958085339852],[18.102053646556573,49.8096092780801],[18.101748028506154,49.80963723551478],[18.101669935778947,49.80964433148063],[18.10144046041502,49.809665171137105],[18.10139074575015,49.809669734759794],[18.101132996924814,49.80967903210717],[18.100840361275054,49.8096894966065],[18.100720246099392,49.80969383241274],[18.10057425229209,49.80970896570712],[18.100285394470234,49.80973877863238],[18.100111388470463,49.80975682515628],[18.099988823217515,49.809774017159796],[18.099692377919236,49.809815489783816],[18.099440721998494,49.80985067362156],[18.098985759841714,49.80987226421448],[18.098966499010043,49.809874413763254],[18.098745980276338,49.809899099098644],[18.098715514038677,49.80992308248821],[18.09848541055892,49.810103994165004],[18.098268896340453,49.81027421893336],[18.098153912311396,49.8103278540184],[18.097403740068287,49.81067735907498],[18.097365275083533,49.81064952988781],[18.097360500609703,49.810641585500676],[18.09734270928997,49.81061249997858],[18.096014237619116,49.81092545125866],[18.09582806390638,49.81093142454336],[18.09528641350992,49.8110373130928],[18.095118092491234,49.811106671954924],[18.095040650250645,49.811138621254884],[18.09412364098992,49.811516664740395],[18.093808902551732,49.81175852986612],[18.09385198476572,49.81180566810978],[18.093782210828063,49.81186829059694],[18.094216892404692,49.81218158351459],[18.093821896472292,49.812454514804735],[18.093513863060192,49.81265127350382],[18.09320525463223,49.81283382846009],[18.09320763992042,49.812999313944786],[18.093207772831036,49.813013672259935],[18.09339995970221,49.81299947188983],[18.092612661498034,49.81360920377447],[18.092457952466884,49.813713634663046],[18.092376671231552,49.813768558978815],[18.091479573808865,49.814189241259015],[18.09079867787859,49.81450250503896],[18.090357836240887,49.81472271397005],[18.090278804562985,49.81476215128551],[18.090350485007793,49.8148491039411],[18.09035782731866,49.81485764670297],[18.090564312462973,49.815098429599196],[18.090689564729743,49.81524458345569],[18.090765972485602,49.81533370133493],[18.09086032566171,49.81544361094826],[18.090881494320605,49.815468377736615],[18.09091710993694,49.81555182449767],[18.090966248449053,49.81566700202396],[18.091019094493717,49.81579078523952],[18.091151866723095,49.81595135787786],[18.09120743395049,49.816301478510205],[18.091229429882095,49.816382522081895],[18.091274304833988,49.816548360163765],[18.091308023252623,49.81667330635025],[18.091536091008276,49.817141321408464],[18.09176152577488,49.81757245097933],[18.091782652929187,49.81767826508988],[18.091794512347562,49.81773751898759],[18.091904836623407,49.818290504288015],[18.092272316242717,49.82010931117423],[18.09253589142358,49.82151521393764],[18.09262487321126,49.82196814716797],[18.09282966633314,49.82300966567855],[18.09292333397265,49.82312576059106],[18.093118193726852,49.823367224999664],[18.093118730647948,49.82341337633947],[18.093119352524116,49.82346503812953],[18.093120929993415,49.82361089120515],[18.09312132543205,49.82364683556343],[18.093118483216067,49.82373205508941],[18.09311018815017,49.82399214940938],[18.093100063448574,49.82430755617146],[18.09297297686941,49.8251200885359],[18.092973977042853,49.82513422555357],[18.092977425257597,49.82517846729369],[18.092980177962747,49.82521553910478],[18.092983723668688,49.82526213305853],[18.09292446096455,49.82534367823141],[18.09279200625136,49.82534919869365],[18.092323098988224,49.82536862160651],[18.091757475156374,49.82528097901238],[18.091685070929046,49.82526971192747],[18.09136683019967,49.82513897940949],[18.09142322591085,49.82523173557298],[18.091656809000664,49.8254971663454],[18.09172214122221,49.82557147917649],[18.092025301572694,49.825892420291474],[18.09219583519548,49.82603312420883],[18.09257326109603,49.82620866240949],[18.092878546478193,49.82635056466273],[18.093249698944838,49.82652303433943],[18.0935962798965,49.8265259531479],[18.09396674352123,49.826654426547115],[18.094198468260235,49.82678436154987],[18.09510530213494,49.82729275152674],[18.095141071357013,49.82738847913141],[18.095149441678984,49.82741097940894],[18.09518531285411,49.827506983572775],[18.09518638512712,49.82755433859035],[18.095003834840245,49.827669278890056],[18.095005951210258,49.82768546519403],[18.095012654549226,49.82773449560919],[18.096681809968782,49.82866357675368],[18.09697965864851,49.82880495175977],[18.09700490800856,49.828834642986365],[18.097509012627857,49.82912813716658],[18.09795425078643,49.82969878120503],[18.098056319224142,49.829694137332986],[18.09823758369647,49.8296858002717],[18.098348700475352,49.829736547547576],[18.09847370297036,49.82978574056694],[18.09873519752498,49.82973441730528],[18.09895424234587,49.82974574469196],[18.099270581580146,49.82968717085587],[18.099460664783017,49.82964792650737],[18.09961543071082,49.82958834486102],[18.09978161583002,49.82957598606956],[18.099804603036503,49.82959977117498],[18.09981442917034,49.82961161370537],[18.100283903381552,49.82968343848949],[18.100998766967642,49.829913127000985],[18.101150947744774,49.83000348926315],[18.1012059600032,49.829993992006585],[18.101448069959417,49.83017080345593],[18.10144753971369,49.8302156297067],[18.101563856354645,49.8303142344164],[18.101631465703946,49.83060329538166],[18.10157382003802,49.830747753624784],[18.10159110382711,49.83077346929746],[18.10160210780508,49.83078998180033],[18.101600536421003,49.830850633429925],[18.101631640290886,49.83097659787844],[18.101782278547844,49.831124363109545],[18.10181040263476,49.831151419120346],[18.10182954982728,49.83115323334704],[18.102049701987937,49.83117490669964],[18.102188342202957,49.83118859091395],[18.102265805991475,49.8312815488776],[18.10229267829815,49.83128606000802],[18.102388582210164,49.8313020898609],[18.102455012600743,49.831278441487825],[18.102526141988665,49.831253075495184],[18.102549311553982,49.83124483002163],[18.102641399303778,49.831212085169476],[18.10283595737077,49.831341685504725],[18.10313731013019,49.83133576702846],[18.10341422448061,49.83124298332339],[18.10367129091485,49.83125998964231],[18.103989632749897,49.83122769080467],[18.104200621825314,49.831328892996986],[18.104224062397304,49.83134015756302],[18.104356308211052,49.83136800545741],[18.104454498035768,49.831388766876344],[18.104553921819534,49.831409688820166],[18.104565559905392,49.83140926935087],[18.10472111844227,49.83140324694524],[18.10475113800419,49.83140207042363],[18.10496899966723,49.83139346269474],[18.105154752706074,49.83138600234854],[18.105467100961057,49.83133214810584],[18.105855932363355,49.8313877088259],[18.10616936744293,49.831408825504305],[18.106198898917857,49.83141123094963],[18.106276164557848,49.83141762095521],[18.106458150590846,49.8314326878116],[18.106814415414597,49.83142312091559],[18.10686790257702,49.83142174715766],[18.106986364304476,49.831418661526406],[18.107091623217467,49.831388559393666],[18.10736054178633,49.831428164720144],[18.107497941227553,49.831416139733555],[18.10773487796239,49.83139552723848],[18.107777948087172,49.83139175431833],[18.107964834979526,49.83135547296726],[18.108196443864113,49.831310458192796],[18.108361842446826,49.83127827666042],[18.10845299705274,49.831260546673576],[18.10857462592799,49.831274156375336],[18.108610925180706,49.83127604432783],[18.1088527179469,49.83126996643711],[18.108872320998803,49.831269458877095],[18.10898730285004,49.831276552139485],[18.109090422674875,49.83121193978005],[18.109179375936183,49.83120319943803],[18.10931788479831,49.831186091141795],[18.109505502219392,49.831164921425454],[18.10954120957677,49.8311609088855],[18.109653865443345,49.831148193698915],[18.109754622876416,49.831136786088685],[18.109869265757336,49.831123822895286],[18.109961231672987,49.83111344854658],[18.110143598738937,49.83099044349039],[18.11032210526019,49.83101568530987],[18.11045243730783,49.83103403079864],[18.110457520684694,49.831071504830675],[18.110700020499504,49.83115860507297],[18.110860121423865,49.831181714491336],[18.110902645157235,49.83117682628419],[18.111033302166973,49.83102163224024],[18.11115171802728,49.8309737741664],[18.11163609895485,49.8310090359671],[18.111713696487236,49.83099350972724],[18.11188382694285,49.830959336611045],[18.112201401922185,49.83092029352386],[18.112534012267666,49.830832286063504],[18.112502127527392,49.83065240047328],[18.112571288067883,49.830627097132236],[18.11270874493829,49.83066895072814],[18.113137056919935,49.830642529288966],[18.113239971399256,49.8306726678543],[18.113226447900573,49.83081612239696],[18.113369505549432,49.8308209292619],[18.11346634411361,49.83062915004612],[18.113724781483537,49.83062888380234],[18.11389280739583,49.83070550920634],[18.11387460384361,49.83093976264452],[18.11397820570795,49.831014073408355],[18.11427953469076,49.8310574936202],[18.114276486399774,49.831099378002136],[18.114268007356173,49.83121911235044],[18.114225026581185,49.83182208283392],[18.114152418577707,49.83284168921488],[18.114274888386944,49.83284505170909],[18.114971069713945,49.83286410750158],[18.115041750211336,49.83296506273717],[18.115054586752333,49.832990703276764],[18.115092468432213,49.833065062053045],[18.115120481366088,49.833087866134356],[18.11515451010214,49.833113629990784],[18.11528475691307,49.833215719487775],[18.115381721808916,49.83329578792032],[18.115444527231272,49.83334900203639],[18.115755562293508,49.83361246484134],[18.115782594433906,49.833635303149116],[18.11594619334754,49.83375174496931],[18.116032052266824,49.833812949534746],[18.116192002468196,49.83392647567848],[18.116206393790037,49.83393659079384],[18.116550299030187,49.83384154264992],[18.11681529591414,49.83377368163235],[18.117118282925084,49.83371682674268],[18.11716110057888,49.83370978684317],[18.117417413006223,49.83368114150843],[18.117694303672604,49.83367559796884],[18.117777768562842,49.83368260360825],[18.11793014377737,49.83370616559186],[18.117996408658485,49.83371652450626],[18.11805893383499,49.83372360200814],[18.11829672116444,49.83376447819901],[18.118394229919264,49.83379647011689],[18.118481190017356,49.83382497369495],[18.118660007406703,49.833896248395135],[18.118781695271828,49.83395975992553],[18.11882981320431,49.83398659488543],[18.118918596580524,49.83403966024808],[18.119066910530872,49.83416082324443],[18.119109587438494,49.834214334002326],[18.119162248610145,49.83422725763014],[18.119445936109255,49.83429899149123],[18.119646901370935,49.83435004433806],[18.119650277729033,49.83435086816808]]]},"properties":{"id":"obec-500291","code":500291,"name":"Vřesina","count":964,"kind":"Celá obec","parts":["Vřesina"]}},{"type":"Feature","geometry":{"type":"Polygon","coordinates":[[[17.976631318266268,49.73739832663239],[17.976603516723372,49.737938428889656],[17.976603671030716,49.73801065533565],[17.976604823165466,49.73843635404122],[17.97660498348101,49.73850451859119],[17.976516338675875,49.73870887728937],[17.976493414797247,49.7387777737936],[17.976396729543282,49.739067241881706],[17.976336880872843,49.73924673753524],[17.976257769119734,49.73948378804774],[17.97622682411423,49.73993903208033],[17.976223181151894,49.73999343436662],[17.976267250036024,49.740099542468585],[17.976199310087278,49.740153540461485],[17.976195396262355,49.740156652594415],[17.976174819160295,49.74027190488632],[17.976165110335938,49.74032685663819],[17.97619059805589,49.74035199213347],[17.976229924283256,49.74039084237062],[17.9761996659002,49.740445319593206],[17.97623851666346,49.74050869605493],[17.976179995240003,49.74059321277771],[17.976133152804675,49.740660806614024],[17.976109604055075,49.740857762339665],[17.976147368624694,49.74089381347932],[17.97623337664862,49.740975733658786],[17.976220166268547,49.74105593812958],[17.976209020204752,49.741123263679846],[17.97613450299824,49.7412357358693],[17.9761315020964,49.74131463917257],[17.976070109896522,49.74138770473413],[17.976088087458287,49.7414680102586],[17.976050984998007,49.741688369478005],[17.976153534308484,49.74177657892314],[17.976100160698696,49.74192341212377],[17.976164995821353,49.74199931482976],[17.976160243659837,49.74204363232838],[17.976125773836248,49.74236254100913],[17.976110513569335,49.74237113088316],[17.97599450492824,49.74243623154414],[17.976001920342956,49.74255654422997],[17.97588438057532,49.74263067309389],[17.97596850090989,49.74269307490279],[17.975919475535573,49.74274023047512],[17.976019544298914,49.74287045231796],[17.97590897400753,49.74303796696934],[17.97609439443182,49.74308108191823],[17.975956607160484,49.743234915290174],[17.976063724740076,49.74352225912662],[17.97610698331156,49.743638249665],[17.976158632076782,49.74377711611417],[17.97635877602885,49.74404559337459],[17.976468018604937,49.74442513727318],[17.976590136157945,49.74480326405374],[17.976738896936546,49.74490084322334],[17.976763147367922,49.74502132337658],[17.976882095343576,49.74508475897949],[17.976897263950455,49.745143145112124],[17.97695838137262,49.74537852080988],[17.976968751013846,49.74546750036583],[17.976989834683046,49.74566407543885],[17.97699084137447,49.745672890385855],[17.976965804045847,49.74606646074066],[17.97710502665409,49.74624391567348],[17.977173274397625,49.746443958640725],[17.977076962982146,49.7466763972718],[17.977073409271256,49.74668494670701],[17.977148537435657,49.74678211966823],[17.97720672423815,49.74676636968261],[17.977390673052014,49.7478842574343],[17.977530274486167,49.7485965910979],[17.977798300568498,49.7491051650338],[17.978111723926602,49.7495466007036],[17.978546225462985,49.749967910653666],[17.979098358429933,49.75042513169038],[17.979285004845092,49.750537007236865],[17.979338765612376,49.75056929343005],[17.97954198809013,49.75069125051449],[17.98075558750034,49.75193096574073],[17.98209145095358,49.752761357441265],[17.982061337807828,49.752798692992485],[17.982323363382218,49.75316102510026],[17.982532309064773,49.75344994820382],[17.983172835498163,49.75431958654701],[17.98321804944813,49.75429594736072],[17.983853951630604,49.753963089995814],[17.984526770317586,49.75359500430676],[17.984579235756296,49.753566279827126],[17.98501869717082,49.75338005794242],[17.98521594839088,49.75343666168767],[17.98532181077654,49.75344389984386],[17.98541650254556,49.75345030790933],[17.98559053185945,49.75369269110763],[17.985691591214984,49.75361389292617],[17.985798945327005,49.75349366550815],[17.985868931021656,49.75336458559055],[17.985920008282104,49.75327042422194],[17.98596786757042,49.75318239467845],[17.98601163019652,49.75310784803873],[17.986161075843057,49.7527963474702],[17.98638490325514,49.75233002441182],[17.986854381083084,49.75248531845178],[17.986873162314225,49.752491555569094],[17.986903672298347,49.75250163390565],[17.9869513669884,49.75251740518411],[17.986936701276274,49.752535780244614],[17.987470848161585,49.752677859818824],[17.987563976870128,49.75270259046828],[17.98861602960482,49.75284145536526],[17.988909419318947,49.752898042865695],[17.989109300366326,49.752948744651476],[17.98915192439649,49.75295988736082],[17.98932656041523,49.75302789793942],[17.989503581610876,49.75305452269069],[17.990205767341465,49.75311003484203],[17.99111945382294,49.75319976463204],[17.991306317622016,49.75320863358902],[17.99167293837266,49.753254573250196],[17.992104009017446,49.75326670299278],[17.992452829996815,49.75328118547132],[17.992806568437956,49.753317526887585],[17.993127026336506,49.75336682895673],[17.99318683226635,49.75337463499332],[17.993381833420397,49.75340022162608],[17.993736627020457,49.75342290047186],[17.994094025449197,49.753415669790144],[17.994681616291736,49.752490585395066],[17.99525878249312,49.751458376096096],[17.995336615730277,49.7512088771685],[17.995464349734384,49.75102266539554],[17.99448195825075,49.750759091176576],[17.994420027318174,49.75074249636331],[17.994384832135463,49.75073305064842],[17.995012801156154,49.74967589941571],[17.995640743294388,49.74861874443644],[17.995581409001694,49.74855518024789],[17.995592787854925,49.74843460917083],[17.995268168167318,49.747751740326805],[17.99530707206696,49.74743011255958],[17.995319999933226,49.74708477027144],[17.995320142584223,49.7470807164305],[17.99532275538021,49.747011450956],[17.99526377952158,49.74672972602757],[17.995333009646036,49.746616937085626],[17.99540077476697,49.746506680868826],[17.99545479175717,49.74629335112657],[17.995562832974834,49.74613461167141],[17.995691179676562,49.74584110535639],[17.99574393601049,49.74572049930974],[17.995774556919468,49.74567434410485],[17.99597889325477,49.74545286131288],[17.99599780928695,49.74527071266614],[17.996010130995998,49.74515136973894],[17.996013175670132,49.74511625117053],[17.996013421304824,49.74511346708009],[17.996015506203452,49.745088312692346],[17.996018355955282,49.745068709144746],[17.996018937887587,49.74506450026874],[17.996030986699118,49.74498440868537],[17.996041174259243,49.74491576352345],[17.996044577564764,49.74491532922898],[17.996071853532108,49.74491149666743],[17.99611247870755,49.74490582131734],[17.996431972446192,49.745112852504384],[17.99645085075978,49.74512441973052],[17.9968008117114,49.74533881517738],[17.99680271051368,49.74531500403816],[17.997088890959834,49.745507100401184],[17.997310465527207,49.74566069211068],[17.997464135147567,49.745101276929056],[17.99751666613976,49.744909705650684],[17.997560070670968,49.74475190692057],[17.99759613746228,49.744679438044024],[17.997976201466443,49.744669001548935],[17.998015353885464,49.7446497899706],[17.998525436035948,49.744399109337905],[17.998694105463155,49.74434182847515],[17.999747937648145,49.745043262543525],[17.99969600784318,49.745067239651384],[17.999907983469214,49.74525908476489],[17.999750660822528,49.74531892151896],[17.999801357122404,49.74546214121512],[18.000059271524556,49.74565322128325],[18.000614779984396,49.74545788447022],[18.00088978732526,49.74561601313796],[18.000960971844158,49.74559685360259],[18.002539382227056,49.74517153664711],[18.004081446123827,49.74475600773533],[18.00411776521141,49.744746198417815],[18.004197444745735,49.74472400921032],[18.00429363265316,49.744697270861806],[18.004276089789254,49.74467097840388],[18.0039146375269,49.74412907804935],[18.00496691184157,49.74386467887819],[18.005081771695878,49.74383586326268],[18.005336406615402,49.74394685341931],[18.005947877535327,49.74421357232365],[18.006091070591026,49.744136931261906],[18.0063602163219,49.744326481181005],[18.006472281663655,49.74439661675883],[18.00692120956015,49.74455226521011],[18.006805016824103,49.74460889827673],[18.00703158842713,49.74471031390677],[18.007432161238285,49.744889334992955],[18.007685254135083,49.7450024866747],[18.007749191309816,49.74500754637382],[18.00789846877725,49.745050319413494],[18.008236469678224,49.74517001553228],[18.00842842923247,49.74507814426462],[18.008445883436025,49.745069767892275],[18.009576156035788,49.74452875351526],[18.01163359494585,49.74356843715029],[18.013689846868,49.7427666204589],[18.013877705970174,49.742955867732654],[18.014018934584083,49.74316407861413],[18.01409047344436,49.74323420665723],[18.01438890667093,49.74352671259429],[18.014971576568485,49.74414303468109],[18.015196642319083,49.744364582530224],[18.015602951989614,49.744676960151054],[18.01578697525381,49.744842602063294],[18.016078582258984,49.745103926039484],[18.01622369930913,49.7452203759953],[18.01657709769908,49.74548518488257],[18.016605211755575,49.74547525796607],[18.016622481951135,49.74546921674704],[18.01680869753284,49.74540778124904],[18.01684372889446,49.74539617850656],[18.01691053704401,49.74536222337455],[18.016916672202537,49.7453591483194],[18.017250987917777,49.7451893880633],[18.017765198846377,49.74495953941959],[18.01809194963695,49.74480621920421],[18.018531393227008,49.74459930149423],[18.018998840002066,49.74437513688038],[18.019335444257695,49.74419674798071],[18.020158842429147,49.743695112833045],[18.02038078021076,49.74401837967962],[18.020427150565276,49.74407612492456],[18.0206878581133,49.74440009919997],[18.02072329162737,49.74444421320559],[18.02094970460838,49.744581336669576],[18.021477042806765,49.74487289022691],[18.02153625893778,49.7449031244416],[18.021732132940986,49.745003095260174],[18.022018070544224,49.74515106088876],[18.022100361085645,49.74522008988013],[18.02229162135342,49.74529794828461],[18.022403728306255,49.74535985525238],[18.022475816739064,49.74541294862102],[18.022551230024792,49.745474267925125],[18.022630054882804,49.74554824122523],[18.022819893151226,49.745658692840195],[18.02310593549159,49.74582516601255],[18.023180453849786,49.745879843622234],[18.023312190534426,49.74597826903422],[18.023433265859413,49.74609747092781],[18.023530990439184,49.74618291689677],[18.02363346141297,49.746272338113904],[18.023714247901683,49.74636547009374],[18.023786543464063,49.74643933568113],[18.023918718494652,49.7463656477991],[18.023944659418238,49.74635126075948],[18.023968499606617,49.746330884950325],[18.02461295711777,49.74578114237561],[18.02471757382774,49.74569006396755],[18.024763796932234,49.74564976944855],[18.02496509558906,49.745474645739336],[18.025013800127173,49.745427453829876],[18.02508498391255,49.74535863378266],[18.02530864034307,49.745116199786494],[18.02546358090877,49.74493072298615],[18.02579433173744,49.744414202545556],[18.026001191624346,49.744130808810525],[18.02622883452984,49.743649850111495],[18.026439399005493,49.743186679374766],[18.027167660778545,49.742395885315744],[18.02704868368788,49.74243856516452],[18.02670439153564,49.74253953261029],[18.02604448413049,49.742771917238464],[18.02445863509204,49.74327689966115],[18.024077023577135,49.74339186003929],[18.02405483916275,49.7433961738633],[18.024011621868713,49.74308180472751],[18.024070084756286,49.742440683062156],[18.024098346727023,49.74212918304166],[18.024105542267858,49.74205061598753],[18.02417355725306,49.74153434332867],[18.02427816286272,49.741116500580006],[18.024430117480644,49.74050849613821],[18.024596302580253,49.73984363412129],[18.02463966350823,49.739670302201326],[18.02464221136052,49.73965988834297],[18.024630392391717,49.739456376286924],[18.02463174094313,49.73916733082077],[18.024616618211926,49.73875511214786],[18.024697241075234,49.738435536617814],[18.0247229263464,49.73833393742953],[18.02475537621906,49.73817712521739],[18.024814322141115,49.73789258339741],[18.024854672879886,49.73769759393816],[18.0248695478123,49.73759762633925],[18.024873571634092,49.73757041798375],[18.02488678949784,49.737480464417374],[18.02488730371051,49.73722377624232],[18.025053941021987,49.73673459848946],[18.02513902201047,49.73648478573542],[18.025197312623366,49.736244436479296],[18.025226416467167,49.73613012676971],[18.025247911267815,49.73591527155972],[18.02526818766032,49.73576795550784],[18.025290321777604,49.73547559830665],[18.025283201355222,49.73537453944262],[18.025267255418452,49.73514939540937],[18.025271573266846,49.73512915456196],[18.025304810605537,49.7349868304033],[18.025248928343146,49.73492131540482],[18.025253956652783,49.734816987217],[18.02526447780418,49.73459382477584],[18.025265061684873,49.73458654694515],[18.02527312326051,49.734470298412184],[18.025303106026673,49.734370843210215],[18.025335678255306,49.734262691603824],[18.025360368109247,49.73418044206964],[18.02536604857515,49.73400357725703],[18.025373149904897,49.73378400823479],[18.025479013317234,49.73341552298489],[18.025481327321963,49.73337341202433],[18.0254481387967,49.733095457860486],[18.02543929132588,49.73305450686433],[18.025400129761618,49.732874597853225],[18.025404657501706,49.73285788953127],[18.02542779433422,49.73277275192352],[18.025450931087487,49.732687614308475],[18.02547587040746,49.73259544985506],[18.025846190627178,49.732359511489065],[18.025931092205703,49.732295095569],[18.02609460935065,49.73226456148362],[18.02612705666888,49.73225849399329],[18.02625580488769,49.73218207997124],[18.026294957205913,49.73211817817512],[18.026372699176402,49.73199142522537],[18.026405586070673,49.73193763209356],[18.026388850751413,49.73191554219636],[18.026376236352725,49.73189892600087],[18.026333025294463,49.73187088236406],[18.026289801962267,49.73184292826495],[18.026242933507476,49.73177062306226],[18.02623619106241,49.731593942672156],[18.026298737301026,49.731519929564776],[18.026347975435087,49.73146166580772],[18.026369074190512,49.73077803325804],[18.026423287276096,49.73068259650565],[18.026497619122654,49.730621089656566],[18.026504059910266,49.73061577523374],[18.026530461934936,49.73059392260954],[18.02653481523207,49.730534959429434],[18.026512595068844,49.73052338439734],[18.026446173988735,49.73048894391292],[18.026444475804798,49.730483068671724],[18.026411835492386,49.73037213953953],[18.02626956795528,49.73034342366572],[18.026196405026454,49.73032863240625],[18.02587542564267,49.73020310779149],[18.025872372556,49.730192911663366],[18.025854900516876,49.73013367943416],[18.025817473641297,49.73000694739893],[18.02571886670071,49.729957466462906],[18.025665325885928,49.72993063047831],[18.02553159828652,49.72994004861146],[18.02551807073198,49.72993412119703],[18.025438765704774,49.729899205844255],[18.02541525597678,49.72988891000045],[18.02539961928503,49.7298639046014],[18.025357765206344,49.729796672886515],[18.025346368470267,49.729784369459736],[18.025268291479925,49.72970005881185],[18.025134659816846,49.72955295946756],[18.024836116249073,49.72940814807992],[18.024660510156465,49.729281728947925],[18.024677649294897,49.72903376426072],[18.02434582814122,49.72896483683197],[18.024203844369687,49.72890779072822],[18.02420276868293,49.72885591532686],[18.02420199078259,49.728822110523126],[18.024071009879336,49.728707388171955],[18.02405541239935,49.72853642320272],[18.024048976860694,49.728465823328804],[18.023971000701472,49.72843847577023],[18.023992939253354,49.72824873986739],[18.023850545006187,49.72815321571115],[18.02366248068122,49.72811634097274],[18.023578694053747,49.728099850118426],[18.023556559956592,49.727945025687006],[18.023544417743228,49.72785721570186],[18.02355263161165,49.72769638370905],[18.023462130414774,49.72752433534646],[18.02343371439467,49.727500124881175],[18.02332162462442,49.727404998805724],[18.023289067419718,49.72735725985097],[18.02323532200867,49.72727832655953],[18.023241717712807,49.72726524674045],[18.023277469998558,49.7271926640435],[18.023307050953168,49.727132542271214],[18.02321976904807,49.727064577171745],[18.022804102405342,49.72741667428458],[18.02259505991947,49.727370369703124],[18.021705923862516,49.72717341714256],[18.021954055926535,49.72698738063102],[18.02160545585835,49.726875589525704],[18.02086666943187,49.72650101737457],[18.02030269231786,49.726215089409486],[18.02003808777495,49.72608089336179],[18.01991502086159,49.726031164472666],[18.019866894885524,49.72601258227798],[18.019815199403137,49.725992619989206],[18.019799601466204,49.72598657196907],[18.019695682745784,49.72594643621882],[18.019648097175075,49.72592797546915],[18.019627999744536,49.7259202227162],[18.01912825488266,49.72572710000587],[18.019105101220077,49.72571727462707],[18.019058002070846,49.72569730721688],[18.01885985205192,49.725613442603425],[18.018755120889956,49.725569106580146],[18.01857816423637,49.72549414100079],[18.017585940970914,49.72502597968352],[18.017514160835812,49.724992125633094],[18.01703026348906,49.72474069469832],[18.016198387683964,49.72430852362629],[18.015901096801024,49.72415400926493],[18.01567983835141,49.724026735335585],[18.01496190327331,49.723613609891714],[18.014072016947345,49.72310151367885],[18.01311369048716,49.722576958881355],[18.012903876463316,49.722360705371536],[18.012834878540172,49.72228954782097],[18.01272002958476,49.72217123113846],[18.01273982363531,49.72214177709152],[18.012328840795497,49.72167086299639],[18.012054360129845,49.72149752894216],[18.012043596796588,49.721490766947554],[18.012038353260888,49.721487393954526],[18.011981983947148,49.72145190146834],[18.011972377373457,49.721445838380525],[18.011965977107927,49.721441766470576],[18.01189400313092,49.721396252508264],[18.011697743567744,49.72136754721458],[18.0116381266035,49.721452555359946],[18.011465684662276,49.72149952102277],[18.01120962459112,49.721482424004996],[18.010989727108917,49.72145550692672],[18.010988506772325,49.72139468542358],[18.010987834588395,49.721359170900506],[18.01087138951684,49.721308009578884],[18.010821256788184,49.7212868695825],[18.010776389935163,49.721267930421156],[18.010728920664093,49.72126382499412],[18.010644040860875,49.721256377649276],[18.00993878590246,49.72091643675289],[18.009902749829685,49.72089909235044],[18.009917832432624,49.72088967604237],[18.00946729804717,49.720687624103],[18.009403577200704,49.720659015776896],[18.009025331305686,49.72049716999161],[18.008987075739267,49.72048077981225],[18.008924161746567,49.72045339146497],[18.00833594445482,49.72019677311842],[18.0076539891188,49.71981935176709],[18.007330148070885,49.71966489730724],[18.007296749287587,49.71965266972766],[18.006932392338424,49.719519424594175],[18.006874847240358,49.719494512829975],[18.00639571314905,49.71928699741609],[18.00569349760243,49.7189385376571],[18.005200417895338,49.71871612569823],[18.00463057390287,49.718541523695166],[18.00387458339739,49.71835485398149],[18.003349736108813,49.71815893466294],[18.002821723433257,49.71800715141569],[18.002561955855274,49.71790207691293],[18.00253255251356,49.71789016997303],[18.002435875016648,49.71786939378862],[18.001428835807694,49.71765279066049],[18.001225336610574,49.71756271413721],[18.001084721396467,49.71744171426954],[18.00093135269192,49.71724974387251],[18.0008210338403,49.71712914826917],[18.000777721976835,49.71708186003922],[18.00027349834697,49.71701602803117],[17.99988813033237,49.716378915255575],[17.99980074602312,49.71613462599021],[17.999777897063304,49.71605007034597],[17.999768484569344,49.71601540175456],[17.999760100296776,49.71591381248715],[17.999757022431094,49.71587662305652],[17.99976838406967,49.71577419434888],[17.99977215616068,49.71574083290822],[17.99977757301954,49.71567741676927],[17.999788444335145,49.715628941081285],[17.99982272574109,49.71547647949663],[17.999859593837407,49.71531234271844],[17.999874694723726,49.71524533643399],[17.99992571710625,49.71501802000708],[17.999967375410225,49.71488774180337],[17.999986307857075,49.71480407747823],[18.000010166568188,49.714698853826036],[18.000032630769585,49.71433456436934],[18.000024575877468,49.714216474768854],[18.00000211331481,49.713793428663635],[17.999965626066395,49.713146330115876],[17.99990042577348,49.71237651180203],[17.99988094113347,49.71214663580007],[17.999868278327927,49.71153973623629],[17.999867558716048,49.71150764853132],[17.999889040208355,49.7112321274827],[17.999891156818343,49.71120571094987],[17.999896680266094,49.71114555064766],[17.99989990155543,49.71110710205313],[17.999902887880765,49.71107035494823],[17.999905006546644,49.71104493150604],[17.99989093704385,49.71105205829815],[17.99987432796302,49.71103322034024],[17.99980222969463,49.710951491588894],[17.999780927370345,49.71092732594898],[17.999764318373884,49.71090848797439],[17.999575216221864,49.71069421819929],[17.99939687065094,49.710563350516196],[17.99923869811386,49.710505148113114],[17.998778753388272,49.71044476541557],[17.99799411142082,49.710453444629266],[17.997903344622372,49.710454491334026],[17.9978119122815,49.710449270647906],[17.99777447572956,49.710447186350606],[17.997732486044804,49.71044682351247],[17.997669344866754,49.71044640553321],[17.997569787351072,49.71044558728774],[17.997127584803884,49.710442196299105],[17.996957481973972,49.710410920354455],[17.996923137425423,49.71040459215037],[17.99682117148771,49.710385940314865],[17.996729672522605,49.71036004293485],[17.996694327231758,49.71037405767312],[17.996404007771176,49.710423991075764],[17.996134815237358,49.71049329569027],[17.99537232641624,49.710709332593325],[17.995070805037226,49.71073956484245],[17.99493568375371,49.710738212383426],[17.99486575071533,49.71073757877306],[17.994615062225787,49.71040300056841],[17.994060601379708,49.71034866083213],[17.99373356789643,49.70983731587681],[17.99362848256504,49.70967305330741],[17.993535294555866,49.7095778172397],[17.99348710970297,49.7095286172295],[17.993263644217173,49.70930033174688],[17.99333350642565,49.70905975820578],[17.993533754533484,49.708950434711774],[17.993559752205066,49.70875226640562],[17.993561631605406,49.70873766147474],[17.993283884811152,49.708756090816784],[17.992384401243278,49.70880319089689],[17.992272370422945,49.7088090450323],[17.9920437334183,49.70879141966973],[17.99204968404417,49.708844032628825],[17.989371373417118,49.709002614465795],[17.987355403321356,49.709108587647535],[17.9867076683909,49.709098705393835],[17.98517016477354,49.708917701439766],[17.983638707630394,49.70873531339948],[17.983382552283427,49.708749560003874],[17.982971577401635,49.70887259828117],[17.98276184883441,49.7090150247042],[17.98179112021817,49.70998670791205],[17.98174311120624,49.71007003230409],[17.981648855613873,49.71065023058783],[17.981637650935085,49.71071908781797],[17.9816936029519,49.710765405497966],[17.981819133785446,49.71086921546622],[17.981854231243407,49.71089825035996],[17.981979511361494,49.71100186496795],[17.982018443584092,49.711063530784216],[17.98204145817476,49.71157698479949],[17.981971551335096,49.71162139089144],[17.981924557156688,49.712178974170556],[17.981990372265727,49.71319972158894],[17.98258846492354,49.713842071446635],[17.98330378034644,49.71435077720498],[17.983815946230447,49.71472100272913],[17.984440204286226,49.71527720914086],[17.985054366135294,49.71586622427585],[17.985594991801403,49.71634588039102],[17.985980238627242,49.71643329063008],[17.986217803874435,49.71655868777607],[17.987884222637742,49.71774375642401],[17.988152565763144,49.71793458026813],[17.98909409036436,49.7186345940168],[17.98953580022527,49.71885851451718],[17.989658935047494,49.71890340771705],[17.990090907429217,49.71906086176833],[17.989947867517888,49.71920013813061],[17.989745432877566,49.719294707008224],[17.989500615301626,49.71930412285357],[17.98952977957374,49.71943752414272],[17.989335878169147,49.71947039181761],[17.989415146681345,49.719689485167976],[17.98921630944012,49.719789227384425],[17.989156928961975,49.71994672779951],[17.989025745383305,49.72003045384678],[17.98887334989622,49.72005715872581],[17.98870293271965,49.71998667665221],[17.988250959443924,49.7201569124735],[17.988229971269853,49.7201727531193],[17.98817521922811,49.72021425312979],[17.98808642690236,49.720281396390924],[17.987766976175113,49.720523249787604],[17.98771372094559,49.72071694367699],[17.987577749167574,49.720786939452296],[17.987488615831285,49.7207649648147],[17.9870612981107,49.72087768355758],[17.986769204048343,49.72104755482131],[17.986695522862565,49.72118255751374],[17.98676663778122,49.72128644395237],[17.986734850338795,49.721460804505064],[17.986636782256255,49.72154564213842],[17.98659690462397,49.72154503764716],[17.986621519487283,49.72160361120814],[17.986564951503127,49.7216561986312],[17.98654341824745,49.72189127632812],[17.986589897206176,49.72203534481151],[17.98660391140784,49.722077955605066],[17.986479048160366,49.72220447448875],[17.986508844926814,49.722267863039086],[17.986469488238747,49.722416417018025],[17.986393091001002,49.72254385938408],[17.98643032170625,49.72271853350819],[17.98648043413767,49.72277497936623],[17.98650823985824,49.72292419031278],[17.986652228077418,49.72299151290003],[17.986489842553677,49.72311648122272],[17.986443265481483,49.72339668204461],[17.98641763847278,49.723452062256264],[17.986511892048203,49.723636281863975],[17.98664719039396,49.72369497443508],[17.986754049122283,49.72368448977163],[17.9867915076183,49.724024553658296],[17.986755584872263,49.72448736086317],[17.98677856823874,49.724780093025856],[17.98685342131505,49.72487210002688],[17.986989594423513,49.72487821474578],[17.98690640854727,49.72500941510635],[17.98676776380452,49.725128814010375],[17.98685816905204,49.72528654020935],[17.987057403370272,49.725355179318],[17.987032444753158,49.72556369832912],[17.986984503550442,49.72581150265083],[17.987132770167825,49.7258650808336],[17.987153909922508,49.725930673590035],[17.98724763071055,49.725956796333996],[17.98714129797396,49.72599665042504],[17.987184458456014,49.72610134745003],[17.987278816393882,49.726187266647585],[17.98717728415354,49.726380589989425],[17.987205808074147,49.726535709692776],[17.98714145933908,49.72660725336432],[17.987241094491257,49.72681805347985],[17.98728820103186,49.727095487812036],[17.98721712814185,49.727191465028945],[17.98720842080535,49.72725035697833],[17.987344369810938,49.72735674894442],[17.987367209028797,49.72742415554967],[17.98731667614525,49.72751157806997],[17.98727490854985,49.727647353966304],[17.98738665933003,49.727725347497454],[17.98746463406645,49.72786628153003],[17.98751784459739,49.72814993809799],[17.98768026551012,49.72835084793257],[17.987685380958297,49.72858557902638],[17.98761687100396,49.72887434372115],[17.9875178664701,49.72929087386259],[17.98744295773797,49.7293783233114],[17.987355915102928,49.72943672203091],[17.987249532133664,49.7295080782545],[17.986991194130475,49.72956852119631],[17.986436184687072,49.72961017480666],[17.98640078345816,49.729616420781866],[17.986117020706455,49.72966635605765],[17.985891007569702,49.72974275910598],[17.98580319505161,49.729772496095194],[17.985500730672378,49.7299474509369],[17.98542551481144,49.73006927478589],[17.985458688490727,49.730249128833904],[17.985493163586195,49.73037029205214],[17.985390013693255,49.73045447286325],[17.98516262142595,49.730541807627176],[17.98507295961454,49.73052855780129],[17.98496510089769,49.73057130072916],[17.984896413184575,49.73060873947365],[17.98479976737665,49.73066504332884],[17.98472442990272,49.73081186490692],[17.984685289609242,49.73096178517597],[17.98450913786091,49.73122316362886],[17.98448767010903,49.731318865997096],[17.984510066265656,49.731385434962455],[17.98440532410726,49.73160077678436],[17.984359142910623,49.731647649044],[17.984043958095096,49.732145663827616],[17.98361468742043,49.73254424163764],[17.983511668952104,49.73259322305064],[17.98327210297442,49.732707018234],[17.982948509065174,49.73309567448652],[17.982923432108905,49.733125900576695],[17.982860896345866,49.73320133949188],[17.982836308173017,49.733231052381555],[17.98230759387687,49.733776308375084],[17.981730552573822,49.73431342417398],[17.980829019114772,49.735061392933474],[17.979626209123577,49.73580725529011],[17.97901646729139,49.73622013893012],[17.978890170746563,49.73628825345043],[17.978222531407994,49.73664847465672],[17.977977507394748,49.736739104241465],[17.977831153254087,49.73686246976288],[17.977801817140698,49.7368872112659],[17.97770293444054,49.73697055191259],[17.97727466669862,49.737301917308564],[17.976670570247663,49.737392488006435],[17.976631318266268,49.73739832663239]]]},"properties":{"id":"obec-546984","code":546984,"name":"Bílov","count":206,"kind":"Celá obec","parts":["Bílov"]}},{"type":"Feature","geometry":{"type":"Polygon","coordinates":[[[18.084983731491388,49.80893038945133],[18.085096109038783,49.808863259387735],[18.085136956495788,49.80883888027504],[18.08516110101294,49.80882446664729],[18.08640672552083,49.8089161235032],[18.08695421136816,49.8093373494039],[18.0871283661501,49.809379532056255],[18.087572565135222,49.80936838316275],[18.087635537157418,49.80936683995433],[18.087675568831582,49.80936578988432],[18.087805331816767,49.80951347013404],[18.087870815228996,49.809649802329645],[18.08788739050698,49.809684686806044],[18.087904104198362,49.80971957919374],[18.087955055162663,49.809825475984944],[18.088161610553485,49.80977645509548],[18.08843587699543,49.809699354941515],[18.088586042681072,49.80966290371945],[18.088803482356486,49.80960565900397],[18.088916665269277,49.809565287559714],[18.08902234557206,49.80950733825467],[18.089238969162444,49.8093416478613],[18.08956011963231,49.80903959870464],[18.090071359791587,49.80853423759824],[18.090217131530245,49.80840529109322],[18.09038092105402,49.80827818680635],[18.09054610722699,49.80814186574869],[18.09068441689973,49.80800626449468],[18.090939558906165,49.80776876316306],[18.091211441201803,49.807544493203736],[18.091566600887926,49.80728328435845],[18.091693604810978,49.807162018523286],[18.092141867733552,49.806691680494524],[18.09261060759216,49.80624904686136],[18.092726118688997,49.806145535641235],[18.09337693535058,49.805623500201094],[18.093502110570885,49.80550943910836],[18.094010485190314,49.80496111944447],[18.09412788969664,49.80482323742195],[18.094176961022065,49.80471908763768],[18.094178542172514,49.80464309190465],[18.094158478552064,49.80457957833711],[18.094094103754852,49.804493315352545],[18.09389262406251,49.80429578399468],[18.093667263345125,49.80406069467009],[18.093560363707795,49.80389158269493],[18.093535605903234,49.80377048784517],[18.093509417173514,49.80354641886295],[18.09343021079083,49.80328574457117],[18.09329636337937,49.802745852823634],[18.09325054267334,49.80237029425772],[18.093312397859975,49.80208555003493],[18.09341627772888,49.80178100442183],[18.09351889008431,49.80161249314341],[18.09361479699868,49.80137762108467],[18.09390926741139,49.801149944666214],[18.09388028162385,49.801125272804825],[18.09384296945042,49.801100305614],[18.093805657314967,49.801075338410946],[18.09377119475138,49.8007667675619],[18.093677805359697,49.80068164366773],[18.093731672394235,49.800613870760436],[18.093734076794668,49.80048584389472],[18.093805674448422,49.80037395599402],[18.0939000049175,49.80034893038987],[18.09411383985714,49.80000084648943],[18.094129806747084,49.799974772247026],[18.094240424453933,49.79992540536022],[18.094261141573398,49.79983281274953],[18.094423616778094,49.79961997617007],[18.094509487842434,49.79933696500187],[18.09452743449936,49.79927796997894],[18.094602916683385,49.79902920411303],[18.09458899689615,49.7990044907121],[18.09465399075246,49.79893690206529],[18.094705582490604,49.79830814493925],[18.0947479904154,49.79823746050641],[18.09481315675994,49.7981287247127],[18.0947740919816,49.79805221131649],[18.094836227260647,49.79799023569903],[18.094834474805413,49.797848703603066],[18.09500762837781,49.79786933854346],[18.09508784232008,49.79782202459424],[18.095081173343136,49.79774618909536],[18.09500629306795,49.797687936934516],[18.0949927957519,49.79767750822532],[18.09498075741518,49.79750813091369],[18.094898465213145,49.79748275977062],[18.094840149519715,49.79739711346082],[18.094853408647978,49.79731727205232],[18.09496959393622,49.7972781511929],[18.094974417758213,49.79725198167805],[18.094908917234413,49.79726809521754],[18.094788843639947,49.79727847275698],[18.094826139710634,49.79702544876071],[18.094914077470726,49.79701657436043],[18.094941790351996,49.796938100420626],[18.09500363410898,49.796891541990625],[18.095021257151064,49.79684308844144],[18.094979089040034,49.79681694135873],[18.0950299981314,49.79671253543623],[18.094948926607533,49.796646528291554],[18.094815571276182,49.79661526057795],[18.094846631765485,49.79655620259841],[18.09494092534819,49.79653956833814],[18.094986182199545,49.79649603338506],[18.095016520763767,49.796395235594446],[18.095103080708807,49.79634124437143],[18.095089075211273,49.79626399676244],[18.095125154787393,49.79623356609459],[18.095137436317184,49.79622325659519],[18.095040832740708,49.79616583885486],[18.095264983193594,49.79606194567991],[18.095379187609343,49.796093562772306],[18.095420025506776,49.79610492192247],[18.095482238643836,49.796122105517476],[18.09556026088686,49.796059142055704],[18.09570201896908,49.796072747554085],[18.095883714699298,49.79585992487357],[18.09589603385084,49.79573481121749],[18.09607554089016,49.795556431506334],[18.0961400261112,49.79552626970236],[18.096274126327955,49.79539150674344],[18.09614763508662,49.79533752689021],[18.096269897357207,49.79521084247004],[18.096372687519278,49.79510425571354],[18.096438750274192,49.794973547975964],[18.096412405243647,49.79490498225739],[18.096515243301695,49.794798037129446],[18.096654993320776,49.794767030538004],[18.096761096987386,49.794696464633056],[18.096863044276528,49.79453161400701],[18.096834603632608,49.794451827128704],[18.096937816610463,49.79440961699257],[18.096986760787136,49.794349233643786],[18.096941315349802,49.79427452250067],[18.097218034642914,49.793898437726924],[18.09739512598221,49.793938158490505],[18.09753383250288,49.79381864016383],[18.09747539087505,49.793705279140234],[18.09724542781341,49.79344691544289],[18.09741776380176,49.79330160975441],[18.097625301732705,49.79330308602701],[18.09784899890582,49.793111343558216],[18.09788373170703,49.793081557360416],[18.09808932411902,49.792909088012365],[18.09799782621628,49.792820374358946],[18.09805443740312,49.792775320952394],[18.09845970097844,49.79245332946882],[18.09843823303563,49.792369428447294],[18.098524041588007,49.792312684647534],[18.09877928515882,49.79214413342763],[18.098896566743306,49.79216437050977],[18.099091773916225,49.79209158133851],[18.099204021846163,49.792089417839634],[18.099404386103892,49.79195627053352],[18.09954328731801,49.79204805130131],[18.09965334998237,49.792040437462894],[18.099728655084263,49.79199220892632],[18.099755240498943,49.791975134396274],[18.099768539243666,49.79190107147155],[18.099654575217127,49.79178282594017],[18.099751105937255,49.791698533771246],[18.09980912652645,49.79154182297023],[18.09995851837896,49.791564795374754],[18.099979669598824,49.791492444456146],[18.099984632300735,49.79134552000143],[18.100052274644714,49.79130235935593],[18.100173738536323,49.79134918889865],[18.10037461747334,49.79120505836985],[18.100544354635915,49.79118613968846],[18.100619120971174,49.791147988615876],[18.10062428119537,49.79108555525687],[18.100743210135136,49.79105173099788],[18.10085846739496,49.79099062013966],[18.100865609058562,49.79093308349955],[18.10079399594469,49.79088260272222],[18.10081975978498,49.7908132227899],[18.100948498968503,49.79072887357315],[18.100941294570294,49.790680445949334],[18.100862897574103,49.79060096663955],[18.101044001148843,49.79052213453899],[18.101049674990314,49.79048662683089],[18.10106114053269,49.790413722764804],[18.101012126450822,49.79037644626422],[18.1010338065738,49.79026847427229],[18.101277911033645,49.79035858836049],[18.10140125140935,49.79037321218494],[18.101542015578875,49.790468707302566],[18.10158985991758,49.79046954357395],[18.101693287220698,49.7905842974267],[18.10188136748185,49.79061696760269],[18.101950278932648,49.79060438499718],[18.101975203765825,49.79049407103463],[18.101992795058795,49.79041610132399],[18.1021612102436,49.79024105239718],[18.102023833276863,49.79023122387743],[18.102035174216795,49.79009269655576],[18.10224439493895,49.79003974690751],[18.10226310965097,49.78987573708204],[18.10215295367548,49.78987179496439],[18.10222526874634,49.78975028705185],[18.102433198674124,49.78970475471485],[18.102473949304205,49.789596968768],[18.102634697184488,49.78954061955533],[18.10260746050337,49.78943761697942],[18.102513561701656,49.789409512044934],[18.102392751847287,49.78936813743177],[18.10238039852865,49.78930939757763],[18.102597651243713,49.78916674030075],[18.103024412861462,49.7889904631726],[18.103139341436417,49.78901462358454],[18.103206537044237,49.788998241947326],[18.103236555244774,49.78895798643928],[18.103230312402328,49.78890248370704],[18.103177974788775,49.788831262656934],[18.103220315508313,49.788779345492756],[18.103394972123127,49.78873958416042],[18.103433742551278,49.788708763537926],[18.103435941933437,49.78861583522077],[18.10351743977307,49.78861624511992],[18.10367919046088,49.78861699368573],[18.10384647130035,49.78859043937381],[18.10392751012441,49.788562482446316],[18.10395995217789,49.788485992024825],[18.1039659272524,49.78847180186453],[18.104024171936555,49.788429005494805],[18.104126102106616,49.788465690710076],[18.104396443914958,49.78841324776488],[18.104500422847728,49.78840212372947],[18.104523483159994,49.7883996490775],[18.104486048558865,49.78830599321298],[18.10459269155765,49.788258918828404],[18.10475243016825,49.7882211924382],[18.1049082665668,49.78827151330452],[18.104941143758992,49.78820614899827],[18.105029013830244,49.78818841910687],[18.10515049705805,49.788249414992414],[18.105192706720523,49.78832438936123],[18.105399872887556,49.78834686149386],[18.10554809702981,49.788362991423696],[18.10556663878065,49.78834455423609],[18.105574069820673,49.788193709707635],[18.10568964679071,49.78817828241441],[18.105753617020156,49.78812823052365],[18.105748451836867,49.788060695298846],[18.105815018313603,49.78804174923222],[18.105880772678987,49.78805949085367],[18.105904543617267,49.788049745782274],[18.10583317429862,49.78797698883288],[18.10590921636783,49.78790686690057],[18.10596664680165,49.787823949713925],[18.106073982722076,49.787774837777974],[18.10621718464321,49.78778995834749],[18.106112946343455,49.78769546987694],[18.106013835564752,49.78768313576544],[18.10605588897014,49.78761486511848],[18.106145979097757,49.78757262135045],[18.106397634265075,49.78763589875887],[18.106409502937485,49.7876654577474],[18.106429731760784,49.78771553048262],[18.10655620876024,49.787759300225716],[18.106589751377932,49.78784163174535],[18.1066664773492,49.78787606440405],[18.106692185734463,49.787872567106504],[18.10676266882169,49.78782586476089],[18.106877486541848,49.787780157431435],[18.106982433356045,49.787845894016385],[18.106938215858364,49.78777234020904],[18.10689553827428,49.787732539562626],[18.10682807885385,49.787665872950356],[18.10674255876291,49.78759465589352],[18.106687251036863,49.78756776315085],[18.106715978145118,49.787423278312126],[18.10681017973702,49.787446072184615],[18.10691923202506,49.78747242090976],[18.107055808809477,49.787481927692696],[18.10722266213059,49.7874625649476],[18.107220145084042,49.78740321370485],[18.1073477433146,49.78739469835631],[18.107434693341677,49.78742980405205],[18.107469887063807,49.78737197235471],[18.1075299860442,49.7873902930038],[18.107759014373237,49.78746003862441],[18.107813938747753,49.78745902002031],[18.107863919354163,49.78739291593759],[18.107875657933967,49.78737733956694],[18.10789333495464,49.78735397895405],[18.107922953381216,49.78735350237184],[18.10806576459632,49.787350998623374],[18.108242380672397,49.78734798607264],[18.108276295112574,49.787326183398854],[18.108306397854737,49.787306780703595],[18.108424941455116,49.787230597686424],[18.10846083401676,49.787233186509816],[18.10848857732442,49.78723522024145],[18.108514384020342,49.78723714350439],[18.108550105278297,49.78717952216309],[18.108574963249392,49.78713924201921],[18.108789706709068,49.78716746564757],[18.10908797844271,49.787206770717816],[18.10936030987886,49.787245137120934],[18.1095599885819,49.78723757131299],[18.109556273480447,49.78732328249479],[18.109662651402303,49.78732113591894],[18.10967172523335,49.787378423967745],[18.10971547985081,49.78738777862917],[18.10983419714949,49.787349240665016],[18.109788772507518,49.78731424856481],[18.109766549996188,49.78720810462063],[18.109918097409658,49.787144452505],[18.109994080480927,49.78702757273082],[18.110078568481303,49.78698753387661],[18.110084090069847,49.78697358841734],[18.110119870666527,49.786883748968464],[18.110269866565943,49.786903223337625],[18.110299733683412,49.78680663852031],[18.110407863031355,49.78681722694277],[18.110524471056998,49.78694174954274],[18.110717462573096,49.78692901700642],[18.110928159311637,49.78691422500847],[18.111155116651084,49.78649394079839],[18.111171134867337,49.78645099009943],[18.11118368510829,49.78641713794788],[18.11137216892663,49.78591072253128],[18.11138358874241,49.7858800551006],[18.111402532856317,49.7858565858097],[18.111444459532287,49.78580455242065],[18.111458852664267,49.78578687074267],[18.111678581904513,49.78548115884061],[18.1117784860087,49.78534208546907],[18.111835217125343,49.78526318769917],[18.111685562647356,49.785122341337996],[18.111616031323845,49.78500221864572],[18.111533680650485,49.78488001115371],[18.111537992394464,49.78486265723022],[18.111586153040108,49.78466945913474],[18.111473240970536,49.784406064767744],[18.111318824950423,49.78404607723575],[18.11098008886305,49.78325598227289],[18.110873838713164,49.78300821981576],[18.11084716847979,49.782946047392834],[18.110733197929118,49.78268024465036],[18.110482095840098,49.78209451828438],[18.11045214993035,49.78202466768292],[18.110396373538187,49.7818946779548],[18.11037807316,49.781851936290174],[18.110021678343944,49.78102075549506],[18.109911005463935,49.78076254023609],[18.10959135057937,49.78001693871138],[18.109299755437753,49.77933665656973],[18.109030784539968,49.77870938014111],[18.109019242504854,49.778682547574405],[18.109008778944098,49.77865803291979],[18.108930929559303,49.77839221142111],[18.108888555912365,49.7783543236606],[18.10884668681307,49.77831682568612],[18.107544085823882,49.777150954088306],[18.107485575305518,49.77709851626341],[18.106652918658558,49.77635314208962],[18.106157462682084,49.77590959786556],[18.105508691672387,49.77532895560967],[18.10481610416405,49.77470889257756],[18.104779464471395,49.77467602355269],[18.104770759156846,49.77466830609183],[18.104725885460283,49.77462323367305],[18.10472232600072,49.77461969099036],[18.104683586859256,49.77458074515769],[18.104679535185667,49.77457672309245],[18.104635886109403,49.77453289387035],[18.10459052867825,49.77455178551185],[18.104526189776585,49.774483849981905],[18.104367261269843,49.77456304755017],[18.10418230634362,49.77465529032069],[18.10412447308375,49.774702351575584],[18.103993912672635,49.774808620601014],[18.103953953795774,49.77484108793395],[18.103907876831567,49.774868332106365],[18.10378757374952,49.774939174268056],[18.103469091957724,49.77512975337855],[18.103290436064096,49.775325156704476],[18.103181032634446,49.77544490790774],[18.10312760127569,49.77552001910323],[18.103043805887808,49.77563798318777],[18.102987311366675,49.775714092765504],[18.102906255994945,49.77582318759053],[18.102848040516403,49.77589965013461],[18.10270825589423,49.776082831380236],[18.102572045206514,49.77626125248408],[18.102492651222377,49.77636529735722],[18.102437285535693,49.77643822197427],[18.10222274341662,49.77672002622265],[18.102011411954006,49.776997681230654],[18.101930701864976,49.777103185034775],[18.101734733333217,49.7773611385431],[18.101518667916075,49.77761108457227],[18.10125355993231,49.777856785254805],[18.1011524781663,49.77793377743803],[18.100879151240125,49.77812927665189],[18.09996028733355,49.778626093731084],[18.099853351599492,49.77867440998566],[18.09965803643171,49.778762715575716],[18.098861485259178,49.77905215251165],[18.09872443362301,49.77910154522859],[18.098583139003207,49.77915241026113],[18.09853300751235,49.77917048561365],[18.098393469786664,49.77922072876448],[18.098309184842883,49.779251113225236],[18.097169794613922,49.77964749082741],[18.09708565193872,49.779620569448625],[18.096988016448165,49.779589356904026],[18.096960778440053,49.77958057976295],[18.09692178349786,49.77945659461137],[18.096825932430153,49.779347862856056],[18.096629515349672,49.77917931964024],[18.09531012020777,49.778283650049026],[18.095269420190366,49.77825605147084],[18.09486811226011,49.77846281523323],[18.093867390381355,49.778050620436474],[18.093584791849036,49.77799086789181],[18.0934993201842,49.7780013244758],[18.09280091479863,49.7777129091351],[18.092049385354144,49.777396088441044],[18.090166957001262,49.77701285519699],[18.090083150479433,49.77699578560154],[18.089864816127868,49.776951343228866],[18.0898362933823,49.77700206094806],[18.089784728465837,49.777093971822254],[18.089597311368017,49.777260154550625],[18.089336121110215,49.777095653226425],[18.089257567924125,49.77704621024029],[18.08826109354256,49.77648185026864],[18.08818373307193,49.77643798042386],[18.08815272188908,49.776418063873784],[18.088131045390288,49.77640021590121],[18.088043444810747,49.77632823121612],[18.088013118154233,49.776303299341954],[18.087968447386135,49.77626806946023],[18.087948450505184,49.776252212987735],[18.086974836383803,49.775483810853295],[18.0868296689556,49.775372065641776],[18.086381791546035,49.775027455459885],[18.08557393144927,49.774496970969004],[18.08550943968684,49.77446096616587],[18.085465404114217,49.77443642195849],[18.085452495844997,49.77442990638355],[18.08534566715039,49.77437631413753],[18.085277185145905,49.7743419761561],[18.085263105674944,49.77433485194971],[18.08522420606997,49.7743155659102],[18.085105807484975,49.7742568883123],[18.084958420675164,49.77418391459884],[18.08482826140624,49.774119508814294],[18.084700655688582,49.77430896581623],[18.084682308228153,49.774336166168524],[18.084374807348755,49.774827526366],[18.084212192955945,49.77541626784628],[18.084073158611766,49.77570877704783],[18.08349680088358,49.776311282333594],[18.08303068002918,49.776828035077344],[18.081518971397177,49.77595980732668],[18.080550067567327,49.77539433683336],[18.079477692515223,49.7747580313436],[18.078861357951507,49.77443695086852],[18.0786437511861,49.774335303642296],[18.07814406415959,49.77410204701076],[18.077349891686215,49.77384125685462],[18.075801861357114,49.773393997458804],[18.07572960264945,49.773373066053736],[18.075723840018863,49.77337138174399],[18.075658136986,49.77335245085088],[18.0756300484093,49.77334280719222],[18.075500785157505,49.77328927269412],[18.07513756582871,49.773426038473545],[18.075129620882787,49.77342910301281],[18.075100538382973,49.77343998142225],[18.075093032777886,49.77344289063324],[18.07503970053674,49.773462938845384],[18.074967403176633,49.773438213837004],[18.07456811389919,49.773301589011965],[18.073472769822168,49.772926830294175],[18.072738158410562,49.77266391659826],[18.072694715879244,49.77264833684978],[18.072621639367107,49.77267925591835],[18.07257194259298,49.77270023365446],[18.07237698772206,49.77276631226832],[18.07233696968992,49.7727664535517],[18.07232666323134,49.77276640385322],[18.072212616560794,49.77276672094988],[18.072077320912697,49.772891821806176],[18.072263549948755,49.77297615768865],[18.07238199288745,49.7731087748119],[18.072457889562155,49.77330077910674],[18.072309010129214,49.77335298332683],[18.072089664399467,49.77335077976246],[18.071947898933754,49.7732195321222],[18.071916546777373,49.77326737641564],[18.072055920646907,49.773383503731495],[18.071979550635607,49.773531210440105],[18.071826468669357,49.77357541065891],[18.071793940802447,49.77365324405223],[18.07178793370756,49.773667611792966],[18.07173903892065,49.773684754080634],[18.071563531679825,49.773746170716755],[18.071500953600072,49.77383888781894],[18.071491863821716,49.77385235660548],[18.071428669379056,49.77387418421645],[18.071318801029093,49.773912198231685],[18.071289904939864,49.774018491293056],[18.071416952295603,49.77411775551953],[18.071496134192486,49.77424090008784],[18.0713780269624,49.774645799656014],[18.07121654184231,49.77476362063503],[18.071191004319903,49.774782193140055],[18.07115244976778,49.77487655926272],[18.07123886989039,49.774967174332],[18.07128692724254,49.77518132044215],[18.071246277519226,49.77529100083497],[18.071148902563813,49.775414937079695],[18.071218720282122,49.775519943725364],[18.07116805439839,49.77566921512093],[18.071144929509767,49.77573738852188],[18.07106028066185,49.77581006514357],[18.070991571669065,49.77586912441717],[18.07093324866712,49.77594701208017],[18.070926342901874,49.775952663274786],[18.07088325228525,49.775987468279396],[18.070801583708356,49.77605363651274],[18.070633741273674,49.776124157015246],[18.070564975118707,49.7761530659643],[18.07055018340585,49.776207185581896],[18.070591474836313,49.77641372295421],[18.070570913901776,49.77656399948237],[18.070563656216724,49.77658037140897],[18.070491392451295,49.77674383784475],[18.07064597702266,49.777135951437025],[18.070762032832643,49.77728504049101],[18.070806062947455,49.777703845558065],[18.07082561404584,49.77789000013417],[18.07028536327203,49.77796641172488],[18.070051979819752,49.777999413852044],[18.070123304509316,49.778067952132346],[18.07011680793906,49.778097094374445],[18.0701011153045,49.77816695775872],[18.070084370493834,49.77824145428671],[18.070082975233664,49.77824859502523],[18.070056701550843,49.77838356053137],[18.07001735442558,49.77843988150616],[18.069970740325726,49.77850652642516],[18.069930162159817,49.778588139798835],[18.06996480863183,49.778614046744],[18.069972647902315,49.778619912166484],[18.070014184630008,49.77870343928729],[18.070160631614705,49.77878323799005],[18.070208829960908,49.778877166098596],[18.07022235530812,49.779240787119406],[18.07022900251823,49.77928286861005],[18.070267422464894,49.77952669886318],[18.070275613845464,49.77957888779192],[18.070246864564794,49.77971768267038],[18.07018257659877,49.77977392658676],[18.06996236882588,49.77979920058113],[18.06995485495454,49.77980012333886],[18.06989750653314,49.77980667103962],[18.069893047237123,49.77985759255547],[18.0698838712563,49.779961316274964],[18.06980740457777,49.78005052817251],[18.069673092282407,49.78008370896703],[18.069662190249645,49.78013281663059],[18.069705777115704,49.780280816747926],[18.069678074316023,49.78043537684592],[18.069683486724422,49.780501757695625],[18.06968593385536,49.7805327670149],[18.069737676797487,49.78059061409715],[18.069759201561297,49.78059527907011],[18.07002907115084,49.78065327631625],[18.070085135354574,49.780710107515716],[18.070107570174272,49.78088740153895],[18.069980136024636,49.780932440450364],[18.069813378263625,49.78084822718664],[18.06978912410086,49.78083600430598],[18.06971858610219,49.78087067835408],[18.06966598059726,49.78089654301008],[18.069549060601343,49.7810827195121],[18.069602523223598,49.78113615229641],[18.06958225152719,49.781284279011075],[18.069671843473408,49.78139150379473],[18.06956635407165,49.781618411630014],[18.069606415474457,49.78166791629916],[18.069593652227717,49.78169904569025],[18.06921810721714,49.781784725063915],[18.069073243249417,49.78189699951036],[18.069030251709222,49.78205528544873],[18.069136639432475,49.782055072216686],[18.06928893019148,49.78213908789525],[18.069232320169988,49.78228892031173],[18.06912018960308,49.78236164388599],[18.06921852347979,49.78249870502434],[18.069211912597808,49.7826712636776],[18.06907651161266,49.78274391558234],[18.06910309471117,49.782850142514135],[18.06908758435548,49.782936985124714],[18.069221886711514,49.782934492346286],[18.069327032828088,49.78295966087117],[18.069347959988512,49.78305527352942],[18.069134416216457,49.78324664640894],[18.069076593416757,49.783298386938505],[18.06872766127539,49.78362135153396],[18.0686947160124,49.78369094682555],[18.06876333540275,49.78374976259075],[18.068792168384594,49.78384871735156],[18.06879382100342,49.783915062963],[18.06875878557197,49.78403048062327],[18.068726443442998,49.78406409683042],[18.068701754353636,49.78408966776751],[18.068627024004282,49.784091787807476],[18.068457876449784,49.784063668038414],[18.068346251881184,49.78404507709272],[18.06832123394099,49.784149426031924],[18.068334418303404,49.78422419581753],[18.068433155275827,49.78429620313298],[18.068565861947864,49.78432169014712],[18.068755894813055,49.78439379137877],[18.068819806743928,49.78434646204492],[18.068938526696225,49.7844272876536],[18.06903038662092,49.784470106864546],[18.06910259225402,49.78449356572323],[18.06916572343535,49.78451406682242],[18.069182743396194,49.78450989862105],[18.069231064942247,49.784498049216495],[18.06957802532046,49.7845684124415],[18.07008936599412,49.78467221465208],[18.07045723111181,49.78454908429395],[18.07054853178684,49.78451857926464],[18.070683125192986,49.78448342725218],[18.07089921734986,49.78452912949541],[18.071192078033807,49.78461894923607],[18.0714509820009,49.784701224315505],[18.071678336857875,49.784791978756196],[18.071722704286977,49.78482430924594],[18.07177301262683,49.784809142909566],[18.071783774972193,49.78480587905033],[18.07214327601291,49.785066859623775],[18.072317675781317,49.78528283415278],[18.07261692920026,49.78555525031494],[18.07282046835626,49.78585376735721],[18.073350170664018,49.7862443681019],[18.073534081086233,49.78636845998689],[18.073908494351333,49.78653687048244],[18.074174095312298,49.78667322682558],[18.074414296348774,49.78688114591453],[18.07449155600486,49.78702466474189],[18.074924222315445,49.787320697950555],[18.075310335644225,49.78757795701339],[18.076031888196333,49.78803902102892],[18.076313865537504,49.788242289512525],[18.076662492166964,49.788455695039914],[18.077447703889835,49.788886730436396],[18.07800676677903,49.78913646946034],[18.0781740452375,49.78923450766737],[18.078204884287327,49.789247556984],[18.078278286236955,49.78927865973716],[18.07829726320416,49.78928669695874],[18.07852064272329,49.78938126980209],[18.079066215096915,49.78961452515098],[18.0792620781954,49.789716636118705],[18.07948217007755,49.789832229297055],[18.079799435555532,49.79002433150895],[18.080283091446525,49.79039041409],[18.08045103520227,49.790529554139155],[18.08061436616425,49.79064532354954],[18.08066278837694,49.790679687310956],[18.08104130492978,49.790948041732996],[18.08150980177935,49.791280305604374],[18.081480020122385,49.79129827642422],[18.081896560244342,49.79161799561122],[18.08205057458084,49.791752002755985],[18.082256388120303,49.791918128980306],[18.082967112138025,49.79247058494075],[18.083558392154607,49.79288505307964],[18.08398763070341,49.79317426071462],[18.084399336043916,49.79343773222585],[18.084570389334313,49.79356548986144],[18.084720400430882,49.79367173483201],[18.08473183617701,49.79367988075578],[18.08475287118515,49.79365653457889],[18.08476968252279,49.793663092757406],[18.08486032623932,49.79369869757175],[18.08489287891679,49.79371148187831],[18.084933253257184,49.79375070807056],[18.08495751045372,49.79377420953934],[18.085048836092994,49.79386301502628],[18.08538975088742,49.79409770019349],[18.08553822516554,49.79421215964696],[18.085581999501347,49.794245893892224],[18.086475704551564,49.79488425031546],[18.086835576061663,49.79514970973572],[18.0873531705265,49.79553141712822],[18.087958948878757,49.79593008022672],[18.088943497318567,49.796714411510884],[18.089564378709692,49.79728252858661],[18.08955358205312,49.79728705578997],[18.08952769529548,49.79729794056798],[18.08949989989783,49.79730952850052],[18.08906665871724,49.79774072993982],[18.088973510872542,49.7978745790509],[18.088990258015585,49.79799603017829],[18.089126230005032,49.798226741890296],[18.089220718170846,49.79828738315162],[18.089373550906828,49.79838538795681],[18.0895081299375,49.79850067081425],[18.089555991196157,49.79856478270758],[18.08955085245172,49.79865248947453],[18.089387697459472,49.79906222251807],[18.089304368275062,49.799215045868415],[18.088735517251845,49.79979373367326],[18.088702470602215,49.79982641210016],[18.088058437004175,49.80046235278025],[18.087179308347235,49.801102171778886],[18.087845053551582,49.801820973132564],[18.087862510383875,49.801830997345256],[18.08780670447154,49.80193945340901],[18.087757523894737,49.802047385845874],[18.087874484982585,49.802193703574616],[18.08799792951934,49.802341565307906],[18.088176627024176,49.80254231868706],[18.088307761356397,49.80266859705909],[18.0884379883011,49.80279744079586],[18.088578286871172,49.802935254244794],[18.088726938347804,49.803089520653124],[18.088893925137114,49.803265774974186],[18.089097476630727,49.80348473556833],[18.089266931251853,49.80366744827552],[18.08939060648427,49.80379835287605],[18.08946738041671,49.803934698528735],[18.08952921910373,49.80404356431262],[18.089585424593412,49.80413342476601],[18.0896834773575,49.804243639101664],[18.08978607352532,49.80434815615884],[18.08991365862702,49.804481088680326],[18.09005079914816,49.8046226904643],[18.090120656668944,49.80468814946843],[18.09017966239862,49.804738095606226],[18.090176731557378,49.80474117727982],[18.090086477699696,49.80483638253887],[18.08997133999854,49.804955527139064],[18.089958799510985,49.804961579379864],[18.08969176075468,49.80509117296647],[18.08967123048173,49.80509956629795],[18.089547418321732,49.80512389620427],[18.08952521190022,49.80512822237101],[18.089511023551644,49.80513102135646],[18.089385813677914,49.80518704158475],[18.08936443249065,49.80519655955057],[18.0892622546056,49.805250376638476],[18.089115490047075,49.805303900476815],[18.08899792512011,49.8053468189713],[18.088897853976047,49.80538315616216],[18.088873941246725,49.80539180722772],[18.088712147694814,49.805497181201034],[18.088572798155855,49.80558831431655],[18.08844350237409,49.80565177183791],[18.088428401218035,49.80565921186227],[18.08835002388184,49.80572765714636],[18.088334697493888,49.80574185354919],[18.088174952532302,49.8058894037939],[18.08797194615206,49.80607699069546],[18.087869098747962,49.80612445047265],[18.087795566407184,49.806158423629704],[18.08768090420682,49.8062209122472],[18.087447825916623,49.80634784065354],[18.087379356896736,49.806396815077605],[18.087030236086548,49.80664635353386],[18.086927425031362,49.80673948474196],[18.086794370536087,49.80686003895266],[18.08670573254667,49.806962735658075],[18.086677264665706,49.807039450369295],[18.08659621267163,49.80714276146401],[18.086627449910022,49.807164224343936],[18.086490304146352,49.80729736077561],[18.0862309717383,49.80754905504509],[18.086080531339373,49.80767944492932],[18.08610941467453,49.80770691075974],[18.085822125324707,49.80787225359837],[18.085708599617522,49.80793760362008],[18.085509462849682,49.80805997211402],[18.08537670445329,49.80814155092015],[18.08531339801892,49.80816699184334],[18.085289348728587,49.80817662730289],[18.0847798050706,49.808381330431835],[18.084618774704783,49.80850037224942],[18.084452149879883,49.80862360663941],[18.084847740528996,49.80885184714382],[18.08488186438087,49.80887158021079],[18.084983731491388,49.80893038945133]]]},"properties":{"id":"obec-554049","code":554049,"name":"Olbramice","count":249,"kind":"Celá obec","parts":["Janovice","Olbramice"]}},{"type":"Feature","geometry":{"type":"Polygon","coordinates":[[[18.05284962367945,49.813032323292276],[18.053006173068418,49.812950700847026],[18.05322682243346,49.81269883080623],[18.05356394512039,49.81263083670475],[18.05353728217806,49.81260457275761],[18.053739388983708,49.812475563784616],[18.053775975245372,49.81246205162383],[18.05379247515896,49.812437366026494],[18.05379450617153,49.81241952093026],[18.053805318648802,49.812323473438326],[18.053874114803236,49.81223788927486],[18.05424196761269,49.81221832437855],[18.054333022004283,49.81221344844],[18.05463400670141,49.812033708189226],[18.055013505431905,49.812025822047296],[18.055184805001115,49.811979975478955],[18.055367346056112,49.81199145814736],[18.055470044184677,49.812039962478245],[18.055867375287352,49.81215115870856],[18.056045503874618,49.812077903151746],[18.056153958663625,49.811973656257045],[18.056305234139113,49.811851109780896],[18.056341316428107,49.81178738325099],[18.056501478114253,49.81150450345944],[18.056273362875835,49.81127116176894],[18.05639474983383,49.811125506276724],[18.056413932977158,49.81110259925721],[18.056393467590393,49.81098643183572],[18.056324152402826,49.81089489672185],[18.05635786263508,49.810829138445754],[18.056400813523204,49.81080073728847],[18.056404079536126,49.81074135318076],[18.056499219090103,49.81058570507338],[18.056656196281885,49.810535423387165],[18.05717163324762,49.810617297516835],[18.057494848519053,49.81060274059654],[18.0578029007785,49.81071295380896],[18.058183105240975,49.81070491807797],[18.058380102888677,49.81056215998432],[18.05838796652455,49.81054753824946],[18.058430195721012,49.81046845909723],[18.05840887780917,49.81030864769572],[18.058392852648282,49.81021295414835],[18.05837620570272,49.81016145230204],[18.058302674916014,49.80998979616767],[18.058221566538354,49.809862202886755],[18.05819198038394,49.8098155538481],[18.058159624302586,49.80982163809756],[18.058122211885063,49.80975883421074],[18.05801864645809,49.80931909484821],[18.05820077213382,49.80918405765953],[18.058576162291136,49.808932403651035],[18.058739561563304,49.80884846043393],[18.05905457022737,49.808763477024925],[18.059560255906497,49.808602072435505],[18.060352196579483,49.80849004962487],[18.060580618193654,49.80835703604394],[18.060611633318743,49.808239674024364],[18.06059245525773,49.808206620737124],[18.06046515295601,49.808182973354384],[18.060446936280616,49.80819682013289],[18.06031390237169,49.808200733752244],[18.06016942375662,49.808061289017864],[18.060058916143404,49.80804230630616],[18.059804442291384,49.807912700557985],[18.060016804292147,49.80756114899438],[18.06014790780874,49.80751434173162],[18.060431706864993,49.807250021594065],[18.06055891689178,49.80716751819576],[18.060701287511176,49.8071280366603],[18.060754239836157,49.807053092868074],[18.06067985245794,49.80699141587274],[18.060684599963828,49.806951703353704],[18.06071825769321,49.80693305689127],[18.06089450675768,49.807001485755144],[18.06095306253316,49.8070189287554],[18.061121512971116,49.80716967771783],[18.061378467117443,49.80724761394448],[18.06157837332759,49.80724013761335],[18.061951543438855,49.80679789891251],[18.06203934761141,49.80659281534226],[18.062445943887894,49.80588731144703],[18.06274163854599,49.80537933664367],[18.06289318083222,49.80525354950341],[18.062896074042904,49.80522022923242],[18.062900591825898,49.80516895027581],[18.06291712202353,49.80498423494322],[18.063036601497878,49.80485019856634],[18.06336039546604,49.80468050461436],[18.063415191202925,49.80460223589733],[18.063612006288885,49.80432109243253],[18.06375507576548,49.80411665318879],[18.06380672671491,49.80384252080786],[18.063787002748995,49.80381548407036],[18.063817283875256,49.80364437495013],[18.063997814883606,49.80320316848865],[18.064075510453897,49.80291094467105],[18.064064389826626,49.80248527333741],[18.06408590154626,49.80239850491786],[18.06404703287875,49.80235547638532],[18.063949749290373,49.80222786088835],[18.063939588562814,49.802161568534196],[18.06402813075464,49.802130095917605],[18.06421062744169,49.80214977804092],[18.06432127906256,49.80215540741984],[18.064580850400493,49.802070569577786],[18.064836070336384,49.80203377037618],[18.064901900496423,49.80196958321202],[18.06521598244458,49.8017402982379],[18.065304547029825,49.801642485213705],[18.065424219086257,49.80146621664801],[18.06539786126736,49.801397009220956],[18.06530980565982,49.8011663967063],[18.06558015237401,49.800980452880495],[18.0657609850429,49.800722128019224],[18.06584348523361,49.800602394644045],[18.066074451508612,49.800270225892554],[18.06612712323605,49.80024608043437],[18.066411259798016,49.80000622917619],[18.066594081670612,49.799838186839544],[18.066589466839684,49.799812829870916],[18.06657431318592,49.799798240849725],[18.06656863019341,49.79979493617398],[18.066361996460643,49.799687854742146],[18.066396340101612,49.79962953216988],[18.066368991941303,49.79961234787648],[18.06630914976182,49.79942415240308],[18.066221835108976,49.79940497094506],[18.066126146600737,49.79941536531125],[18.066072501586035,49.799423208137405],[18.065806134868954,49.79937759423804],[18.06567479488043,49.799336750651705],[18.065558016526868,49.79925170305936],[18.06555841761742,49.79913781835704],[18.065630541883568,49.79906225847461],[18.06574523697972,49.79903526447143],[18.065910794443287,49.79886803756544],[18.066034634913894,49.79885673179102],[18.066345252445963,49.79876046937464],[18.066547966525526,49.79874240691203],[18.066739252847754,49.79859804701534],[18.06667024524465,49.79841771984967],[18.066911329764316,49.798179549388614],[18.06705126738514,49.798096507406186],[18.06734805390035,49.797988166621955],[18.06751101133207,49.79793659169849],[18.067453199985344,49.79778344377793],[18.06749293216794,49.79771324514556],[18.067712741337772,49.79754994143056],[18.06780441065108,49.79749147785983],[18.068317413570114,49.79738552154565],[18.068431129779412,49.797198619589466],[18.06850430129568,49.79716933122832],[18.068729962266644,49.79714554165812],[18.068893246450557,49.79702331068677],[18.069013227173063,49.7968486819376],[18.069206968462346,49.79687775761082],[18.06938107041685,49.79683945601439],[18.0693885398706,49.79682156183677],[18.06935180766825,49.7966600567262],[18.069516711322006,49.796602363125686],[18.069758228987023,49.79653299778151],[18.069819942200102,49.79646414967936],[18.069780658003584,49.796449621069044],[18.06974230555352,49.79642828618055],[18.06978537286515,49.796381565204875],[18.07018752639549,49.79621129674013],[18.070579582200793,49.79595993665424],[18.07125233046591,49.79562592953642],[18.071395214647378,49.79560478941983],[18.071997974996584,49.795256385129896],[18.072229826956004,49.79532482820856],[18.07266824979407,49.79521340483976],[18.072866219327896,49.79505154854583],[18.07286883997726,49.794972270846735],[18.072828670678476,49.794938738082706],[18.07271982034101,49.794894588195184],[18.072678133928896,49.79481304081706],[18.072689362930095,49.79478498227399],[18.072757759428793,49.79471615511876],[18.07265271284196,49.794698217840384],[18.072570541550558,49.79473728195394],[18.07246170262236,49.79473483213911],[18.07239898450627,49.79468267651176],[18.0724802965977,49.79458263835772],[18.072730596133884,49.79434300105358],[18.07275349687769,49.794319312357345],[18.072703453882596,49.794196939984616],[18.072728222048518,49.79408725119808],[18.07273143602939,49.79376620335567],[18.072839310005282,49.79367888018337],[18.072818688434648,49.79355241816558],[18.072790828381645,49.79353592797852],[18.07274685550255,49.793510841877286],[18.072585742810848,49.79348896754767],[18.07235919663814,49.793467402597514],[18.072242469499194,49.793498166754006],[18.072193482420243,49.79357595913086],[18.07218971164162,49.79368910841738],[18.07206964618041,49.79367599556554],[18.071819601174933,49.79336560649952],[18.071847654658523,49.79331648958611],[18.07204029459273,49.793258759112184],[18.071930046551916,49.793181041875776],[18.071901700097644,49.793161996293314],[18.071903997287563,49.79310445238767],[18.072057699720478,49.792956305765706],[18.07214129657002,49.7929404302387],[18.072152062415622,49.79297994931202],[18.072262117832278,49.79306009230465],[18.07229972514723,49.793056291712695],[18.072372424150192,49.79298861415262],[18.072495458050444,49.79278437242698],[18.072468962090895,49.792681492058186],[18.07233000688498,49.79260673223358],[18.0723400321648,49.79253040628209],[18.07263207138302,49.79252061614922],[18.072712355535838,49.79236284344092],[18.072669962479363,49.792220240126206],[18.072331414902663,49.792057405212034],[18.07205601943314,49.792030149750985],[18.071992091734312,49.79202558113344],[18.071753608742668,49.79180295443622],[18.071825889651336,49.79162522720225],[18.07172306886529,49.79155948861108],[18.07183978428557,49.79141364393715],[18.071972526150184,49.79139724747646],[18.072085034569792,49.79125666716908],[18.07213694141724,49.791162615141076],[18.072042708269343,49.79095566218048],[18.071928615793247,49.79085615211442],[18.071800100973928,49.7906715125789],[18.071799293577044,49.790614241862556],[18.071993336852508,49.79052987575798],[18.072030644348192,49.79052010105475],[18.072145379270953,49.79054256647955],[18.072217263405772,49.79050119813438],[18.07229225494104,49.79044628853865],[18.072393030717045,49.790358829766625],[18.07241511943365,49.79030539933217],[18.072585907235776,49.79026870955327],[18.072743881106774,49.79014021318686],[18.072767488653692,49.79007567765787],[18.072785540706757,49.790022196225244],[18.072729544542035,49.78995661611822],[18.0725250269999,49.78968449028588],[18.072469062966693,49.78969102901589],[18.07235913277658,49.78966504843322],[18.072250264289924,49.789608891756],[18.07212795071877,49.78952669129255],[18.072065132617958,49.78946920391665],[18.071821917233468,49.789474841721514],[18.07174980983411,49.789615662795434],[18.071704705555934,49.78962128957885],[18.071529025492364,49.78960408332091],[18.071477830554407,49.78958697636471],[18.071344473540663,49.78945711645615],[18.071276847330452,49.789362436717134],[18.07098310633548,49.78932672425823],[18.07086003240775,49.789263342912314],[18.070777945999854,49.78917857424798],[18.070920764480316,49.78893467159076],[18.071044680060695,49.78890937614071],[18.071094658640632,49.78890989609123],[18.0711388650351,49.78886396235344],[18.07110244397774,49.78865535963353],[18.0710212345051,49.78861920098676],[18.07089131775763,49.78855795431749],[18.07082305180839,49.78851992043377],[18.07077018959594,49.787928215525504],[18.07092125589116,49.787859348003906],[18.07087507755793,49.787831065447484],[18.07081616099511,49.78779501193462],[18.07078684107138,49.78777699310149],[18.070618526791094,49.78771823687241],[18.070565215078663,49.7876493794645],[18.070798954490584,49.78766504404045],[18.07082730380023,49.78764329299844],[18.070869194758494,49.78761121680167],[18.070958544561446,49.78755018179794],[18.07095033938044,49.78753373520092],[18.070869478542445,49.787496061899915],[18.070725174635214,49.78749310956499],[18.070563859786866,49.78741886901137],[18.070419422970946,49.78739957167355],[18.07038817899556,49.787345699535784],[18.070392528166444,49.78730984518895],[18.07044076825988,49.787324075504856],[18.07059493227475,49.78724988033831],[18.070508128546706,49.787067179686446],[18.070579047701397,49.787020612352585],[18.070790079306104,49.786990296003324],[18.070773347097717,49.7869587381904],[18.070816948724136,49.78683469539725],[18.070869829769077,49.78682112105292],[18.070895413042543,49.78686338590447],[18.070924603089736,49.7868945751942],[18.071145366388794,49.786907238465275],[18.071156536312177,49.786859229283664],[18.071214166246673,49.786784460442185],[18.071318753603126,49.786702727256035],[18.07137619663453,49.78666396118541],[18.07139632681296,49.78644858322201],[18.071380657738818,49.786295145849145],[18.07129144544808,49.786273691700856],[18.071132732918535,49.786333275388316],[18.07109516990131,49.78637652128546],[18.071013439090503,49.786245379391794],[18.070698841241406,49.786065768188436],[18.070635740879535,49.786065397750775],[18.070621902128504,49.78609827072085],[18.070684240272616,49.78621015832806],[18.070653176589158,49.78628536780533],[18.070615192738,49.78630214336253],[18.07058831643936,49.786302948333066],[18.070484391647653,49.786276948909006],[18.070328911582113,49.78618047754206],[18.070250726943076,49.78604890658457],[18.070037321971853,49.785868419457216],[18.07002810542459,49.78583593875791],[18.06998957030489,49.785821091583],[18.06983690229018,49.78579780085258],[18.069830574742696,49.785778844318365],[18.069818796724906,49.78575795039755],[18.06976308548456,49.78575655924775],[18.069621470327032,49.785798167303454],[18.069595263415703,49.78577473056345],[18.06964800497235,49.78563586827474],[18.06960506876823,49.785592065841044],[18.06956500369084,49.785578213841504],[18.06948910876689,49.78556438202461],[18.06934870083257,49.78557374599696],[18.069287007660034,49.78554069123023],[18.069269373188508,49.78552388393301],[18.06927150436668,49.785504239320076],[18.069318000598688,49.78549860327975],[18.06936168862704,49.785480891801726],[18.069373033504576,49.78542142972089],[18.06931767372687,49.78536960327425],[18.06919340595707,49.78502679670402],[18.0691188387075,49.7847924457208],[18.069199368873537,49.78470518203233],[18.069168382965934,49.78468101962172],[18.069042927595202,49.78463004487965],[18.06899235265785,49.78456567584727],[18.069061261841448,49.78450220584222],[18.06916572343535,49.78451406682242],[18.06910259225402,49.78449356572323],[18.06903038662092,49.784470106864546],[18.068938526696225,49.7844272876536],[18.068819806743928,49.78434646204492],[18.068755894813055,49.78439379137877],[18.068565861947864,49.78432169014712],[18.068433155275827,49.78429620313298],[18.068334418303404,49.78422419581753],[18.06832123394099,49.784149426031924],[18.068346251881184,49.78404507709272],[18.068457876449784,49.784063668038414],[18.068627024004282,49.784091787807476],[18.068701754353636,49.78408966776751],[18.068726443442998,49.78406409683042],[18.06875878557197,49.78403048062327],[18.06879382100342,49.783915062963],[18.068792168384594,49.78384871735156],[18.06876333540275,49.78374976259075],[18.0686947160124,49.78369094682555],[18.06872766127539,49.78362135153396],[18.069076593416757,49.783298386938505],[18.069028486522814,49.78331376867079],[18.068922226505933,49.78334765624677],[18.068867456085364,49.783423942028115],[18.068754132978867,49.78345850728025],[18.068454532870263,49.78345873445514],[18.068252835644806,49.78341484624867],[18.06795040758846,49.783429622209304],[18.067850157365985,49.783420619229986],[18.06770277285796,49.783536989944054],[18.067588089750004,49.78370876162193],[18.067414907897376,49.78375288751918],[18.067259191103933,49.78380893710319],[18.067093637055063,49.783961270940004],[18.066932439093055,49.78420294136164],[18.066698728336544,49.78430325391014],[18.066609451634445,49.78437800945292],[18.066506562308827,49.78454098003384],[18.066414316465938,49.784739221426],[18.066405286765445,49.78490595512919],[18.066309199937116,49.78499683719831],[18.06595737539718,49.78527350615195],[18.065852007776495,49.7854993356724],[18.065348005295736,49.78575011744594],[18.064827205912817,49.78594333973971],[18.064593045766372,49.78589722076913],[18.06445039605278,49.78585066939598],[18.06408108176418,49.78590988504968],[18.06379448137706,49.78601455687586],[18.063620575934237,49.78623789341776],[18.063472586699216,49.786377873285296],[18.063323040950927,49.78641116606682],[18.063180587942025,49.786493426114674],[18.063082265578206,49.7864947295403],[18.06283460155282,49.78662347847142],[18.06208964958766,49.78687033797302],[18.061859011051915,49.786851403857945],[18.061571657227734,49.7869706497635],[18.061443171521184,49.78693772539272],[18.0611802948837,49.78696685219797],[18.060905258466175,49.7869087198959],[18.06048516723466,49.787146070856],[18.060277049410846,49.78713980037637],[18.06017649602234,49.78723060218074],[18.060151604032562,49.78743153659607],[18.05973004698434,49.787524925399815],[18.05966884513024,49.78766934628157],[18.059536090685768,49.78771434043509],[18.059208305340242,49.78770028953382],[18.058831762346966,49.7877886800155],[18.058520309423134,49.78789344648322],[18.058439264642157,49.78790801457516],[18.058225240523775,49.78799157187333],[18.05795964490977,49.7881370625255],[18.05733310223131,49.78859875126327],[18.057179350172667,49.78867178069919],[18.056972257414294,49.78890096440897],[18.05689076704499,49.78889131598265],[18.0566824517805,49.78906230090957],[18.056799272600777,49.78919962366079],[18.05645810182599,49.789356292255064],[18.056503427787007,49.78950358621756],[18.05649200490994,49.78968345170108],[18.056304412663945,49.78975209795473],[18.056168487357795,49.78984555722737],[18.05612696636564,49.789964300738994],[18.05566968802998,49.79012476317362],[18.055487622392338,49.79018867137522],[18.05474455759587,49.790397688105486],[18.054055049961683,49.79050895832535],[18.05386860504395,49.7906199995795],[18.05344238726233,49.79073485299454],[18.053197593487223,49.79078847122793],[18.05276232820939,49.79085442190874],[18.051980093360587,49.79095348760274],[18.05106147261319,49.79104055033069],[18.05104383994306,49.791038994390725],[18.05077582716511,49.79101491073151],[18.050572120822697,49.791012939521984],[18.049792037324966,49.79095307362646],[18.04945031695983,49.79094388129387],[18.049299000244073,49.79076241307777],[18.049239557680337,49.79067441722412],[18.049184637119506,49.79057278122034],[18.048907596619504,49.79036060944466],[18.048826867945316,49.79027635273855],[18.048716543452525,49.79017206958695],[18.048581255879817,49.7900536227384],[18.048472896575603,49.78995838831442],[18.048424509982635,49.7899076745023],[18.048403001794657,49.78988459327523],[18.04838757999753,49.789865924115745],[18.04836760574633,49.78984284089929],[18.048350056812804,49.789823417477315],[18.048338631090466,49.789812199248765],[18.048320332171784,49.78979011506056],[18.048303493441857,49.7897645044287],[18.048279117563133,49.78972880197606],[18.048192695392647,49.78962002679594],[18.048323667348498,49.78956275663104],[18.048407048203533,49.789525132320485],[18.048539292253604,49.78946874751248],[18.04864463907051,49.789427513079055],[18.04874563917972,49.789387472599586],[18.04883868073616,49.78935157739282],[18.048951536629517,49.78930743516199],[18.04862123370365,49.789075047158704],[18.048179459993346,49.788804650629665],[18.048032462299446,49.7887197380984],[18.04786858355345,49.78862780614967],[18.047817863673338,49.78866821257201],[18.047297225348657,49.78895082179919],[18.04691548655984,49.78912245949321],[18.04692627189053,49.78914645825008],[18.04693319675441,49.78916202092162],[18.046964172773166,49.789230868826834],[18.047054888291452,49.78943322329243],[18.047130434307164,49.78964553586924],[18.047142012620448,49.78967797460807],[18.04719799052254,49.789892680895015],[18.047228134381605,49.79004677840452],[18.046909266264393,49.79004178206499],[18.046498738824194,49.79003620185139],[18.046531022055596,49.79008842660827],[18.046571792577915,49.79014077889524],[18.046635503930077,49.79019968699951],[18.046505114474293,49.79027603432727],[18.046478245334495,49.790387405447916],[18.04645131561297,49.79047891540899],[18.046399847777153,49.79059681348295],[18.0464828423243,49.79072443806077],[18.04632389625614,49.79092442516456],[18.046460978616004,49.79111302146952],[18.04627294444884,49.79120401237562],[18.04620951360783,49.79122527306932],[18.04607178049874,49.791240360635605],[18.04604556184655,49.79124345458215],[18.046034813948474,49.79136432866097],[18.0462809138895,49.79151343837795],[18.04611548621825,49.79178697687508],[18.045890469337436,49.79209743179483],[18.04599944746561,49.79232620182106],[18.045875266902062,49.792408051163264],[18.04599648082783,49.79258327802413],[18.045935471365258,49.79269042706547],[18.04578458841521,49.79271595000517],[18.04560300830649,49.79267769536087],[18.04545510574301,49.7927657606204],[18.04524694181297,49.79279312994083],[18.045024003025453,49.79282452236588],[18.044965730439127,49.792701660003466],[18.044800978875422,49.79258963590732],[18.044719422896172,49.792726561358165],[18.044734462320655,49.79286065438042],[18.0443789756523,49.79295256145545],[18.044297379928874,49.79306845330225],[18.044313266980918,49.79320042893705],[18.044205557409473,49.79332980056204],[18.04406591882496,49.79342872034762],[18.043912902569616,49.79354077002166],[18.04374643966972,49.793676596522836],[18.04364500342464,49.79376435704829],[18.043631997896593,49.79389349554906],[18.04361717598223,49.794045997642506],[18.04360386024683,49.79414289462772],[18.04365812656826,49.794255327344395],[18.043708089334768,49.79436660956472],[18.043698846517454,49.79452620258469],[18.04359460963381,49.79465360753388],[18.043620173817082,49.79475066746167],[18.043317474250582,49.7949829010018],[18.043367324584835,49.795136600136935],[18.043288338289162,49.79520606646564],[18.043226437200346,49.795261803933585],[18.04319767752684,49.79531177770132],[18.043173154697392,49.795357301825504],[18.04313732178322,49.79542627462931],[18.043120264876272,49.79545805753032],[18.043101317424128,49.795488377617325],[18.04306404225949,49.79553334783494],[18.043033735360257,49.79556211108936],[18.042988534645865,49.79560590274863],[18.04291828090017,49.79567776732037],[18.042931294808188,49.795876281547464],[18.04271956754603,49.79591120456739],[18.042629809747798,49.79600424049954],[18.042634823923564,49.79610065867475],[18.042632945505023,49.79619649934932],[18.042625404300505,49.79629093073146],[18.0425389295199,49.79638036469452],[18.042431927152453,49.79642131885228],[18.04236956377792,49.79651286351721],[18.04237441910473,49.796598260555385],[18.042382625092436,49.796617688275475],[18.04240250966415,49.79664446803915],[18.042451667136007,49.79670479637129],[18.04219304154304,49.79676842885941],[18.04206587101179,49.79678060083491],[18.041917461935274,49.796797145622484],[18.041887041130906,49.796924107569765],[18.041862832262453,49.796974433500935],[18.041773882173317,49.79711228562095],[18.041579762015115,49.79718847813922],[18.04157060965966,49.7972489683372],[18.04146420368754,49.797292663985665],[18.041576511044056,49.797484983401574],[18.041371412220652,49.79754871890837],[18.041177830014217,49.79772748000338],[18.041191802736023,49.797946358918814],[18.04105234197152,49.798082384182834],[18.040961051743363,49.79813985776667],[18.040724150996713,49.79823506721021],[18.040690221135204,49.798363180797836],[18.04067704372129,49.79849248988326],[18.040655398077263,49.798572840188605],[18.040627783075575,49.79866313652925],[18.040449062377697,49.798680009659996],[18.040430367187145,49.79887074040023],[18.040299790844216,49.79895023093669],[18.040153210123478,49.79931141117578],[18.040017076442442,49.79934003431582],[18.039967637217966,49.79935984188305],[18.039912411748393,49.799379135542566],[18.039837792902425,49.799393430564905],[18.039693822693398,49.79941717899696],[18.03957826846534,49.79943507268834],[18.039543127825205,49.7996368608463],[18.03945402408245,49.79969969470422],[18.039272033727944,49.7997180026251],[18.039083153853213,49.79973266384526],[18.038878261677755,49.799776549825715],[18.038690353469573,49.79981861599942],[18.0385257211511,49.80001285203116],[18.03855698058421,49.80017288372721],[18.038480238339254,49.80027560326546],[18.038448584964748,49.80030600301567],[18.038338557408384,49.80036176336623],[18.038144703850207,49.80047136373893],[18.038115618029348,49.8004851225213],[18.037948779518256,49.80055647357839],[18.03787541685978,49.80057986614904],[18.037842650303826,49.80071770447858],[18.037711795989473,49.80084375215353],[18.037414518986928,49.80094585667164],[18.037448848638665,49.800953792517824],[18.037474382189032,49.800959777211496],[18.037534245424922,49.800973697720615],[18.037624776669333,49.80099480138727],[18.037758343460226,49.801112619354605],[18.038065828234775,49.801332708007116],[18.038331452977413,49.80167160620005],[18.038400024842907,49.80180066150711],[18.038443471438466,49.801882235049355],[18.038465532513854,49.801939830112204],[18.03860446538415,49.80223766873355],[18.03867028823145,49.802389762831325],[18.038769747071356,49.80241796898779],[18.038828813239544,49.80252084160861],[18.03926106394132,49.802708941006486],[18.03932038500558,49.80272580785876],[18.039339243165426,49.80275397308712],[18.039446721254677,49.80291451402627],[18.03979529752275,49.80330241515467],[18.040185248589896,49.803860044600285],[18.040275797657603,49.804044341061356],[18.04035493049666,49.80426399443223],[18.04042016469407,49.80443563992964],[18.040446805605885,49.804505593300604],[18.04054922462362,49.80476991360551],[18.040557043706013,49.80479013142101],[18.040764077194417,49.805191267163],[18.040945359758148,49.80550787791861],[18.04113881716776,49.80583232012503],[18.041340257904277,49.80618899384977],[18.04136001851426,49.80622379966862],[18.04149701079773,49.80657856639432],[18.041619985365642,49.80689633044556],[18.041686750328594,49.807021397260314],[18.041807516605065,49.80712294651736],[18.04202028711255,49.80730092017852],[18.04224076740865,49.80744007335622],[18.04242439576577,49.80754497081354],[18.04253364839503,49.80760144730339],[18.04266188546441,49.80766795271318],[18.043109763244672,49.80782091922753],[18.043230062231434,49.80785690970745],[18.043644080378833,49.8079832830618],[18.04427276063353,49.80817553718861],[18.044951639800242,49.808612487862305],[18.045525886955673,49.80886397206704],[18.0457268730404,49.80894413801023],[18.045947607891556,49.80903284153696],[18.046044915748308,49.80907174797293],[18.046230453346194,49.80916284815725],[18.04637641216813,49.809234430505704],[18.04655835741197,49.8092978839048],[18.046626280379133,49.80932733639668],[18.04665102886228,49.80933805742063],[18.046844948734662,49.80942196661816],[18.046932279017224,49.80946345724934],[18.047089657790064,49.80953822300885],[18.047267594353382,49.80962274618984],[18.04759977519853,49.80978049977127],[18.047675034087334,49.80979818836902],[18.047889758855977,49.80984845175025],[18.04807255417781,49.80990066878634],[18.048163272364985,49.809926647837706],[18.04821816152764,49.80994235185561],[18.048325925701576,49.80997319263252],[18.048378939094732,49.80998833735421],[18.04852550324605,49.810046412319025],[18.04932519795444,49.81011497795156],[18.0496858297779,49.810172276251976],[18.050651376040623,49.81051907825298],[18.05124109207691,49.81098533888151],[18.05206367604312,49.811420666450125],[18.05242232468069,49.81164590686427],[18.05256243142472,49.81223469844846],[18.05248564173273,49.812465864120846],[18.05282858835349,49.81299961314052],[18.05284962367945,49.813032323292276]]]},"properties":{"id":"obec-554936","code":554936,"name":"Bítov","count":188,"kind":"Celá obec","parts":["Bítov"]}},{"type":"Feature","geometry":{"type":"Polygon","coordinates":[[[18.089784728465837,49.777093971822254],[18.0898362933823,49.77700206094806],[18.089864816127868,49.776951343228866],[18.090083150479433,49.77699578560154],[18.090166957001262,49.77701285519699],[18.092049385354144,49.777396088441044],[18.09280091479863,49.7777129091351],[18.0934993201842,49.7780013244758],[18.093584791849036,49.77799086789181],[18.093867390381355,49.778050620436474],[18.09486811226011,49.77846281523323],[18.095269420190366,49.77825605147084],[18.09531012020777,49.778283650049026],[18.096629515349672,49.77917931964024],[18.096825932430153,49.779347862856056],[18.09692178349786,49.77945659461137],[18.096960778440053,49.77958057976295],[18.096988016448165,49.779589356904026],[18.09708565193872,49.779620569448625],[18.097169794613922,49.77964749082741],[18.098309184842883,49.779251113225236],[18.098393469786664,49.77922072876448],[18.09853300751235,49.77917048561365],[18.098583139003207,49.77915241026113],[18.09872443362301,49.77910154522859],[18.098861485259178,49.77905215251165],[18.09965803643171,49.778762715575716],[18.099853351599492,49.77867440998566],[18.09996028733355,49.778626093731084],[18.100879151240125,49.77812927665189],[18.1011524781663,49.77793377743803],[18.10125355993231,49.777856785254805],[18.101518667916075,49.77761108457227],[18.101734733333217,49.7773611385431],[18.101930701864976,49.777103185034775],[18.102011411954006,49.776997681230654],[18.10222274341662,49.77672002622265],[18.102437285535693,49.77643822197427],[18.102492651222377,49.77636529735722],[18.102572045206514,49.77626125248408],[18.10270825589423,49.776082831380236],[18.102848040516403,49.77589965013461],[18.102906255994945,49.77582318759053],[18.102987311366675,49.775714092765504],[18.103043805887808,49.77563798318777],[18.10312760127569,49.77552001910323],[18.103181032634446,49.77544490790774],[18.103290436064096,49.775325156704476],[18.103469091957724,49.77512975337855],[18.10378757374952,49.774939174268056],[18.103907876831567,49.774868332106365],[18.103953953795774,49.77484108793395],[18.103993912672635,49.774808620601014],[18.10412447308375,49.774702351575584],[18.10418230634362,49.77465529032069],[18.104367261269843,49.77456304755017],[18.104526189776585,49.774483849981905],[18.104135720215485,49.7740218286813],[18.103785668225456,49.77364379535492],[18.103717145665616,49.77356975367569],[18.103582716937506,49.77335024614578],[18.10342816005592,49.7727759639845],[18.103364378209296,49.77223204628665],[18.10323449360106,49.771848169386224],[18.10317529797515,49.77154288077721],[18.10316430292751,49.77148647432947],[18.103204653335105,49.77144599687112],[18.103743655483587,49.77090472870668],[18.104114140621494,49.77051720122166],[18.104809842391994,49.77004083529048],[18.105354868761502,49.769766342326974],[18.105963995038977,49.76958296460362],[18.108107293496005,49.768627901897894],[18.10949019115939,49.7680696014856],[18.110497393228872,49.767551138917966],[18.110919371954925,49.767246498337734],[18.111989835048618,49.76647052316616],[18.112109477716913,49.76640839142746],[18.11213091854024,49.76639724922627],[18.11213526931741,49.766394970203145],[18.112142015064748,49.766391473935855],[18.11221562253561,49.766346121554186],[18.11221928194759,49.76634380309789],[18.11224375947338,49.76632877255894],[18.112256831772196,49.766320763291624],[18.11240079027481,49.766235558763924],[18.112452006126816,49.76620526553012],[18.11268157401161,49.76606943575461],[18.111989964294615,49.765542971138125],[18.111926872215765,49.76549252981606],[18.111599630216247,49.76520093075687],[18.111444772277807,49.765062941371035],[18.111297720448533,49.76489931302563],[18.11113710763,49.76472065040581],[18.11095954974187,49.76452315014633],[18.110526016132518,49.76390354020014],[18.109948251233455,49.763180658895955],[18.10980150893976,49.76286830334376],[18.10949945275469,49.76245421152717],[18.109419327240595,49.762360014983265],[18.109042372524573,49.761916827125376],[18.108731562753796,49.761585629796684],[18.108152302782347,49.76096734792494],[18.10812735892404,49.760940742712634],[18.10776986716281,49.760559492905145],[18.107496576682408,49.76026806962269],[18.10741265746094,49.76017825771725],[18.10717949591757,49.75992883694225],[18.1069453769251,49.7596782777997],[18.10666261206737,49.759375660732786],[18.106617498030257,49.759327325058514],[18.106518131987553,49.759221016020085],[18.10633169522319,49.759021464743206],[18.106017339784998,49.758689964952275],[18.105637559279504,49.75828947262353],[18.104885213266098,49.75739259082611],[18.10458024980432,49.75715603092655],[18.103931208298242,49.75663870454685],[18.103707140679912,49.75647012269447],[18.10350480452249,49.756317944816665],[18.10349814175079,49.75597585065666],[18.10349728766138,49.75593401280534],[18.10349262341439,49.75569086434613],[18.10337268427284,49.755606843349],[18.103367694215628,49.75551350314403],[18.103366492180044,49.755487530667],[18.103358735985672,49.755339787871335],[18.103334987205905,49.75497072341168],[18.103320811519424,49.754784164290875],[18.103290304326496,49.754726823154435],[18.103262711347796,49.75457641275192],[18.10325746039952,49.754555624401696],[18.10323965364537,49.75448583118143],[18.10321045446075,49.75437179290973],[18.10317683988842,49.75425641929919],[18.103112429426975,49.754032602321004],[18.103040709023603,49.75376116309191],[18.102869931794835,49.75311310714003],[18.102753552257855,49.75269181607982],[18.10272449017001,49.75258599872482],[18.102605831706565,49.752156905198774],[18.102593854463297,49.752059645481054],[18.10259969071344,49.75198912686098],[18.102632764073284,49.75189453127788],[18.10268408141921,49.75177642800538],[18.102753982218587,49.751613896705145],[18.102823081233257,49.75140095594096],[18.10284943878142,49.75131987627435],[18.102886335048268,49.751250410102784],[18.1029726173108,49.75112103651527],[18.103055909624253,49.75106378823897],[18.103255671940854,49.75094911102861],[18.103411412395587,49.75087334679805],[18.10365560401317,49.75075461834474],[18.103805291676355,49.750733564855004],[18.10415465750431,49.750710017633345],[18.104165772346665,49.75070920841207],[18.10419430750899,49.75070731834144],[18.104306500783956,49.7506997370137],[18.104470355236014,49.7506718200429],[18.104603105953004,49.75062064506236],[18.104776158311985,49.75051590261213],[18.10507211502673,49.750254182229824],[18.10527304772069,49.75007656934952],[18.10532276301552,49.75001523585243],[18.105346797577447,49.749986011333526],[18.10535886169509,49.74997207867651],[18.105870559249457,49.74934802045973],[18.10603053762003,49.74894711827419],[18.10615291381073,49.74857277039296],[18.10620633018436,49.7482804091856],[18.106185142209615,49.74815148533047],[18.10616163503047,49.74800889043914],[18.106034567201082,49.74784323248405],[18.105682535590983,49.74747897701345],[18.105613143722636,49.74731634161998],[18.10559825969741,49.747278305557536],[18.10558377107629,49.747247602912],[18.105556846536846,49.74718441944618],[18.10553868976474,49.74705882741443],[18.105532842414327,49.74701887050636],[18.105525789493733,49.746934528419466],[18.10552038250011,49.74690362238571],[18.105506167219527,49.746821759449546],[18.105430522553554,49.74661499189695],[18.105405063393604,49.74653284775236],[18.105395644958516,49.74650685724989],[18.105324408136127,49.746302507480465],[18.105252403641646,49.74621644113338],[18.10459897141857,49.74563206663967],[18.104255657629412,49.74509744556506],[18.10421769589118,49.74503760236436],[18.104135925632487,49.74483292034655],[18.104120218744306,49.744763066291874],[18.10408492791653,49.74455869279816],[18.104033708686764,49.744261527092924],[18.104017805106924,49.744174693333285],[18.10396451844992,49.743884539735646],[18.103926937390497,49.7436161328376],[18.103804423779017,49.74283770157888],[18.103819953921285,49.74274914358168],[18.103838725785945,49.74264289978678],[18.104073375528206,49.74219472867513],[18.104173013066063,49.74200492321965],[18.10420350941073,49.74174798722742],[18.10408933101653,49.74149081848011],[18.103975021763624,49.741288879732515],[18.103871162177473,49.74111046330005],[18.103774921941923,49.74094565968572],[18.103735213556572,49.7406693684943],[18.1037864475679,49.740361358070636],[18.103722563929885,49.740088739895455],[18.103639213016127,49.74002269233407],[18.103565996316874,49.74004594713174],[18.103482925932152,49.73997783954212],[18.10342939941505,49.73993416500526],[18.1032755884415,49.7398086726767],[18.103184835530758,49.73972640663638],[18.102888089015522,49.73956133605806],[18.102575342995255,49.73940230010067],[18.10234285573492,49.73933612232242],[18.10214611869688,49.73930096007162],[18.10187672360641,49.73918772344248],[18.101823501578725,49.739165366305954],[18.101802901276084,49.73914379057674],[18.101712902529577,49.7392269188831],[18.101640506769716,49.739308616307724],[18.10146765201816,49.7393865573301],[18.101315696931017,49.73940097775225],[18.100898271558687,49.739491293483],[18.10056269728875,49.739511282474695],[18.100252253813576,49.73964950123634],[18.100109543993106,49.739652263853166],[18.100108102983217,49.73971093951857],[18.099800588499065,49.73988696232781],[18.09969437184953,49.73998585988964],[18.09960525465904,49.740095212125766],[18.099646093064912,49.740166594501744],[18.099585771753546,49.740216849336036],[18.099289857049992,49.740160307065594],[18.09903958325378,49.74002324585566],[18.099015707302996,49.73995617265591],[18.098968793567746,49.73989464178836],[18.098682904656098,49.73982892319429],[18.098527683521027,49.73980695978975],[18.098350241808756,49.73973543728776],[18.098322054001482,49.739786987523416],[18.098297040486415,49.73985307035191],[18.0984025478236,49.73999774053721],[18.0985148680095,49.74007600902197],[18.098532813126308,49.740157996867396],[18.098500694826694,49.74017908585493],[18.098411842996594,49.74023736632922],[18.098420321471774,49.740372516542706],[18.09827521507851,49.74044093832087],[18.098253640121634,49.74045107710897],[18.098053624549642,49.74051157496376],[18.09789021070144,49.74054158242064],[18.097785936921117,49.74056071100127],[18.0975870089678,49.74065719315189],[18.097568492576517,49.74076453450304],[18.09741941270351,49.740832457330555],[18.097291816217595,49.740812162606694],[18.09721915715428,49.74080060582665],[18.097251829155162,49.74062204787673],[18.097227375885325,49.740486615556996],[18.09727403598238,49.74038738245268],[18.097055019290572,49.74024786230524],[18.096976291542877,49.74014281148529],[18.096856956082355,49.74012732107109],[18.09677590153943,49.740092538608884],[18.09667798790695,49.74014984827395],[18.096620291683763,49.740349539468376],[18.09649917125503,49.740538382128996],[18.09649043708735,49.74062092035591],[18.096306654085527,49.74074218528942],[18.096250187597693,49.740845911666554],[18.096018493087126,49.74096921930618],[18.095206522964876,49.74139761955207],[18.095043104527942,49.741483854169196],[18.094951767087775,49.74153783827229],[18.094867945220326,49.74158981531724],[18.094611177926488,49.74174887264426],[18.094085610127433,49.742074510894895],[18.09374105422458,49.742288023926356],[18.09368267646332,49.74232701480464],[18.09360369322157,49.742377192012356],[18.09326440489349,49.74259290072398],[18.09303580990643,49.74273831357456],[18.09294584961015,49.742795443966074],[18.0928482409181,49.742837153631314],[18.09270479910269,49.74289835363556],[18.092663694805857,49.74290665178947],[18.09264330939404,49.74291008833296],[18.09259598633252,49.7429149617632],[18.092591893024284,49.74291535931303],[18.092415246029557,49.74277256905089],[18.0920316937971,49.74248011090812],[18.091778496319225,49.74232264847643],[18.09147375875388,49.74217035850201],[18.09145440764758,49.74219073246279],[18.09145001705822,49.74219535512569],[18.091429201519276,49.74222340753089],[18.091416756914608,49.74224011516987],[18.09137635134706,49.74225350735486],[18.091239667354458,49.74229884579571],[18.091133124656697,49.74230800070734],[18.090950684457344,49.74231912890122],[18.09082024908074,49.74232781837709],[18.09069571574892,49.742336123515706],[18.090668176722843,49.74233788655653],[18.09064418836857,49.742453579291826],[18.090476968830927,49.742547172350314],[18.090307232527625,49.742665352112034],[18.090111755009417,49.742843614654426],[18.0899654230796,49.74290861744748],[18.089970841565307,49.743166166173026],[18.08990634442381,49.74337873437108],[18.089910687096996,49.74365030189248],[18.089749908940455,49.74376709853674],[18.08938504936325,49.74374620832303],[18.089232718507755,49.743549747106506],[18.08894817882264,49.74356802368405],[18.088791764497294,49.743415825722884],[18.08848798701461,49.74335149541738],[18.08844786333495,49.74350886637479],[18.088353312039217,49.743640465403324],[18.088034739662806,49.743738746343936],[18.087882371934548,49.74383264519387],[18.08775231079554,49.74381914915785],[18.087559304753,49.743880122309534],[18.08749310443714,49.743950885058666],[18.086929756313854,49.7441005819849],[18.08670277529072,49.74412061575438],[18.086473472253203,49.7441770711696],[18.08627388660835,49.74420354739937],[18.086240218768943,49.744212449929265],[18.086191956904322,49.74422520994135],[18.085994441567877,49.74427734775305],[18.08573811043529,49.7443450703509],[18.085463195999104,49.744342769483545],[18.085150952107792,49.74442010446722],[18.084849105842903,49.74453964409849],[18.084558055310772,49.74462803020366],[18.084258175844788,49.744684138338165],[18.08396975504412,49.74469811924834],[18.0838169448232,49.74476761793367],[18.08335037724686,49.74485812839954],[18.082973091746844,49.74480473499733],[18.08270915678162,49.74475666349467],[18.082361274532385,49.74476542735639],[18.082240873275833,49.744768906237354],[18.082117909874125,49.744849320107804],[18.081479291982898,49.74485838545636],[18.081299190068922,49.74487983273055],[18.080719745293784,49.744844177454986],[18.080480388902394,49.74488542324416],[18.08013562836696,49.74486926723567],[18.079759166335297,49.74498939055165],[18.07934423280784,49.74505360191971],[18.078947146424657,49.745130930204546],[18.07838752209526,49.74514288414641],[18.078005913141176,49.74512217165039],[18.077425622918604,49.74516100673967],[18.077049318417142,49.74511369774964],[18.07690701031386,49.745189837943585],[18.076440508305396,49.745196112578725],[18.076201574538885,49.74526174453413],[18.075910466221476,49.74530858714206],[18.075786386945648,49.745306342590574],[18.075602415570245,49.745370342884975],[18.07495956945644,49.74550811310757],[18.074400842179095,49.74560313967715],[18.074114152491973,49.745576849594244],[18.07394694893637,49.745627187465146],[18.073711783507978,49.74561730209422],[18.07337844160913,49.745738707401074],[18.073093041981632,49.74582730070625],[18.072936389560653,49.74581469915675],[18.072663079450482,49.745869866748265],[18.072527708460445,49.745963459631426],[18.072342923658706,49.745977313677784],[18.072324416875624,49.7460434055159],[18.072243953821456,49.74609501940525],[18.072118393311126,49.74621363574883],[18.07198126516262,49.746237536028474],[18.07185404058588,49.74631941065722],[18.071775392303188,49.74642600713637],[18.071482736760668,49.74655335366326],[18.071387902408432,49.74664078801299],[18.071377194350145,49.746759859402715],[18.071296624898018,49.74685298672216],[18.071321568660224,49.74691913586678],[18.071426504121554,49.74703392452597],[18.07136187148502,49.74717553434361],[18.071426887930752,49.747237936431056],[18.07141897517327,49.74733758163086],[18.071354984808966,49.74741947554023],[18.071412282992352,49.74758315866219],[18.07133553141489,49.74767280452481],[18.071202393719737,49.747742876079926],[18.07115732050797,49.74784941404641],[18.07121988869919,49.74804688661539],[18.071272325399637,49.74812183489545],[18.071236076726205,49.74823005287289],[18.071238746415595,49.74832768799541],[18.071298459584465,49.74838915376848],[18.071298178555843,49.74852263361059],[18.071402952184872,49.748686514680834],[18.071336572813113,49.74891016171546],[18.07136280019846,49.748980175376715],[18.071317438836743,49.74906232640106],[18.07139073050982,49.7493393022891],[18.07112079081171,49.74946542554611],[18.07116336984412,49.749534031149835],[18.071229258614764,49.74959007466553],[18.071239115728158,49.74968812232996],[18.071173512057715,49.749748170763645],[18.071149224082767,49.74986059551996],[18.07103935528847,49.74993669654475],[18.071000910335407,49.75015265022306],[18.071038799474476,49.75038697644391],[18.07119573450551,49.75045059329979],[18.07120453073981,49.7505044424443],[18.07117457463431,49.75056662752997],[18.071231408529528,49.75081828806159],[18.071247419587884,49.75102924424394],[18.071188859294395,49.7511559485655],[18.07111095181271,49.751215290756086],[18.071162337434345,49.75133666281096],[18.07091743076709,49.75162091610522],[18.070864517594593,49.75182448574368],[18.070716693993027,49.75196926265372],[18.070514615311534,49.75209106730059],[18.070499113349104,49.75219117931762],[18.070334662004782,49.75234547154132],[18.070160754681847,49.752412028629664],[18.070148616624206,49.75250078036212],[18.07003304029159,49.75252077185629],[18.069530777207795,49.75253841893309],[18.06933417270844,49.752606921089935],[18.0691910343957,49.75255952891202],[18.069033211205547,49.752573663716255],[18.06897122959542,49.75264384793821],[18.068946339265516,49.75267202432416],[18.068653079304042,49.752851321808805],[18.06844047832717,49.75287278059074],[18.068321739469873,49.75291587624976],[18.068184702941522,49.75293589728348],[18.06814420077832,49.75300893937659],[18.06791805678685,49.75312123459869],[18.067803659363836,49.753170265574816],[18.06776950955714,49.75324574840552],[18.06766238909906,49.75332101189197],[18.067590113234548,49.7534124475249],[18.06731231160383,49.75356320481129],[18.067237470967658,49.753825086677324],[18.066784822329435,49.753926988096694],[18.066517176150512,49.75403301593761],[18.06642061796407,49.75409724148129],[18.06623609338794,49.75414865144234],[18.06615017202367,49.754266471203934],[18.065969285816376,49.754378835677926],[18.065668826377667,49.75440291501468],[18.06532007850326,49.75461286572905],[18.065024858166215,49.754714688812655],[18.064866578424823,49.75487357160242],[18.06474276370956,49.7548600493028],[18.064544386801707,49.7549403569966],[18.064329873975367,49.75515278268081],[18.06421620223814,49.755181182425986],[18.064112778658963,49.7552527743623],[18.06398215911739,49.7552594399264],[18.063861612199172,49.75533907389336],[18.063687376357795,49.75538854414494],[18.063552100175052,49.7554078490704],[18.06347585516647,49.75543966253128],[18.06337669011221,49.75539262412296],[18.063128016683184,49.755373188594824],[18.062829791193558,49.75527201604844],[18.062446446667682,49.755246102896756],[18.062282388264265,49.75522123885165],[18.06212462103212,49.75526641821997],[18.061904788137962,49.7552408751897],[18.06172783555305,49.75520741642872],[18.06155917227704,49.75528942739346],[18.0612575365693,49.7553586494342],[18.061121389088143,49.75533547845957],[18.06103495621174,49.755353165487286],[18.060964142585576,49.75536768857805],[18.06082533588606,49.75547786167782],[18.06081519774183,49.75548576346912],[18.06073220061652,49.755550583982114],[18.06072252620659,49.75555815137903],[18.060619206193827,49.755651319117064],[18.06040812575169,49.755768348744915],[18.060253040426993,49.75581629757455],[18.06008760952956,49.756033343826054],[18.05975315981238,49.756102029696635],[18.059594078453756,49.75620354412533],[18.05943221901957,49.756125999378796],[18.058873951720024,49.75625005137323],[18.05864532218604,49.75622869018854],[18.05846504120714,49.75629170589411],[18.05829334207831,49.75628598384415],[18.05814667960929,49.756336490516105],[18.057980619554662,49.756103541448034],[18.057676564781413,49.75606222507743],[18.057371160596613,49.756123277891085],[18.057289059219276,49.75623336918045],[18.05713025283882,49.7561508517012],[18.05690366738305,49.75626707405015],[18.056760813548898,49.756283679005776],[18.056421100612113,49.756409008511305],[18.056338259502077,49.75647771658396],[18.056205877157144,49.75645349287672],[18.056069080371646,49.75653669803863],[18.055960704800857,49.756647353134504],[18.05580279094315,49.75666200747494],[18.05575143133809,49.756861872300526],[18.05553105288134,49.75680469433966],[18.05548811356573,49.75689636762548],[18.05537758830509,49.75698000041904],[18.055064039981673,49.75703128212341],[18.054946911028782,49.757105147325085],[18.054729164916736,49.75715580245702],[18.054345381635354,49.757439889925365],[18.05411981046577,49.75747240232471],[18.054013439851143,49.75760700064475],[18.053817735231792,49.75769502763933],[18.05364944354723,49.75771115815259],[18.053460451907267,49.75782033131717],[18.05317728791379,49.75788265401827],[18.052915546160964,49.75789340535063],[18.052547659290266,49.75799643315105],[18.052237135908744,49.75793821274673],[18.05188287305774,49.758070906826674],[18.05164793886466,49.75820008878511],[18.051274247200716,49.75830476451031],[18.050946024545365,49.75846901262265],[18.05071590961231,49.75871436790232],[18.05051837173365,49.75875778482865],[18.050131409443765,49.75891242101661],[18.049612943132676,49.759020129466585],[18.049390523439065,49.75922151634778],[18.049240964511757,49.759263541912276],[18.0490906464264,49.75938116398702],[18.049018431529724,49.759490105081916],[18.04877819030898,49.759561388653516],[18.04862311178749,49.75965987112106],[18.048251800064563,49.75969427004874],[18.04825920246439,49.75976419893744],[18.048263951073974,49.759808791588426],[18.048275807256168,49.7599214006141],[18.048280813912957,49.75996817443462],[18.048309172763606,49.76029863598097],[18.048311258024654,49.76033928418429],[18.048318617286156,49.76042780474461],[18.048296821986607,49.76052773444518],[18.04827669870348,49.760578928122456],[18.048246321235272,49.7605972170865],[18.04824292282228,49.76063213370058],[18.04823339122574,49.76073204755524],[18.04822208659032,49.76085198795825],[18.04821082800948,49.76097057706414],[18.048201421929107,49.76108683574926],[18.048155558569807,49.76165555950558],[18.048153451781598,49.76177142616335],[18.048167032511703,49.761844057630974],[18.048175504733944,49.761889947835606],[18.048190492445645,49.761970603464505],[18.048214268926394,49.76209788961288],[18.048206017583688,49.76222603920893],[18.04816909031846,49.76280376209125],[18.04817234336915,49.76282777885461],[18.048191883270114,49.76297070724878],[18.04820705830252,49.76307538355493],[18.048216548091915,49.76310066209797],[18.04828905973946,49.763294209489345],[18.04845496698895,49.76348040789758],[18.04860903494213,49.76365337769582],[18.048821256777142,49.76384937309369],[18.049056869976926,49.76406684344958],[18.049089031191617,49.76409649619802],[18.049128824143093,49.76413146254792],[18.04914461291557,49.7641453694793],[18.04924224296813,49.76423105387883],[18.049419837936803,49.76438696324656],[18.049637617901116,49.764578041491674],[18.049765718771276,49.76469048240507],[18.04985476971434,49.76476863173854],[18.049980167724673,49.764872341786294],[18.050157902348893,49.7650191412241],[18.050417230651558,49.76523346013908],[18.05045568893109,49.76526699513947],[18.05070486249276,49.765484248924366],[18.050930637802395,49.76568110981208],[18.05104900142086,49.76578432323595],[18.05122592820098,49.765927914922045],[18.051575652218713,49.76621170042153],[18.051825317098068,49.76641426665418],[18.051881988596804,49.766460312590596],[18.05210485969544,49.76664590116871],[18.052298336185068,49.76680705151029],[18.052393518587216,49.766886273322406],[18.05269849199002,49.76720584079884],[18.05291713876832,49.767392809027456],[18.053098864801957,49.76754822683988],[18.05315415896526,49.767591123821745],[18.053374076746117,49.76776173636893],[18.05355922430956,49.767905435529094],[18.053581271606944,49.767922499906284],[18.05399920205972,49.76821417201679],[18.054124603675607,49.76830171971879],[18.054311789640227,49.76841737289974],[18.054527498457226,49.76855064292035],[18.054668269754707,49.76865315495424],[18.054836918910453,49.76877595464362],[18.05484681704191,49.76878609178883],[18.054961600102597,49.768904348501835],[18.055143806115783,49.76909192319697],[18.055283982002862,49.769250633249555],[18.055317557125502,49.76927612281081],[18.05548800222099,49.76940516241644],[18.055535095572804,49.76944081666402],[18.055660447482754,49.76950335692028],[18.055883118211394,49.76961436856414],[18.056078770167105,49.769714077559364],[18.05626817872251,49.76981053874313],[18.056736475923355,49.769928182420685],[18.056785241650793,49.76994046418573],[18.05717940374649,49.76996962861291],[18.057491694445503,49.769947418919635],[18.057855271853573,49.769824536816394],[18.058197177738087,49.7697621466741],[18.058402715959655,49.76974399664982],[18.059185239558996,49.769674801447394],[18.059606613782076,49.769651816463984],[18.059607240314623,49.769636056721374],[18.06054380398862,49.76951766888026],[18.06123923414566,49.76939444291122],[18.06194130646779,49.769210487841164],[18.06301707880335,49.76881223741672],[18.063592670837775,49.76871424625962],[18.063887284721545,49.76870806401092],[18.06555216164038,49.76878771531495],[18.066334534766213,49.768791666723686],[18.068778507460674,49.76865073241684],[18.0699907691589,49.76844501988318],[18.070472471321423,49.76840975388127],[18.070838269081623,49.76840475115795],[18.070879766084357,49.76840803509993],[18.071210937177668,49.76843407938505],[18.071691774992704,49.76850598792745],[18.072545947441483,49.76871547834269],[18.07275588476264,49.768766966092166],[18.073928686380803,49.76905456710308],[18.07489283876749,49.76925175392442],[18.075011320592992,49.769281113751674],[18.075393886677794,49.76937571199908],[18.075737899324174,49.769460787125254],[18.075661573435685,49.76956752007283],[18.07582663846966,49.76965370602079],[18.075711636016702,49.769714084235005],[18.07545148849592,49.7696883352749],[18.075372232168895,49.76959732149338],[18.07520448396186,49.76955421539405],[18.07504990319251,49.76948920896625],[18.074990007806328,49.769524676007975],[18.07498501943596,49.76959786138751],[18.07508683123407,49.76967067287584],[18.075050846861696,49.76978098264608],[18.07516688413889,49.769908765678295],[18.075358128063016,49.7699013197844],[18.075387762594058,49.77001891265631],[18.07525491967811,49.77004667653319],[18.075334764184888,49.770133391609505],[18.07519543042663,49.770298339043535],[18.0751053812103,49.770315830223176],[18.074923574286057,49.77035107544588],[18.074845706955095,49.77036610595712],[18.074897655317333,49.77014515067572],[18.07491372033364,49.77007657196894],[18.074593475895075,49.76989203756859],[18.07446028219651,49.76987140117128],[18.074256719806215,49.76996894048094],[18.07427407902089,49.77004990632677],[18.074452166921905,49.77015092168796],[18.074456632406243,49.7701763602829],[18.074463803412215,49.77021666639457],[18.074481329138088,49.770315783945875],[18.07455647440476,49.77043788270323],[18.074662182743875,49.77058005692728],[18.074544139657377,49.77063818383214],[18.074427519631904,49.77059620387592],[18.074339982543226,49.77056473725588],[18.074326164963257,49.77055979282131],[18.074173786504165,49.770569376053885],[18.074035662452,49.770506305153724],[18.073985897934907,49.77035759093308],[18.07360147431016,49.77035603009412],[18.073372531287085,49.77019378834053],[18.073202043318545,49.770147272887776],[18.073027448125348,49.77020314713992],[18.072949134705485,49.77029378868102],[18.072940288180675,49.77057859295194],[18.07281204530998,49.7706318006436],[18.072608692318692,49.77066661876255],[18.07259784043316,49.77074596656684],[18.072930636154,49.77102112537814],[18.072846689494234,49.77119574655338],[18.072707204342045,49.771325030269566],[18.07254553305935,49.7713903104139],[18.072337434225133,49.771448594371954],[18.072541662127104,49.77167540011202],[18.072732249830523,49.77177063623869],[18.072814127132474,49.77193419061678],[18.072773546657118,49.77204748569254],[18.072689435019317,49.77208165290353],[18.072521801264717,49.7721497502032],[18.072462670191893,49.77224582449236],[18.07245104837531,49.77226456366983],[18.072529051760267,49.77246255580006],[18.07261711874771,49.7726205984236],[18.072694715879244,49.77264833684978],[18.072738158410562,49.77266391659826],[18.073472769822168,49.772926830294175],[18.07456811389919,49.773301589011965],[18.074967403176633,49.773438213837004],[18.07503970053674,49.773462938845384],[18.075093032777886,49.77344289063324],[18.075100538382973,49.77343998142225],[18.075129620882787,49.77342910301281],[18.07513756582871,49.773426038473545],[18.075500785157505,49.77328927269412],[18.0756300484093,49.77334280719222],[18.075658136986,49.77335245085088],[18.075723840018863,49.77337138174399],[18.07572960264945,49.773373066053736],[18.075801861357114,49.773393997458804],[18.077349891686215,49.77384125685462],[18.07814406415959,49.77410204701076],[18.0786437511861,49.774335303642296],[18.078861357951507,49.77443695086852],[18.079477692515223,49.7747580313436],[18.080550067567327,49.77539433683336],[18.081518971397177,49.77595980732668],[18.08303068002918,49.776828035077344],[18.08349680088358,49.776311282333594],[18.084073158611766,49.77570877704783],[18.084212192955945,49.77541626784628],[18.084374807348755,49.774827526366],[18.084682308228153,49.774336166168524],[18.084700655688582,49.77430896581623],[18.08482826140624,49.774119508814294],[18.084958420675164,49.77418391459884],[18.085105807484975,49.7742568883123],[18.08522420606997,49.7743155659102],[18.085263105674944,49.77433485194971],[18.085277185145905,49.7743419761561],[18.08534566715039,49.77437631413753],[18.085452495844997,49.77442990638355],[18.085465404114217,49.77443642195849],[18.08550943968684,49.77446096616587],[18.08557393144927,49.774496970969004],[18.086381791546035,49.775027455459885],[18.0868296689556,49.775372065641776],[18.086974836383803,49.775483810853295],[18.087948450505184,49.776252212987735],[18.087968447386135,49.77626806946023],[18.088013118154233,49.776303299341954],[18.088043444810747,49.77632823121612],[18.088131045390288,49.77640021590121],[18.08815272188908,49.776418063873784],[18.08818373307193,49.77643798042386],[18.08826109354256,49.77648185026864],[18.089257567924125,49.77704621024029],[18.089336121110215,49.777095653226425],[18.089597311368017,49.777260154550625],[18.089784728465837,49.777093971822254]]]},"properties":{"id":"obec-556858","code":556858,"name":"Bravantice","count":344,"kind":"Celá obec","parts":["Bravantice"]}},{"type":"Feature","geometry":{"type":"Polygon","coordinates":[[[18.033228360113426,49.77203666529601],[18.03426589870434,49.77293201665444],[18.035730535278557,49.77419012118585],[18.035957829868174,49.77430893049055],[18.036336977270967,49.77448704527027],[18.03664861908607,49.77459456051516],[18.03702056461995,49.77474905964605],[18.03711492080383,49.7748017992282],[18.037244615972085,49.77489656344756],[18.037300297224142,49.774865654701294],[18.037323839647186,49.774852570107186],[18.037331984208663,49.774848075267165],[18.03734340593402,49.774837992529086],[18.03736480780396,49.774819188140015],[18.037412652232298,49.77477735684029],[18.03748049278137,49.774721875352384],[18.037547004310255,49.77468518231137],[18.037665901366875,49.774621271640434],[18.037758532921597,49.77457200352827],[18.038633484043682,49.77423287459235],[18.039001214862704,49.774067230174076],[18.039852571360367,49.773391584458345],[18.04022489729479,49.77305957529365],[18.040606619831664,49.772753470857126],[18.04086843529463,49.77258965964455],[18.041150652555476,49.77242747514306],[18.041185594025,49.772427774028486],[18.04153766872744,49.772377931023605],[18.041811281983723,49.77233818790144],[18.042045204073734,49.77241792201426],[18.042121232226254,49.772443786045386],[18.04216809729004,49.77245975547275],[18.042187132770366,49.772466268234346],[18.042346026067065,49.7723647619522],[18.042318061699593,49.77226295824146],[18.042407170097345,49.77224940870887],[18.042478074525164,49.77223851090128],[18.04250315092389,49.77220105246501],[18.04258094747526,49.77214505908132],[18.04266630580239,49.772138514332234],[18.04278584727901,49.77210126395948],[18.04281567444308,49.771915596212864],[18.042925444316733,49.77189773083985],[18.04309985071947,49.77175631863707],[18.043064022068513,49.77170262361628],[18.04309704496644,49.7715819489739],[18.043168242000483,49.771504995005856],[18.04322674133533,49.77127900691979],[18.043127190522828,49.77121640494607],[18.043054726042516,49.7711077949036],[18.043046212424166,49.77092425048517],[18.042816512270416,49.77071947585002],[18.042814130427693,49.770674929066054],[18.042806923934066,49.770537674662904],[18.04273587080409,49.77038735371181],[18.042806910569194,49.77032979754014],[18.042794404600347,49.77025749809495],[18.04267538309628,49.77015911244317],[18.042533612714276,49.77014516584776],[18.042505914467437,49.77008201007853],[18.04260028040027,49.770037261705916],[18.042570858424973,49.7699734650377],[18.042630733152663,49.76983384805486],[18.04252841583328,49.769760976393876],[18.042536748660147,49.76962524920666],[18.04254455893284,49.769605931622245],[18.04258948033283,49.76956907525287],[18.042608232063994,49.769552283723755],[18.042671542068337,49.7694312784207],[18.04254183587372,49.76924228416654],[18.04238711760944,49.76897566595623],[18.04236757112672,49.768851149433125],[18.042359899274203,49.768802506647695],[18.042298830629587,49.76878039296122],[18.042178417160656,49.768736806410125],[18.04216169643871,49.768624186903075],[18.04213022613853,49.768410976228786],[18.042128212456372,49.76839723039523],[18.042055994666296,49.76839135324865],[18.04202098575632,49.768388523186346],[18.042033601376513,49.76837074626444],[18.04208268690833,49.7682589406572],[18.042112499009892,49.768246848519794],[18.04238039246546,49.768137995035595],[18.04243696331691,49.768105601208646],[18.042456171576234,49.7680946128926],[18.042487173334933,49.76807690263611],[18.042509417533292,49.768064103479276],[18.0425719518091,49.76803394880015],[18.043601815906488,49.76753682152565],[18.043621204771025,49.767527558454745],[18.04347845980656,49.76739495037964],[18.043274882042805,49.76718779937607],[18.042989065279336,49.76687021027986],[18.04260964165433,49.76648945698821],[18.042447554581614,49.76633740905671],[18.04213900573505,49.76608494098989],[18.042150471301426,49.76606944464405],[18.043148805091132,49.76472211972033],[18.043349116135182,49.764451770461335],[18.04363703765683,49.76408429135657],[18.043734370759406,49.76396001109234],[18.04438628824839,49.76320470228864],[18.04532046646938,49.762286209543184],[18.04533723282098,49.762270657315874],[18.045385814336147,49.76222534588402],[18.045689972111635,49.761942382321756],[18.04584589017817,49.761797285293724],[18.045902000374824,49.76175701084316],[18.046078568317675,49.761663470078524],[18.046105014586146,49.761649468293996],[18.046254244631683,49.7615703290379],[18.04654703880272,49.76140053101912],[18.04663050602704,49.76135280581546],[18.0481753023312,49.76063040573266],[18.048246321235272,49.7605972170865],[18.04827669870348,49.760578928122456],[18.048296821986607,49.76052773444518],[18.048318617286156,49.76042780474461],[18.048311258024654,49.76033928418429],[18.048309172763606,49.76029863598097],[18.048280813912957,49.75996817443462],[18.048275807256168,49.7599214006141],[18.048263951073974,49.759808791588426],[18.04825920246439,49.75976419893744],[18.048251800064563,49.75969427004874],[18.04862311178749,49.75965987112106],[18.04877819030898,49.759561388653516],[18.049018431529724,49.759490105081916],[18.0490906464264,49.75938116398702],[18.049240964511757,49.759263541912276],[18.049390523439065,49.75922151634778],[18.049612943132676,49.759020129466585],[18.050131409443765,49.75891242101661],[18.05051837173365,49.75875778482865],[18.05071590961231,49.75871436790232],[18.050946024545365,49.75846901262265],[18.051274247200716,49.75830476451031],[18.05164793886466,49.75820008878511],[18.05188287305774,49.758070906826674],[18.052237135908744,49.75793821274673],[18.052547659290266,49.75799643315105],[18.052915546160964,49.75789340535063],[18.05317728791379,49.75788265401827],[18.053460451907267,49.75782033131717],[18.05364944354723,49.75771115815259],[18.053817735231792,49.75769502763933],[18.054013439851143,49.75760700064475],[18.05411981046577,49.75747240232471],[18.054345381635354,49.757439889925365],[18.054729164916736,49.75715580245702],[18.054946911028782,49.757105147325085],[18.055064039981673,49.75703128212341],[18.05537758830509,49.75698000041904],[18.05548811356573,49.75689636762548],[18.05553105288134,49.75680469433966],[18.05575143133809,49.756861872300526],[18.05580279094315,49.75666200747494],[18.055960704800857,49.756647353134504],[18.056069080371646,49.75653669803863],[18.056205877157144,49.75645349287672],[18.056338259502077,49.75647771658396],[18.056421100612113,49.756409008511305],[18.056760813548898,49.756283679005776],[18.05690366738305,49.75626707405015],[18.05713025283882,49.7561508517012],[18.057289059219276,49.75623336918045],[18.057371160596613,49.756123277891085],[18.057676564781413,49.75606222507743],[18.057980619554662,49.756103541448034],[18.05814667960929,49.756336490516105],[18.05829334207831,49.75628598384415],[18.05846504120714,49.75629170589411],[18.05864532218604,49.75622869018854],[18.058873951720024,49.75625005137323],[18.05943221901957,49.756125999378796],[18.059594078453756,49.75620354412533],[18.05975315981238,49.756102029696635],[18.06008760952956,49.756033343826054],[18.060253040426993,49.75581629757455],[18.06040812575169,49.755768348744915],[18.060619206193827,49.755651319117064],[18.06072252620659,49.75555815137903],[18.06073220061652,49.755550583982114],[18.06081519774183,49.75548576346912],[18.06082533588606,49.75547786167782],[18.060964142585576,49.75536768857805],[18.06103495621174,49.755353165487286],[18.061121389088143,49.75533547845957],[18.0612575365693,49.7553586494342],[18.06155917227704,49.75528942739346],[18.06172783555305,49.75520741642872],[18.061904788137962,49.7552408751897],[18.06212462103212,49.75526641821997],[18.062282388264265,49.75522123885165],[18.062446446667682,49.755246102896756],[18.062829791193558,49.75527201604844],[18.063128016683184,49.755373188594824],[18.06337669011221,49.75539262412296],[18.06347585516647,49.75543966253128],[18.063552100175052,49.7554078490704],[18.063687376357795,49.75538854414494],[18.063861612199172,49.75533907389336],[18.06398215911739,49.7552594399264],[18.064112778658963,49.7552527743623],[18.06421620223814,49.755181182425986],[18.064329873975367,49.75515278268081],[18.064544386801707,49.7549403569966],[18.06474276370956,49.7548600493028],[18.064866578424823,49.75487357160242],[18.065024858166215,49.754714688812655],[18.06532007850326,49.75461286572905],[18.065668826377667,49.75440291501468],[18.065969285816376,49.754378835677926],[18.06615017202367,49.754266471203934],[18.06623609338794,49.75414865144234],[18.06642061796407,49.75409724148129],[18.066517176150512,49.75403301593761],[18.066784822329435,49.753926988096694],[18.067237470967658,49.753825086677324],[18.06731231160383,49.75356320481129],[18.067590113234548,49.7534124475249],[18.06766238909906,49.75332101189197],[18.06776950955714,49.75324574840552],[18.067803659363836,49.753170265574816],[18.06791805678685,49.75312123459869],[18.06814420077832,49.75300893937659],[18.068184702941522,49.75293589728348],[18.068321739469873,49.75291587624976],[18.06844047832717,49.75287278059074],[18.068653079304042,49.752851321808805],[18.068946339265516,49.75267202432416],[18.06897122959542,49.75264384793821],[18.069033211205547,49.752573663716255],[18.0691910343957,49.75255952891202],[18.06933417270844,49.752606921089935],[18.069530777207795,49.75253841893309],[18.07003304029159,49.75252077185629],[18.070148616624206,49.75250078036212],[18.070160754681847,49.752412028629664],[18.070334662004782,49.75234547154132],[18.070499113349104,49.75219117931762],[18.070514615311534,49.75209106730059],[18.070716693993027,49.75196926265372],[18.070864517594593,49.75182448574368],[18.07091743076709,49.75162091610522],[18.071162337434345,49.75133666281096],[18.07111095181271,49.751215290756086],[18.071188859294395,49.7511559485655],[18.071247419587884,49.75102924424394],[18.071231408529528,49.75081828806159],[18.07117457463431,49.75056662752997],[18.07120453073981,49.7505044424443],[18.07119573450551,49.75045059329979],[18.071038799474476,49.75038697644391],[18.071000910335407,49.75015265022306],[18.07103935528847,49.74993669654475],[18.071149224082767,49.74986059551996],[18.071173512057715,49.749748170763645],[18.071239115728158,49.74968812232996],[18.071229258614764,49.74959007466553],[18.07116336984412,49.749534031149835],[18.07112079081171,49.74946542554611],[18.07139073050982,49.7493393022891],[18.071317438836743,49.74906232640106],[18.07136280019846,49.748980175376715],[18.071336572813113,49.74891016171546],[18.071402952184872,49.748686514680834],[18.071298178555843,49.74852263361059],[18.071298459584465,49.74838915376848],[18.071238746415595,49.74832768799541],[18.071236076726205,49.74823005287289],[18.071272325399637,49.74812183489545],[18.07121988869919,49.74804688661539],[18.07115732050797,49.74784941404641],[18.071202393719737,49.747742876079926],[18.07133553141489,49.74767280452481],[18.071412282992352,49.74758315866219],[18.071354984808966,49.74741947554023],[18.07141897517327,49.74733758163086],[18.071426887930752,49.747237936431056],[18.07136187148502,49.74717553434361],[18.071426504121554,49.74703392452597],[18.071321568660224,49.74691913586678],[18.071296624898018,49.74685298672216],[18.071377194350145,49.746759859402715],[18.071387902408432,49.74664078801299],[18.071482736760668,49.74655335366326],[18.071775392303188,49.74642600713637],[18.07185404058588,49.74631941065722],[18.07198126516262,49.746237536028474],[18.072118393311126,49.74621363574883],[18.072243953821456,49.74609501940525],[18.072324416875624,49.7460434055159],[18.072342923658706,49.745977313677784],[18.072527708460445,49.745963459631426],[18.072663079450482,49.745869866748265],[18.072936389560653,49.74581469915675],[18.073093041981632,49.74582730070625],[18.07337844160913,49.745738707401074],[18.073711783507978,49.74561730209422],[18.07394694893637,49.745627187465146],[18.074114152491973,49.745576849594244],[18.074400842179095,49.74560313967715],[18.07495956945644,49.74550811310757],[18.075602415570245,49.745370342884975],[18.075786386945648,49.745306342590574],[18.075910466221476,49.74530858714206],[18.076201574538885,49.74526174453413],[18.076440508305396,49.745196112578725],[18.07690701031386,49.745189837943585],[18.077049318417142,49.74511369774964],[18.077425622918604,49.74516100673967],[18.078005913141176,49.74512217165039],[18.07838752209526,49.74514288414641],[18.078947146424657,49.745130930204546],[18.07934423280784,49.74505360191971],[18.079759166335297,49.74498939055165],[18.08013562836696,49.74486926723567],[18.080480388902394,49.74488542324416],[18.080719745293784,49.744844177454986],[18.081299190068922,49.74487983273055],[18.081479291982898,49.74485838545636],[18.082117909874125,49.744849320107804],[18.082240873275833,49.744768906237354],[18.082361274532385,49.74476542735639],[18.08270915678162,49.74475666349467],[18.082973091746844,49.74480473499733],[18.08335037724686,49.74485812839954],[18.0838169448232,49.74476761793367],[18.08396975504412,49.74469811924834],[18.084258175844788,49.744684138338165],[18.084558055310772,49.74462803020366],[18.084849105842903,49.74453964409849],[18.085150952107792,49.74442010446722],[18.085463195999104,49.744342769483545],[18.08573811043529,49.7443450703509],[18.085994441567877,49.74427734775305],[18.086191956904322,49.74422520994135],[18.086240218768943,49.744212449929265],[18.08627388660835,49.74420354739937],[18.086473472253203,49.7441770711696],[18.08670277529072,49.74412061575438],[18.086929756313854,49.7441005819849],[18.08749310443714,49.743950885058666],[18.087559304753,49.743880122309534],[18.08775231079554,49.74381914915785],[18.087882371934548,49.74383264519387],[18.088034739662806,49.743738746343936],[18.088353312039217,49.743640465403324],[18.08844786333495,49.74350886637479],[18.08848798701461,49.74335149541738],[18.088791764497294,49.743415825722884],[18.08894817882264,49.74356802368405],[18.089232718507755,49.743549747106506],[18.08938504936325,49.74374620832303],[18.089749908940455,49.74376709853674],[18.089910687096996,49.74365030189248],[18.08990634442381,49.74337873437108],[18.08988563941197,49.74337123080589],[18.08986529173169,49.74334271731953],[18.089790911337758,49.74323854190145],[18.08975675895958,49.743190734885935],[18.08957417983824,49.742961763814954],[18.0892465973924,49.74265526078791],[18.08899989129436,49.742392018702226],[18.088963551709778,49.74235311203978],[18.088922748671525,49.742316296512996],[18.088912916216117,49.74229443229169],[18.088875874760934,49.74224943802965],[18.088859363162598,49.742231614035525],[18.088845809760013,49.7422186529176],[18.08883226857647,49.74220560223805],[18.088811515734683,49.742175982177365],[18.08861063696509,49.741948488366205],[18.088472854160404,49.741792482458415],[18.08816550378052,49.741449044573045],[18.088123330415574,49.741401860624656],[18.087971404513517,49.74123213682267],[18.08766413827637,49.74088915324184],[18.087636574608545,49.74085842071297],[18.087624489362675,49.74084491167815],[18.08761044178875,49.74082740909051],[18.087597958708905,49.740811711038404],[18.087570593708605,49.740783607391485],[18.087519269150157,49.740731024985145],[18.087456677193877,49.740662001771256],[18.08732287895808,49.74051461635651],[18.08717483810576,49.740354229875884],[18.086878504561888,49.73999345673176],[18.086843977888513,49.73995149393213],[18.086836468776454,49.739942218343806],[18.086829654462118,49.73993397541084],[18.086825103200884,49.73992956275656],[18.08681958075953,49.739924101613674],[18.086769334457777,49.73987383701546],[18.086755843332707,49.73986042784119],[18.08674235221495,49.739847018665294],[18.08653866614432,49.739625948082946],[18.086600097986885,49.73957377710604],[18.08706703989154,49.73918803922072],[18.08714963415894,49.739119569893774],[18.08739645209018,49.73891509922159],[18.087384544673057,49.7389084600314],[18.08588780268728,49.73817338798186],[18.08509579059676,49.73778438845117],[18.084206423040218,49.737347561744315],[18.083900165151835,49.737610989201656],[18.083874601838545,49.73763299171594],[18.083753785270495,49.73756207306512],[18.083740115146323,49.73755406878554],[18.083672418861433,49.737514355642105],[18.08366171929742,49.73750805602644],[18.083281360128577,49.737284704759716],[18.082678905139332,49.73693561533441],[18.081531806967504,49.73629462550018],[18.080869989980485,49.73590006033433],[18.07944362442602,49.735207741274216],[18.078457474170946,49.73474708114375],[18.077733278354675,49.73446697816219],[18.07695376442983,49.734089283391135],[18.075970620366427,49.7336864486551],[18.07548133134787,49.73350862670533],[18.07454144198001,49.73315934867167],[18.073621445672458,49.73282050115161],[18.07282466301032,49.73246155111378],[18.072410277440497,49.73221878477843],[18.071498105149637,49.73171491832065],[18.071078822699004,49.73143675345513],[18.07082914702734,49.73124929251015],[18.07059786676011,49.731039329134674],[18.07056567583242,49.73097736597424],[18.070601446665478,49.730946926249615],[18.07054222960093,49.73085958174947],[18.070524018024162,49.7308481556677],[18.070522081966153,49.730879636066106],[18.070494723501366,49.73085974159527],[18.070453817889515,49.73082995259149],[18.070010017305375,49.730507139374325],[18.069500825533723,49.73011368368613],[18.068824405922882,49.72958172384992],[18.067472291982035,49.728725614573044],[18.066864632167697,49.72840284816514],[18.066443503949188,49.7281782630448],[18.06547202624073,49.727734296335186],[18.064797294614426,49.7273879848274],[18.06447127599476,49.72721435147573],[18.06322160529753,49.726548751040006],[18.062963532866803,49.72647289311004],[18.0628593965494,49.72644226290343],[18.062672001739227,49.72642074502588],[18.06253039425604,49.72640447767809],[18.062281886211352,49.72642051410439],[18.062061042073935,49.726485709559846],[18.06184852151285,49.72658062851719],[18.06146959360636,49.72674992022122],[18.06096078014587,49.72701157034325],[18.060830533157613,49.72708522451143],[18.06034458448571,49.727359831504856],[18.05985927385193,49.727642958205514],[18.059823342786423,49.72761859608768],[18.058967057603045,49.728095112100966],[18.058516437502366,49.72833527904669],[18.058052716261876,49.72852567769429],[18.05756092557825,49.72872375643832],[18.057239466920507,49.728796512347145],[18.056843420835136,49.728886186408424],[18.056581451348897,49.72894548530299],[18.056400392359762,49.7289864236656],[18.05627234395946,49.729017505420344],[18.05614617732706,49.7290480635179],[18.05509972263504,49.72920770531962],[18.054428055871323,49.72931291553603],[18.053930434938284,49.729390774611396],[18.053725688756984,49.72943178937374],[18.05344935915216,49.72948709554554],[18.05327224642701,49.729522569971984],[18.05317311798677,49.729542767249164],[18.052962525050603,49.72958579091435],[18.05245482120697,49.72968942037417],[18.051374230661455,49.72992008788548],[18.050170719114,49.73011180126096],[18.049467415254615,49.73023122871474],[18.048830008251752,49.73027221870877],[18.04817670545695,49.73031842721658],[18.04786346395625,49.7303554364004],[18.047824333698085,49.73035949977678],[18.047641964196753,49.73037841559397],[18.047396448735704,49.73040389160499],[18.047361450926093,49.7304082832686],[18.047120887215534,49.730439279443296],[18.046976852229665,49.730456883437554],[18.04688522648624,49.730468030344845],[18.046732705129944,49.73048658913056],[18.046551590000796,49.730513609132956],[18.046332495560534,49.73054340414015],[18.046260116961516,49.730553313180316],[18.046113250405238,49.73057328032947],[18.045818304928485,49.73060276379641],[18.045254964680073,49.73065901686445],[18.04499069988033,49.73068106015553],[18.0440557958473,49.730758850344685],[18.043462068253046,49.73086804317967],[18.04290196856435,49.730892518430835],[18.04275301521884,49.730887087024435],[18.04269592078722,49.730885057839956],[18.04253172060802,49.73087910785048],[18.04250401465964,49.73087805146376],[18.042364757249295,49.73087299825502],[18.042104264890455,49.730863479545654],[18.042054655783943,49.73086170126789],[18.042008840813214,49.73086474532404],[18.041406389718798,49.73090455278799],[18.04133386916973,49.73090939585126],[18.04110382667935,49.730924558752136],[18.04071000843132,49.730911407434554],[18.04033452795871,49.73093812674021],[18.039464741370978,49.73099996015519],[18.03936129828627,49.731011953956745],[18.03929365850099,49.73101978536844],[18.039160073694244,49.7310352750793],[18.03874532078635,49.731070103674284],[18.03833056728316,49.73110493080148],[18.037835192462907,49.731184297947244],[18.03752606713102,49.73123379393116],[18.036768282337714,49.731355058187305],[18.03664496792484,49.73137483887224],[18.036345994995056,49.731396032998816],[18.035896555673546,49.73142785647871],[18.035190829163813,49.73139216579429],[18.03514256166471,49.73138973994508],[18.03469178088988,49.73141814156421],[18.03412918922413,49.73145353429414],[18.03391709246544,49.731493098509674],[18.03379253014162,49.731502694453745],[18.03317658170311,49.731507831306004],[18.033121088787812,49.731508327148994],[18.03261151747982,49.73151256421114],[18.032566623295,49.731512949855194],[18.032394263605706,49.731535941084765],[18.032202803390987,49.73154997561257],[18.031539678511162,49.73159841442828],[18.030309611581735,49.73149710794806],[18.0302640281573,49.73149339091026],[18.03018017153133,49.73148646944355],[18.030039439309594,49.73147490750026],[18.02985382690968,49.731459578553064],[18.02941092384431,49.73149545604813],[18.02929422840736,49.731493406202965],[18.02912765001805,49.73149054960278],[18.02913179282382,49.73151813968848],[18.029020165334874,49.73151872937538],[18.02899271364334,49.73151885795313],[18.028932372721826,49.73151916190624],[18.02887188132034,49.731519547397916],[18.028867105823306,49.731485421557885],[18.028865915029748,49.73147686770921],[18.02824753867399,49.73155125315346],[18.028180838828103,49.73155931315807],[18.028115893695976,49.731570814402154],[18.02665878570691,49.73182815376535],[18.026387910838597,49.731863674870155],[18.026333025294463,49.73187088236406],[18.026376236352725,49.73189892600087],[18.026388850751413,49.73191554219636],[18.026405586070673,49.73193763209356],[18.026372699176402,49.73199142522537],[18.026294957205913,49.73211817817512],[18.02625580488769,49.73218207997124],[18.02612705666888,49.73225849399329],[18.02609460935065,49.73226456148362],[18.025931092205703,49.732295095569],[18.025846190627178,49.732359511489065],[18.02547587040746,49.73259544985506],[18.025450931087487,49.732687614308475],[18.02542779433422,49.73277275192352],[18.025404657501706,49.73285788953127],[18.025400129761618,49.732874597853225],[18.02543929132588,49.73305450686433],[18.0254481387967,49.733095457860486],[18.025481327321963,49.73337341202433],[18.025479013317234,49.73341552298489],[18.025373149904897,49.73378400823479],[18.02536604857515,49.73400357725703],[18.025360368109247,49.73418044206964],[18.025335678255306,49.734262691603824],[18.025303106026673,49.734370843210215],[18.02527312326051,49.734470298412184],[18.025265061684873,49.73458654694515],[18.02526447780418,49.73459382477584],[18.025253956652783,49.734816987217],[18.025248928343146,49.73492131540482],[18.025304810605537,49.7349868304033],[18.025271573266846,49.73512915456196],[18.025267255418452,49.73514939540937],[18.025283201355222,49.73537453944262],[18.025290321777604,49.73547559830665],[18.02526818766032,49.73576795550784],[18.025247911267815,49.73591527155972],[18.025226416467167,49.73613012676971],[18.025197312623366,49.736244436479296],[18.02513902201047,49.73648478573542],[18.025053941021987,49.73673459848946],[18.02488730371051,49.73722377624232],[18.02488678949784,49.737480464417374],[18.024873571634092,49.73757041798375],[18.0248695478123,49.73759762633925],[18.024854672879886,49.73769759393816],[18.024814322141115,49.73789258339741],[18.02475537621906,49.73817712521739],[18.0247229263464,49.73833393742953],[18.024697241075234,49.738435536617814],[18.024616618211926,49.73875511214786],[18.02463174094313,49.73916733082077],[18.024630392391717,49.739456376286924],[18.02464221136052,49.73965988834297],[18.02463966350823,49.739670302201326],[18.024596302580253,49.73984363412129],[18.024430117480644,49.74050849613821],[18.02427816286272,49.741116500580006],[18.02417355725306,49.74153434332867],[18.024105542267858,49.74205061598753],[18.024098346727023,49.74212918304166],[18.024070084756286,49.742440683062156],[18.024011621868713,49.74308180472751],[18.02405483916275,49.7433961738633],[18.024077023577135,49.74339186003929],[18.02445863509204,49.74327689966115],[18.02604448413049,49.742771917238464],[18.02670439153564,49.74253953261029],[18.02704868368788,49.74243856516452],[18.027167660778545,49.742395885315744],[18.026439399005493,49.743186679374766],[18.02622883452984,49.743649850111495],[18.026001191624346,49.744130808810525],[18.02579433173744,49.744414202545556],[18.02546358090877,49.74493072298615],[18.02530864034307,49.745116199786494],[18.02508498391255,49.74535863378266],[18.025013800127173,49.745427453829876],[18.02496509558906,49.745474645739336],[18.024763796932234,49.74564976944855],[18.02471757382774,49.74569006396755],[18.02461295711777,49.74578114237561],[18.023968499606617,49.746330884950325],[18.023944659418238,49.74635126075948],[18.023918718494652,49.7463656477991],[18.023786543464063,49.74643933568113],[18.02369865840597,49.746477672391464],[18.023516446403963,49.746579879596446],[18.023189529344105,49.74697015402607],[18.022859167199666,49.747503752075815],[18.022853962941056,49.74751220697653],[18.02283066835744,49.74754985503331],[18.02282368737541,49.747561095717465],[18.022731609211778,49.74770976566849],[18.02303996685146,49.747853878774926],[18.023141353782805,49.74790162475972],[18.023193333518712,49.74799354260567],[18.023242165266275,49.74809719354375],[18.02340867854768,49.74830730269085],[18.023432707386874,49.748345249842686],[18.02351608543663,49.748433747427875],[18.02377397821279,49.74872586546552],[18.023775540613524,49.748727670853945],[18.023921985431254,49.74890448393314],[18.024069424048598,49.74906194698395],[18.024124688470074,49.74912092641454],[18.024197799882458,49.74923645123747],[18.024214854072508,49.74926334353578],[18.024236609478415,49.749286445634674],[18.024337183606256,49.749406897807425],[18.024454493567458,49.74954745374379],[18.02446644034366,49.7495618648133],[18.024476397710472,49.74957453608734],[18.0245200087774,49.749630133613515],[18.02469102413787,49.74988148120845],[18.024741465762077,49.75001293587486],[18.02479661315773,49.75015675816064],[18.024845133161254,49.75038008273086],[18.024851032417335,49.75040705220681],[18.024898842931798,49.750594048757094],[18.024940246915513,49.75076180934424],[18.0249441952055,49.750777653583064],[18.024963691512202,49.75084954905639],[18.024924257739826,49.7509275161496],[18.02483255029758,49.75099153946771],[18.024720957321353,49.751012800630065],[18.024672420009882,49.75103951194178],[18.024684793638954,49.75104880246592],[18.024745894217926,49.75109475936405],[18.024943343550866,49.75112178856611],[18.025261026636844,49.75116497405809],[18.025388521904688,49.751344931597146],[18.025373020708557,49.751393772180414],[18.02518422807655,49.75132409701933],[18.024991640841,49.75128299703019],[18.024884415983173,49.75128365942385],[18.024389585274484,49.75135434852552],[18.02422835383425,49.75139007091224],[18.024132590774382,49.751416759979506],[18.024055446573758,49.751463029866365],[18.02398572425178,49.75151306861401],[18.02369330214689,49.75175685182294],[18.023624793316753,49.75183449171264],[18.023561620733943,49.7519158701902],[18.023517086031866,49.75200960942807],[18.02350350459201,49.75201920484035],[18.02351515275144,49.75205905375046],[18.02351714266668,49.75206584848586],[18.023516153462445,49.75207201965784],[18.023506213303,49.75209058139791],[18.02351558020544,49.75209337958255],[18.0235838019083,49.75211393264652],[18.02365924076766,49.75213670822756],[18.023720697429624,49.75213051240858],[18.02378078324508,49.75216765528891],[18.02425486002454,49.75211318985784],[18.024630879162583,49.75211217872896],[18.02478354290724,49.75231778294564],[18.025217170819506,49.752790836394404],[18.0252438878945,49.752822439119505],[18.02599306484804,49.754116369614536],[18.026394271400818,49.75480589580645],[18.026576127901688,49.75512240485218],[18.026805209750655,49.755593829986424],[18.026849271655816,49.75586482579773],[18.026858991993944,49.756153515196786],[18.02684832223011,49.75660955225228],[18.026784681507923,49.75684715500684],[18.026724937933864,49.756971428834206],[18.026648030886083,49.757110056083924],[18.026412914685462,49.75739895080602],[18.026301055660554,49.75757283800075],[18.026183629482066,49.75779929907602],[18.025991861935964,49.75811434762617],[18.025819766077056,49.75854354525712],[18.025676329768284,49.758997326333485],[18.025687612068026,49.759025689834345],[18.02569750487143,49.75905604914866],[18.025790469863438,49.75904472203682],[18.027556439933395,49.758822973201184],[18.02864264584058,49.758697876292466],[18.029275725968418,49.758619353710436],[18.02925891056931,49.75865548153339],[18.029251626730193,49.75867094752951],[18.029236617008877,49.75870104160343],[18.02920777201747,49.75875877015306],[18.029185595251935,49.758796393622745],[18.029115225093886,49.758915902395636],[18.028856480976696,49.75935526293302],[18.02853688811074,49.75984996141072],[18.02849195132727,49.75991930724971],[18.028249386330753,49.760337215639346],[18.0281032676274,49.76063143489635],[18.028067936020705,49.76069375317112],[18.027981833669283,49.76091435252486],[18.027899590775807,49.76170718581351],[18.027931598917675,49.76188766965405],[18.027992080559038,49.7620111257522],[18.028020451041527,49.762250432854316],[18.028100187911612,49.762587304827576],[18.02817993821489,49.76292408714463],[18.02819002928945,49.76301376173668],[18.02821063954892,49.76319810021341],[18.028225184118494,49.76332729736199],[18.028303743080265,49.76355126939012],[18.028442247314636,49.764044353784406],[18.02845768468042,49.76409823100476],[18.028470762877983,49.76414393837004],[18.02852106014719,49.76432015230007],[18.02856679084883,49.764484999829456],[18.02858085031316,49.76453572841473],[18.02859139426629,49.7645735265845],[18.02859771378143,49.76459645783136],[18.02861723653756,49.76459433580381],[18.02883269319481,49.76462356834497],[18.028892810611918,49.76458569883547],[18.02904927610492,49.76464158238735],[18.02913564835751,49.764637724384166],[18.029209990283267,49.76458560192377],[18.02933006260059,49.76457583686001],[18.029427799642352,49.76451775382747],[18.029484322849306,49.764508019698155],[18.02951698193383,49.76444690068416],[18.029629001969376,49.76439641217179],[18.029727711930104,49.76430796581698],[18.02990968246884,49.76425041372509],[18.030088628462313,49.764226987405],[18.03019822304631,49.7642649985057],[18.030356782619698,49.76424490789955],[18.030388321976698,49.76424862451794],[18.03040663292011,49.764281635543085],[18.030434813417834,49.76427938125802],[18.030559814454207,49.76425708195843],[18.03074498356303,49.764253240374615],[18.030990563384535,49.764176973538184],[18.03112171431858,49.764147446482596],[18.03117262975456,49.764146053252695],[18.031223473726076,49.76410466856679],[18.031252560484486,49.76409380099259],[18.031251453978868,49.76411197060205],[18.03124870422166,49.764154236310276],[18.03122165960888,49.76457258680412],[18.031130967614313,49.76490458025104],[18.031131187666013,49.764916146847526],[18.031131250500245,49.76492075397911],[18.031132111217943,49.76497830233703],[18.0311112854896,49.764972677055965],[18.03110499861919,49.765008239487344],[18.031080558846693,49.76514737079989],[18.031075287366995,49.765237331247924],[18.031060873178223,49.765417028643824],[18.031042767309778,49.76554253457143],[18.03103560279064,49.765624984010316],[18.03103008977556,49.76568631657123],[18.03099851553865,49.76593299263441],[18.030971299808016,49.766257367465506],[18.030963859564608,49.76647853788843],[18.030949212832144,49.76709438098436],[18.030946938789217,49.767186861307444],[18.030945855866676,49.76723220194381],[18.03094313487675,49.76734514655031],[18.030965719610332,49.76734103449038],[18.030965526059543,49.76735763202376],[18.03099803320403,49.767558903394644],[18.031036813966814,49.767687241965156],[18.03107558261091,49.7678156700689],[18.031134922038746,49.76801235230216],[18.031211806220075,49.76831953828932],[18.031287125262388,49.7685732873838],[18.03139857990958,49.76873154623086],[18.031463715211164,49.76880408775807],[18.031548394239408,49.76887234148895],[18.031633728865646,49.768886203443515],[18.031812034782575,49.7689809831977],[18.03203992779087,49.76914686473519],[18.03206734918399,49.7692149724115],[18.03210216026874,49.76930128870243],[18.03213064414896,49.769371804550865],[18.03222117390229,49.769578861086174],[18.032340787028037,49.76988652590319],[18.03241236898706,49.77003074768],[18.03250417024958,49.77018299640309],[18.032699540913377,49.77041108685617],[18.033526437086746,49.771291312870304],[18.033530445722498,49.771295606074055],[18.033552946389428,49.77131947050153],[18.03359596948379,49.77136537016832],[18.03362709265066,49.77139848775043],[18.033631429889,49.771403431760476],[18.033664450701874,49.77144099151197],[18.03380630564235,49.7716022648717],[18.033859017209718,49.77166993552977],[18.034017380059662,49.77187332151851],[18.03333080375778,49.77201333112115],[18.033312451575842,49.772017056132015],[18.03327027373797,49.772026807965744],[18.033228360113426,49.77203666529601]]]},"properties":{"id":"obec-568422","code":568422,"name":"Velké Albrechtice","count":374,"kind":"Celá obec","parts":["Velké Albrechtice"]}},{"type":"Feature","geometry":{"type":"Polygon","coordinates":[[[18.057129867621192,49.82728128914224],[18.057388123136427,49.8273382717609],[18.0575736495839,49.827379253232195],[18.057652894844175,49.82742911423215],[18.057755846008906,49.8274943266915],[18.05798423904911,49.827423229843376],[18.058079706386412,49.827393510644],[18.058280220566427,49.827446272962305],[18.058353292493173,49.827401818945624],[18.058407942557,49.82736858239641],[18.058500842058553,49.82743791047917],[18.058686489364504,49.82744649394581],[18.059137513049667,49.82746525893824],[18.059168615839944,49.82745720637407],[18.05936995081709,49.82741551241157],[18.0594982258017,49.827398867774725],[18.059790461876144,49.82738513704021],[18.06004267722581,49.827380390593376],[18.060166486525823,49.82738307513463],[18.060223560572567,49.82736775802038],[18.060268662072037,49.827354280873344],[18.06036425820575,49.827420242013815],[18.060827523989378,49.8274311285995],[18.060893291211755,49.82746432798668],[18.060925775751617,49.827459423093146],[18.061089735730643,49.82743182766259],[18.061254758831883,49.827436154481084],[18.06135462728148,49.82740993466318],[18.06150969257923,49.827367838017494],[18.061521076980743,49.82742318837387],[18.061547754866204,49.82742399740994],[18.06178759462379,49.82743216605812],[18.062036311114138,49.827434615761135],[18.062223645896996,49.82743597946344],[18.06229419348494,49.82749842545854],[18.062361643039836,49.82750410126407],[18.062664958572615,49.82752962999292],[18.062840296912704,49.82745872900475],[18.063023199592745,49.82738862285803],[18.06325289536457,49.827329324645284],[18.063411066667115,49.82737242763254],[18.06357801496956,49.827273154272405],[18.06387817762147,49.827252467042804],[18.0640783163672,49.82732631813071],[18.06416448894404,49.8272951583801],[18.06443112420694,49.82726866514781],[18.064464620639914,49.82728385478845],[18.06456354704434,49.827328611917444],[18.064717043460213,49.82722973875731],[18.064756304172086,49.82720491334865],[18.06483755648069,49.82726562499758],[18.06487899491117,49.82729616277917],[18.06491608414051,49.82729125017841],[18.06500784050647,49.82728144041651],[18.06512630485498,49.827196894051255],[18.06515295064005,49.82718470318613],[18.065342664063007,49.827281692025814],[18.06543666659536,49.8272554934495],[18.06558197713681,49.82718070007705],[18.065628132247603,49.82720329457904],[18.065891473137082,49.827181483111495],[18.066045457915827,49.82707189563949],[18.06616843779036,49.826983906736885],[18.066247427878235,49.82696848990654],[18.066373718999934,49.82695407090612],[18.066439197801103,49.82694663413599],[18.06708045975028,49.8271807142339],[18.068019910005695,49.82742177902723],[18.068761993418217,49.827625797245],[18.068781055483164,49.82763636718693],[18.06930937932642,49.82742593620194],[18.06962626028178,49.82731169247817],[18.069838762316795,49.82721384889945],[18.070093433700983,49.827053616791275],[18.070266183134088,49.82691594658107],[18.07033687913897,49.826832719151724],[18.070402636516,49.82671933319881],[18.071199430857313,49.82563235260384],[18.072731789433877,49.82438380611681],[18.073693416118097,49.823908187394125],[18.07397765852219,49.82372942486128],[18.074225607324543,49.82359768279292],[18.074733196258812,49.82339858899144],[18.075659394731616,49.82295116309765],[18.07601188533677,49.82281899720376],[18.0762250078563,49.82278264476402],[18.07835864779853,49.821641490440605],[18.07976475467149,49.82055180324464],[18.07996189173439,49.820375172432094],[18.080021049722205,49.82032205774316],[18.08000413672844,49.82031413978983],[18.08001623364887,49.82022159648502],[18.08002541958923,49.820151360607895],[18.079724061771216,49.819810898231765],[18.079750456707036,49.8197739596059],[18.079931574921236,49.81951960298558],[18.079961598817484,49.81947754688229],[18.080210021055358,49.81911557492746],[18.080315115108274,49.81858979472387],[18.080335776307294,49.81848663996698],[18.08040140145812,49.81815870086363],[18.080402339526003,49.8181538806655],[18.080327328093443,49.81778837700931],[18.080286697591013,49.817590734294654],[18.080291331054838,49.8172620114729],[18.08029190542021,49.81722720501021],[18.08029460131827,49.81703303522545],[18.080294685538945,49.817025277912784],[18.08027387889832,49.81702544071081],[18.080694782918155,49.8165261320697],[18.080924789881646,49.81634768147337],[18.081398585458913,49.81603073965898],[18.081675837367232,49.815902557534706],[18.082021414912973,49.81569290185874],[18.082526259895566,49.81549669217489],[18.082886769134454,49.815345111835335],[18.083112042971802,49.815252221351784],[18.083646390083068,49.815049301618025],[18.083928713833732,49.81506662859432],[18.08427510882998,49.81516731750825],[18.08484902237756,49.81503922291282],[18.08509744716274,49.81490956490177],[18.085386255128064,49.814817145913985],[18.085207352142085,49.814355266288906],[18.084897191283357,49.81374949877948],[18.084793154192564,49.813504365825786],[18.084845451934807,49.81334516592194],[18.084817584403794,49.81313363379625],[18.084656712008407,49.81303498540387],[18.084670848493516,49.81267936908287],[18.084800247310813,49.81235092570354],[18.084669049919263,49.812199459613495],[18.084630298661068,49.81167763247041],[18.084752570407208,49.81145952683419],[18.08486005000557,49.81126801298025],[18.084941909116527,49.811123140300914],[18.08501775160143,49.81099371835598],[18.085191777586303,49.81086025597744],[18.085394033636245,49.810669199758834],[18.085566672062118,49.81052545850979],[18.08562610954275,49.81048752101502],[18.085761361189462,49.8103234088447],[18.085729305043095,49.810266066972],[18.085710939656487,49.810233065369125],[18.084983731491388,49.80893038945133],[18.08488186438087,49.80887158021079],[18.084847740528996,49.80885184714382],[18.084452149879883,49.80862360663941],[18.084618774704783,49.80850037224942],[18.0847798050706,49.808381330431835],[18.085289348728587,49.80817662730289],[18.08531339801892,49.80816699184334],[18.08537670445329,49.80814155092015],[18.085509462849682,49.80805997211402],[18.085708599617522,49.80793760362008],[18.085822125324707,49.80787225359837],[18.08610941467453,49.80770691075974],[18.086080531339373,49.80767944492932],[18.0862309717383,49.80754905504509],[18.086490304146352,49.80729736077561],[18.086627449910022,49.807164224343936],[18.08659621267163,49.80714276146401],[18.086677264665706,49.807039450369295],[18.08670573254667,49.806962735658075],[18.086794370536087,49.80686003895266],[18.086927425031362,49.80673948474196],[18.087030236086548,49.80664635353386],[18.087379356896736,49.806396815077605],[18.087447825916623,49.80634784065354],[18.08768090420682,49.8062209122472],[18.087795566407184,49.806158423629704],[18.087869098747962,49.80612445047265],[18.08797194615206,49.80607699069546],[18.088174952532302,49.8058894037939],[18.088334697493888,49.80574185354919],[18.08835002388184,49.80572765714636],[18.088428401218035,49.80565921186227],[18.08844350237409,49.80565177183791],[18.088572798155855,49.80558831431655],[18.088712147694814,49.805497181201034],[18.088873941246725,49.80539180722772],[18.088897853976047,49.80538315616216],[18.08899792512011,49.8053468189713],[18.089115490047075,49.805303900476815],[18.0892622546056,49.805250376638476],[18.08936443249065,49.80519655955057],[18.089385813677914,49.80518704158475],[18.089511023551644,49.80513102135646],[18.08952521190022,49.80512822237101],[18.089547418321732,49.80512389620427],[18.08967123048173,49.80509956629795],[18.08969176075468,49.80509117296647],[18.089958799510985,49.804961579379864],[18.08997133999854,49.804955527139064],[18.090086477699696,49.80483638253887],[18.090176731557378,49.80474117727982],[18.09017966239862,49.804738095606226],[18.090120656668944,49.80468814946843],[18.09005079914816,49.8046226904643],[18.08991365862702,49.804481088680326],[18.08978607352532,49.80434815615884],[18.0896834773575,49.804243639101664],[18.089585424593412,49.80413342476601],[18.08952921910373,49.80404356431262],[18.08946738041671,49.803934698528735],[18.08939060648427,49.80379835287605],[18.089266931251853,49.80366744827552],[18.089097476630727,49.80348473556833],[18.088893925137114,49.803265774974186],[18.088726938347804,49.803089520653124],[18.088578286871172,49.802935254244794],[18.0884379883011,49.80279744079586],[18.088307761356397,49.80266859705909],[18.088176627024176,49.80254231868706],[18.08799792951934,49.802341565307906],[18.087874484982585,49.802193703574616],[18.087757523894737,49.802047385845874],[18.08780670447154,49.80193945340901],[18.087862510383875,49.801830997345256],[18.087845053551582,49.801820973132564],[18.087179308347235,49.801102171778886],[18.088058437004175,49.80046235278025],[18.088702470602215,49.79982641210016],[18.088735517251845,49.79979373367326],[18.089304368275062,49.799215045868415],[18.089387697459472,49.79906222251807],[18.08955085245172,49.79865248947453],[18.089555991196157,49.79856478270758],[18.0895081299375,49.79850067081425],[18.089373550906828,49.79838538795681],[18.089220718170846,49.79828738315162],[18.089126230005032,49.798226741890296],[18.088990258015585,49.79799603017829],[18.088973510872542,49.7978745790509],[18.08906665871724,49.79774072993982],[18.08949989989783,49.79730952850052],[18.08952769529548,49.79729794056798],[18.08955358205312,49.79728705578997],[18.089564378709692,49.79728252858661],[18.088943497318567,49.796714411510884],[18.087958948878757,49.79593008022672],[18.0873531705265,49.79553141712822],[18.086835576061663,49.79514970973572],[18.086475704551564,49.79488425031546],[18.085581999501347,49.794245893892224],[18.08553822516554,49.79421215964696],[18.08538975088742,49.79409770019349],[18.085048836092994,49.79386301502628],[18.08495751045372,49.79377420953934],[18.084933253257184,49.79375070807056],[18.08489287891679,49.79371148187831],[18.08486032623932,49.79369869757175],[18.08476968252279,49.793663092757406],[18.08475287118515,49.79365653457889],[18.08473183617701,49.79367988075578],[18.084720400430882,49.79367173483201],[18.084570389334313,49.79356548986144],[18.084399336043916,49.79343773222585],[18.08398763070341,49.79317426071462],[18.083558392154607,49.79288505307964],[18.082967112138025,49.79247058494075],[18.082256388120303,49.791918128980306],[18.08205057458084,49.791752002755985],[18.081896560244342,49.79161799561122],[18.081480020122385,49.79129827642422],[18.08150980177935,49.791280305604374],[18.08104130492978,49.790948041732996],[18.08066278837694,49.790679687310956],[18.08061436616425,49.79064532354954],[18.08045103520227,49.790529554139155],[18.080283091446525,49.79039041409],[18.079799435555532,49.79002433150895],[18.07948217007755,49.789832229297055],[18.0792620781954,49.789716636118705],[18.079066215096915,49.78961452515098],[18.07852064272329,49.78938126980209],[18.07829726320416,49.78928669695874],[18.078278286236955,49.78927865973716],[18.078204884287327,49.789247556984],[18.0781740452375,49.78923450766737],[18.07800676677903,49.78913646946034],[18.077447703889835,49.788886730436396],[18.076662492166964,49.788455695039914],[18.076313865537504,49.788242289512525],[18.076031888196333,49.78803902102892],[18.075310335644225,49.78757795701339],[18.074924222315445,49.787320697950555],[18.07449155600486,49.78702466474189],[18.074414296348774,49.78688114591453],[18.074174095312298,49.78667322682558],[18.073908494351333,49.78653687048244],[18.073534081086233,49.78636845998689],[18.073350170664018,49.7862443681019],[18.07282046835626,49.78585376735721],[18.07261692920026,49.78555525031494],[18.072317675781317,49.78528283415278],[18.07214327601291,49.785066859623775],[18.071783774972193,49.78480587905033],[18.07177301262683,49.784809142909566],[18.071722704286977,49.78482430924594],[18.071678336857875,49.784791978756196],[18.0714509820009,49.784701224315505],[18.071192078033807,49.78461894923607],[18.07089921734986,49.78452912949541],[18.070683125192986,49.78448342725218],[18.07054853178684,49.78451857926464],[18.07045723111181,49.78454908429395],[18.07008936599412,49.78467221465208],[18.06957802532046,49.7845684124415],[18.069231064942247,49.784498049216495],[18.069182743396194,49.78450989862105],[18.06916572343535,49.78451406682242],[18.069061261841448,49.78450220584222],[18.06899235265785,49.78456567584727],[18.069042927595202,49.78463004487965],[18.069168382965934,49.78468101962172],[18.069199368873537,49.78470518203233],[18.0691188387075,49.7847924457208],[18.06919340595707,49.78502679670402],[18.06931767372687,49.78536960327425],[18.069373033504576,49.78542142972089],[18.06936168862704,49.785480891801726],[18.069318000598688,49.78549860327975],[18.06927150436668,49.785504239320076],[18.069269373188508,49.78552388393301],[18.069287007660034,49.78554069123023],[18.06934870083257,49.78557374599696],[18.06948910876689,49.78556438202461],[18.06956500369084,49.785578213841504],[18.06960506876823,49.785592065841044],[18.06964800497235,49.78563586827474],[18.069595263415703,49.78577473056345],[18.069621470327032,49.785798167303454],[18.06976308548456,49.78575655924775],[18.069818796724906,49.78575795039755],[18.069830574742696,49.785778844318365],[18.06983690229018,49.78579780085258],[18.06998957030489,49.785821091583],[18.07002810542459,49.78583593875791],[18.070037321971853,49.785868419457216],[18.070250726943076,49.78604890658457],[18.070328911582113,49.78618047754206],[18.070484391647653,49.786276948909006],[18.07058831643936,49.786302948333066],[18.070615192738,49.78630214336253],[18.070653176589158,49.78628536780533],[18.070684240272616,49.78621015832806],[18.070621902128504,49.78609827072085],[18.070635740879535,49.786065397750775],[18.070698841241406,49.786065768188436],[18.071013439090503,49.786245379391794],[18.07109516990131,49.78637652128546],[18.071132732918535,49.786333275388316],[18.07129144544808,49.786273691700856],[18.071380657738818,49.786295145849145],[18.07139632681296,49.78644858322201],[18.07137619663453,49.78666396118541],[18.071318753603126,49.786702727256035],[18.071214166246673,49.786784460442185],[18.071156536312177,49.786859229283664],[18.071145366388794,49.786907238465275],[18.070924603089736,49.7868945751942],[18.070895413042543,49.78686338590447],[18.070869829769077,49.78682112105292],[18.070816948724136,49.78683469539725],[18.070773347097717,49.7869587381904],[18.070790079306104,49.786990296003324],[18.070579047701397,49.787020612352585],[18.070508128546706,49.787067179686446],[18.07059493227475,49.78724988033831],[18.07044076825988,49.787324075504856],[18.070392528166444,49.78730984518895],[18.07038817899556,49.787345699535784],[18.070419422970946,49.78739957167355],[18.070563859786866,49.78741886901137],[18.070725174635214,49.78749310956499],[18.070869478542445,49.787496061899915],[18.07095033938044,49.78753373520092],[18.070958544561446,49.78755018179794],[18.070869194758494,49.78761121680167],[18.07082730380023,49.78764329299844],[18.070798954490584,49.78766504404045],[18.070565215078663,49.7876493794645],[18.070618526791094,49.78771823687241],[18.07078684107138,49.78777699310149],[18.07081616099511,49.78779501193462],[18.07087507755793,49.787831065447484],[18.07092125589116,49.787859348003906],[18.07077018959594,49.787928215525504],[18.07082305180839,49.78851992043377],[18.07089131775763,49.78855795431749],[18.0710212345051,49.78861920098676],[18.07110244397774,49.78865535963353],[18.0711388650351,49.78886396235344],[18.071094658640632,49.78890989609123],[18.071044680060695,49.78890937614071],[18.070920764480316,49.78893467159076],[18.070777945999854,49.78917857424798],[18.07086003240775,49.789263342912314],[18.07098310633548,49.78932672425823],[18.071276847330452,49.789362436717134],[18.071344473540663,49.78945711645615],[18.071477830554407,49.78958697636471],[18.071529025492364,49.78960408332091],[18.071704705555934,49.78962128957885],[18.07174980983411,49.789615662795434],[18.071821917233468,49.789474841721514],[18.072065132617958,49.78946920391665],[18.07212795071877,49.78952669129255],[18.072250264289924,49.789608891756],[18.07235913277658,49.78966504843322],[18.072469062966693,49.78969102901589],[18.0725250269999,49.78968449028588],[18.072729544542035,49.78995661611822],[18.072785540706757,49.790022196225244],[18.072767488653692,49.79007567765787],[18.072743881106774,49.79014021318686],[18.072585907235776,49.79026870955327],[18.07241511943365,49.79030539933217],[18.072393030717045,49.790358829766625],[18.07229225494104,49.79044628853865],[18.072217263405772,49.79050119813438],[18.072145379270953,49.79054256647955],[18.072030644348192,49.79052010105475],[18.071993336852508,49.79052987575798],[18.071799293577044,49.790614241862556],[18.071800100973928,49.7906715125789],[18.071928615793247,49.79085615211442],[18.072042708269343,49.79095566218048],[18.07213694141724,49.791162615141076],[18.072085034569792,49.79125666716908],[18.071972526150184,49.79139724747646],[18.07183978428557,49.79141364393715],[18.07172306886529,49.79155948861108],[18.071825889651336,49.79162522720225],[18.071753608742668,49.79180295443622],[18.071992091734312,49.79202558113344],[18.07205601943314,49.792030149750985],[18.072331414902663,49.792057405212034],[18.072669962479363,49.792220240126206],[18.072712355535838,49.79236284344092],[18.07263207138302,49.79252061614922],[18.0723400321648,49.79253040628209],[18.07233000688498,49.79260673223358],[18.072468962090895,49.792681492058186],[18.072495458050444,49.79278437242698],[18.072372424150192,49.79298861415262],[18.07229972514723,49.793056291712695],[18.072262117832278,49.79306009230465],[18.072152062415622,49.79297994931202],[18.07214129657002,49.7929404302387],[18.072057699720478,49.792956305765706],[18.071903997287563,49.79310445238767],[18.071901700097644,49.793161996293314],[18.071930046551916,49.793181041875776],[18.07204029459273,49.793258759112184],[18.071847654658523,49.79331648958611],[18.071819601174933,49.79336560649952],[18.07206964618041,49.79367599556554],[18.07218971164162,49.79368910841738],[18.072193482420243,49.79357595913086],[18.072242469499194,49.793498166754006],[18.07235919663814,49.793467402597514],[18.072585742810848,49.79348896754767],[18.07274685550255,49.793510841877286],[18.072790828381645,49.79353592797852],[18.072818688434648,49.79355241816558],[18.072839310005282,49.79367888018337],[18.07273143602939,49.79376620335567],[18.072728222048518,49.79408725119808],[18.072703453882596,49.794196939984616],[18.07275349687769,49.794319312357345],[18.072730596133884,49.79434300105358],[18.0724802965977,49.79458263835772],[18.07239898450627,49.79468267651176],[18.07246170262236,49.79473483213911],[18.072570541550558,49.79473728195394],[18.07265271284196,49.794698217840384],[18.072757759428793,49.79471615511876],[18.072689362930095,49.79478498227399],[18.072678133928896,49.79481304081706],[18.07271982034101,49.794894588195184],[18.072828670678476,49.794938738082706],[18.07286883997726,49.794972270846735],[18.072866219327896,49.79505154854583],[18.07266824979407,49.79521340483976],[18.072229826956004,49.79532482820856],[18.071997974996584,49.795256385129896],[18.071395214647378,49.79560478941983],[18.07125233046591,49.79562592953642],[18.070579582200793,49.79595993665424],[18.07018752639549,49.79621129674013],[18.06978537286515,49.796381565204875],[18.06974230555352,49.79642828618055],[18.069780658003584,49.796449621069044],[18.069819942200102,49.79646414967936],[18.069758228987023,49.79653299778151],[18.069516711322006,49.796602363125686],[18.06935180766825,49.7966600567262],[18.0693885398706,49.79682156183677],[18.06938107041685,49.79683945601439],[18.069206968462346,49.79687775761082],[18.069013227173063,49.7968486819376],[18.068893246450557,49.79702331068677],[18.068729962266644,49.79714554165812],[18.06850430129568,49.79716933122832],[18.068431129779412,49.797198619589466],[18.068317413570114,49.79738552154565],[18.06780441065108,49.79749147785983],[18.067712741337772,49.79754994143056],[18.06749293216794,49.79771324514556],[18.067453199985344,49.79778344377793],[18.06751101133207,49.79793659169849],[18.06734805390035,49.797988166621955],[18.06705126738514,49.798096507406186],[18.066911329764316,49.798179549388614],[18.06667024524465,49.79841771984967],[18.066739252847754,49.79859804701534],[18.066547966525526,49.79874240691203],[18.066345252445963,49.79876046937464],[18.066034634913894,49.79885673179102],[18.065910794443287,49.79886803756544],[18.06574523697972,49.79903526447143],[18.065630541883568,49.79906225847461],[18.06555841761742,49.79913781835704],[18.065558016526868,49.79925170305936],[18.06567479488043,49.799336750651705],[18.065806134868954,49.79937759423804],[18.066072501586035,49.799423208137405],[18.066126146600737,49.79941536531125],[18.066221835108976,49.79940497094506],[18.06630914976182,49.79942415240308],[18.066368991941303,49.79961234787648],[18.066396340101612,49.79962953216988],[18.066361996460643,49.799687854742146],[18.06656863019341,49.79979493617398],[18.06657431318592,49.799798240849725],[18.066589466839684,49.799812829870916],[18.066594081670612,49.799838186839544],[18.066411259798016,49.80000622917619],[18.06612712323605,49.80024608043437],[18.066074451508612,49.800270225892554],[18.06584348523361,49.800602394644045],[18.0657609850429,49.800722128019224],[18.06558015237401,49.800980452880495],[18.06530980565982,49.8011663967063],[18.06539786126736,49.801397009220956],[18.065424219086257,49.80146621664801],[18.065304547029825,49.801642485213705],[18.06521598244458,49.8017402982379],[18.064901900496423,49.80196958321202],[18.064836070336384,49.80203377037618],[18.064580850400493,49.802070569577786],[18.06432127906256,49.80215540741984],[18.06421062744169,49.80214977804092],[18.06402813075464,49.802130095917605],[18.063939588562814,49.802161568534196],[18.063949749290373,49.80222786088835],[18.06404703287875,49.80235547638532],[18.06408590154626,49.80239850491786],[18.064064389826626,49.80248527333741],[18.064075510453897,49.80291094467105],[18.063997814883606,49.80320316848865],[18.063817283875256,49.80364437495013],[18.063787002748995,49.80381548407036],[18.06380672671491,49.80384252080786],[18.06375507576548,49.80411665318879],[18.063612006288885,49.80432109243253],[18.063415191202925,49.80460223589733],[18.06336039546604,49.80468050461436],[18.063036601497878,49.80485019856634],[18.06291712202353,49.80498423494322],[18.062900591825898,49.80516895027581],[18.062896074042904,49.80522022923242],[18.06289318083222,49.80525354950341],[18.06274163854599,49.80537933664367],[18.062445943887894,49.80588731144703],[18.06203934761141,49.80659281534226],[18.061951543438855,49.80679789891251],[18.06157837332759,49.80724013761335],[18.061378467117443,49.80724761394448],[18.061121512971116,49.80716967771783],[18.06095306253316,49.8070189287554],[18.06089450675768,49.807001485755144],[18.06071825769321,49.80693305689127],[18.060684599963828,49.806951703353704],[18.06067985245794,49.80699141587274],[18.060754239836157,49.807053092868074],[18.060701287511176,49.8071280366603],[18.06055891689178,49.80716751819576],[18.060431706864993,49.807250021594065],[18.06014790780874,49.80751434173162],[18.060016804292147,49.80756114899438],[18.059804442291384,49.807912700557985],[18.060058916143404,49.80804230630616],[18.06016942375662,49.808061289017864],[18.06031390237169,49.808200733752244],[18.060446936280616,49.80819682013289],[18.06046515295601,49.808182973354384],[18.06059245525773,49.808206620737124],[18.060611633318743,49.808239674024364],[18.060580618193654,49.80835703604394],[18.060352196579483,49.80849004962487],[18.059560255906497,49.808602072435505],[18.05905457022737,49.808763477024925],[18.058739561563304,49.80884846043393],[18.058576162291136,49.808932403651035],[18.05820077213382,49.80918405765953],[18.05801864645809,49.80931909484821],[18.058122211885063,49.80975883421074],[18.058159624302586,49.80982163809756],[18.05819198038394,49.8098155538481],[18.058221566538354,49.809862202886755],[18.058302674916014,49.80998979616767],[18.05837620570272,49.81016145230204],[18.058392852648282,49.81021295414835],[18.05840887780917,49.81030864769572],[18.058430195721012,49.81046845909723],[18.05838796652455,49.81054753824946],[18.058380102888677,49.81056215998432],[18.058183105240975,49.81070491807797],[18.0578029007785,49.81071295380896],[18.057494848519053,49.81060274059654],[18.05717163324762,49.810617297516835],[18.056656196281885,49.810535423387165],[18.056499219090103,49.81058570507338],[18.056404079536126,49.81074135318076],[18.056400813523204,49.81080073728847],[18.05635786263508,49.810829138445754],[18.056324152402826,49.81089489672185],[18.056393467590393,49.81098643183572],[18.056413932977158,49.81110259925721],[18.05639474983383,49.811125506276724],[18.056273362875835,49.81127116176894],[18.056501478114253,49.81150450345944],[18.056341316428107,49.81178738325099],[18.056305234139113,49.811851109780896],[18.056153958663625,49.811973656257045],[18.056045503874618,49.812077903151746],[18.055867375287352,49.81215115870856],[18.055470044184677,49.812039962478245],[18.055367346056112,49.81199145814736],[18.055184805001115,49.811979975478955],[18.055013505431905,49.812025822047296],[18.05463400670141,49.812033708189226],[18.054333022004283,49.81221344844],[18.05424196761269,49.81221832437855],[18.053874114803236,49.81223788927486],[18.053805318648802,49.812323473438326],[18.05379450617153,49.81241952093026],[18.05379247515896,49.812437366026494],[18.053775975245372,49.81246205162383],[18.053739388983708,49.812475563784616],[18.05353728217806,49.81260457275761],[18.05356394512039,49.81263083670475],[18.05322682243346,49.81269883080623],[18.053006173068418,49.812950700847026],[18.05284962367945,49.813032323292276],[18.052817776179936,49.81304890568813],[18.052759203216723,49.8130630491412],[18.052236146342604,49.81308325481417],[18.05224000463293,49.813241071663285],[18.05226283822929,49.81326576186174],[18.05223638174987,49.81328473004147],[18.051865572808875,49.81328715021118],[18.051829127589528,49.81326203838814],[18.05183093751987,49.81323768180907],[18.05162224670445,49.8132479776456],[18.051605852507063,49.81326274041438],[18.05149036821777,49.81338761037126],[18.051333309085855,49.81338047543168],[18.05123554899603,49.81340978531895],[18.05122551180126,49.81343005842188],[18.051269184727435,49.813653437492796],[18.051232194594895,49.8136790206731],[18.05109566319528,49.813739768447036],[18.05091420313833,49.81382194201809],[18.0507868014957,49.813793856299554],[18.050544333226437,49.81379616063185],[18.050370783855154,49.81364095111617],[18.050410689725737,49.813513902188234],[18.05039438841381,49.813466029154725],[18.050330574139846,49.81349395074761],[18.04981331946109,49.81358560518108],[18.049707963332807,49.81370473789793],[18.04965534661325,49.813765887323555],[18.049691194648318,49.813801435777066],[18.04972417582969,49.81380504751511],[18.049686562554616,49.81394991929456],[18.04947815397409,49.81416936222964],[18.049534176076104,49.81433324854293],[18.049422453550658,49.814375834778104],[18.04934287836982,49.81436818929228],[18.04882295232682,49.814474128103164],[18.048331073186283,49.81451804405372],[18.04828193664779,49.81446042918505],[18.048231910808703,49.81445294825388],[18.04814550785982,49.814462510098224],[18.047926565487636,49.814532143341424],[18.047725308962068,49.814634475259055],[18.04772013239092,49.81465692325293],[18.047851256494575,49.81481123081026],[18.047942957519204,49.81524335029801],[18.04796333555316,49.81527169109337],[18.047967097788554,49.8157580532438],[18.04778084642094,49.81594708686071],[18.047666588839856,49.81593193935227],[18.047471981509638,49.81603862513726],[18.04734560751631,49.81617866111861],[18.047292618857895,49.816251612556236],[18.047222823728667,49.81636159701613],[18.046726342725936,49.81688651482352],[18.046719664434075,49.816911764749776],[18.04661182338807,49.8169057408235],[18.046531997881154,49.8170440314563],[18.046539415661506,49.81705908052997],[18.046552566703543,49.817068953534005],[18.046199882674035,49.81739400072625],[18.0461095571214,49.81754676063166],[18.046052724777695,49.8175441224686],[18.045932272384928,49.81758620364725],[18.04587335897074,49.817614946798045],[18.045847838157222,49.817645340533915],[18.045837379957376,49.81786353179296],[18.04552275384028,49.818325707704915],[18.045589321278808,49.81833567582228],[18.046414972330297,49.818502596815144],[18.04670448932231,49.81864029338407],[18.04695382603949,49.81878208616013],[18.047516786325044,49.81935116238525],[18.047611798189884,49.819458712766206],[18.047649102032437,49.81956998395054],[18.047660324906943,49.81960303315996],[18.04769663862252,49.81971135900804],[18.047969170751433,49.81994736166685],[18.048143900836052,49.82009307369392],[18.04820009013214,49.820110566702475],[18.048993816640717,49.82053449859452],[18.04911553260303,49.820634557015836],[18.0491676047631,49.82071553676097],[18.049309945592555,49.820837089639106],[18.04945550461296,49.8209656871627],[18.049606056578114,49.82109348843389],[18.049761749386185,49.82123160398695],[18.049872395679238,49.82134727177686],[18.050024740743105,49.821500628928966],[18.050137707785844,49.82162581691523],[18.05030501078267,49.821810451410364],[18.050490558863178,49.82200344565963],[18.050609190371848,49.82210874035547],[18.05077852500735,49.8222461040134],[18.050916421306926,49.82239194966491],[18.05107686733772,49.82264280061903],[18.051157886554034,49.822777162383794],[18.05128039276637,49.823037114356886],[18.051372075898772,49.82319339033748],[18.051517443251864,49.82341286553092],[18.05165747369538,49.82361127380635],[18.051732987390206,49.82375425422427],[18.051832409542666,49.82395781954134],[18.05194554653821,49.824173275028045],[18.052011531332415,49.82435009655947],[18.05210595781702,49.82460834276387],[18.05218206122978,49.82478565542027],[18.052263335905014,49.82495884245212],[18.052321922689963,49.82510725777266],[18.052384032924746,49.8252676093557],[18.05245486780455,49.8253898309718],[18.05249570791457,49.82544091862547],[18.052505504111284,49.825502677990066],[18.052515734222506,49.825566357750866],[18.05251900888504,49.82558721551617],[18.052658684580955,49.825682614654305],[18.05350875438209,49.826263096993685],[18.05351187998819,49.826264720759156],[18.05358277937656,49.82634280797602],[18.0538029200983,49.8265746988635],[18.054067427685837,49.82685336574115],[18.05424825832382,49.826894985543746],[18.054613793936387,49.82698151567952],[18.054824376897486,49.82702899582327],[18.05495955050436,49.82692348552046],[18.05499624975273,49.82691837308644],[18.055224027899627,49.82688632865888],[18.05533733650555,49.82700412812998],[18.055370175689834,49.82700375811721],[18.05551926363625,49.82699914459127],[18.055610202520146,49.827051213289906],[18.055648188933688,49.82705502004065],[18.05591286097277,49.82708556755063],[18.055949523961402,49.82708478519867],[18.055980726572535,49.82708414048674],[18.056197345186867,49.82707952390206],[18.056234103889633,49.827081093709886],[18.056421244431846,49.827088954297544],[18.056530314755165,49.82715226295646],[18.056725119971485,49.82716832558939],[18.056875144609187,49.827207720521756],[18.05706685475083,49.8272199041679],[18.05711069295035,49.82726240680426],[18.057129867621192,49.82728128914224]]]},"properties":{"id":"obec-568449","code":568449,"name":"Zbyslavice","count":240,"kind":"Celá obec","parts":["Zbyslavice"]}},{"type":"Feature","geometry":{"type":"Polygon","coordinates":[[[18.113281228543098,49.715998828897476],[18.113414043577954,49.71594846531322],[18.113421370425176,49.715941662958926],[18.11351603461726,49.715854462542616],[18.113541239680373,49.715736490604854],[18.113557244475,49.71565039593885],[18.113572329596607,49.71545214888711],[18.113547732031417,49.715348302425106],[18.113520357727175,49.71522389922704],[18.11351228655195,49.715186974426636],[18.113693832007826,49.71505346721318],[18.113756385283104,49.715010013760896],[18.113798203180938,49.714978825029725],[18.11386649244298,49.71493515740799],[18.11400570950011,49.7148683708769],[18.11399785689275,49.7148298339633],[18.113995199966542,49.714816594960574],[18.114035532596713,49.71480454623468],[18.11413013889059,49.71477619007733],[18.114261729483992,49.71465688938259],[18.11428214982269,49.714638739844936],[18.114411973721435,49.714523219250026],[18.1144896608477,49.71451285120685],[18.114557273503223,49.71450389376268],[18.114526622680312,49.71441694124257],[18.114650085269556,49.71429392701585],[18.11472260722796,49.71421701504594],[18.11477419875233,49.7141507321651],[18.114805368859678,49.714110812247476],[18.11485346617848,49.714043607850506],[18.11487148288292,49.71401855173698],[18.114920278073146,49.713924670941225],[18.114983415672043,49.71380101142812],[18.115066949196876,49.71362553482684],[18.11511758039172,49.713521198643456],[18.11519560535971,49.71336066110664],[18.115268659479703,49.713205977348196],[18.115369064820516,49.71299129895543],[18.11549652453978,49.71283674160583],[18.115595239078985,49.712730907325],[18.115623721310502,49.71269949857676],[18.115713963114125,49.712622243577506],[18.116001876782725,49.712385863169466],[18.116013097755836,49.71237702648609],[18.116316245927546,49.71214016097757],[18.116641353133737,49.71188505227219],[18.1166786229016,49.711837086119345],[18.116868949510337,49.71159152521645],[18.116968985478334,49.711470782732405],[18.11699295797271,49.71144182412673],[18.117002284652948,49.711430532590754],[18.117034235767242,49.71139201066966],[18.117044069574618,49.71137903317822],[18.1171898303065,49.71118697881091],[18.11725214661958,49.71112879843658],[18.1173901824486,49.71099776835226],[18.117483821500663,49.710917998403154],[18.117739834811623,49.71070732301391],[18.118170713800207,49.710490106394985],[18.118533508007648,49.710313049862386],[18.118789398504592,49.71018838067142],[18.118962932997267,49.71010341961972],[18.119084216118452,49.71006710486501],[18.119236232670936,49.710020719404845],[18.119311410890106,49.71000415828711],[18.11938904314709,49.709989000703544],[18.119437622796006,49.70997254693772],[18.119586637809604,49.70990929228519],[18.11966882348474,49.709865692494766],[18.119714121606826,49.70980365213475],[18.119745325137988,49.70975317306068],[18.119736610577064,49.70963579306048],[18.119713879767204,49.709541712235904],[18.119661142713106,49.709437977253074],[18.11960272966825,49.709311444449064],[18.119582217167512,49.70927489362888],[18.119592096868768,49.70921949774455],[18.11960401871664,49.70915212388741],[18.119607112545488,49.70912007856271],[18.119602741979648,49.70909175929826],[18.11958801998798,49.70905048436058],[18.11957063745981,49.70900932843274],[18.11957330033668,49.70897635595332],[18.119592777613143,49.70886148651403],[18.119605994719414,49.708783536191106],[18.11966312139343,49.708781018235996],[18.11969638552307,49.708706106784355],[18.119751696652614,49.7082767494803],[18.11966174103087,49.70801953016514],[18.119628957993005,49.70792568813743],[18.119628764200883,49.70791890779537],[18.11962118425531,49.70768850013693],[18.11956203038506,49.70755307963137],[18.119571389026813,49.70745739929802],[18.11964327338061,49.707193165075715],[18.119798953681972,49.70686520543648],[18.1200327820161,49.70647410057492],[18.119968825263314,49.706023137838],[18.119975945426532,49.70574076813826],[18.120003731040764,49.70555127852309],[18.120036819895557,49.70532165616451],[18.120086797622555,49.70501880570528],[18.120122758879177,49.704783390184716],[18.120155869638673,49.70455051977426],[18.120019806056696,49.704365493287085],[18.11988982033994,49.70417259985709],[18.11970806166402,49.70388225341695],[18.119472378842428,49.70351238232257],[18.119286133785756,49.70321410704258],[18.119159316756317,49.70301841464105],[18.119029241817874,49.702887792271426],[18.118913841956555,49.7027577362033],[18.118801937915833,49.70262345681613],[18.118548405865518,49.70231448116382],[18.11818596577889,49.70187175649969],[18.117997910053337,49.701653613812645],[18.117800876587857,49.70142575211761],[18.11765185811504,49.70125018145026],[18.11751665217553,49.70109281849396],[18.117401042778994,49.700956159587236],[18.11725512779214,49.700763887137754],[18.11715725585636,49.70062778887841],[18.117023964410325,49.700476852422554],[18.11689023851743,49.70032399554908],[18.116772422098425,49.70017285882093],[18.116653191283117,49.70001676727331],[18.11658615649727,49.69991699711823],[18.116517678149002,49.69980017604186],[18.116458882630102,49.69969609238726],[18.11635937581054,49.69950746002862],[18.116234822706435,49.69926856836635],[18.11610599824022,49.69899450285883],[18.115923398225352,49.698629636680536],[18.11573546650777,49.69827024214452],[18.11560703449236,49.698035370021024],[18.11549391605255,49.69780660686417],[18.1153827508965,49.697562430650585],[18.115288694514685,49.697350099253676],[18.11518791327779,49.69712375481121],[18.11509762648952,49.69690929163093],[18.115053929985258,49.696798577405275],[18.115028989727193,49.69658450542497],[18.115019247432517,49.696461468968394],[18.11503720260855,49.69635580905291],[18.115087666574663,49.69611824271974],[18.115057851570405,49.696107243854996],[18.114959658324285,49.696071039979834],[18.11476439439206,49.69600266740851],[18.114484260657683,49.6959055300234],[18.114233739439484,49.69581883789256],[18.113870876295344,49.69569973549927],[18.113730902194668,49.695650494081725],[18.113280383167417,49.69549037083456],[18.11295783923223,49.69537871271072],[18.112621605943552,49.695261307502115],[18.11236395932896,49.695170774157575],[18.112146507880475,49.695094721081794],[18.111864913240797,49.695008414609774],[18.11160341439184,49.69492885142292],[18.111321496866672,49.69484288611449],[18.11098142390497,49.69473536532851],[18.110627536112002,49.69462199967094],[18.110482732299047,49.69457455397848],[18.110252268511413,49.69450316908133],[18.11020624422395,49.69448961802424],[18.10988201466155,49.69438841453603],[18.109649902990572,49.694312782279184],[18.109561740421935,49.69428165953091],[18.109371069641092,49.69420415261065],[18.109168975001694,49.69411958411576],[18.109055381043163,49.69407184410462],[18.10898329533093,49.69403811955252],[18.10880891286084,49.693954412023054],[18.108612023561452,49.693857142654245],[18.108485874568856,49.69378711257985],[18.108302891162033,49.69369298412207],[18.107953735164514,49.69351209549488],[18.107617038410314,49.693345005417854],[18.107244354436908,49.69315708311078],[18.1068857077198,49.69297339177865],[18.106676118528537,49.692865193332544],[18.106337046463626,49.692695165177525],[18.106219830595634,49.69258195755875],[18.106018504427887,49.69256042772136],[18.105567310653946,49.6925100783742],[18.105148368621204,49.692469153325014],[18.10474337123377,49.692425955387215],[18.104323033616403,49.69238404489533],[18.103999504026245,49.69235976456545],[18.10378333817963,49.69233891642946],[18.10313263219093,49.69227010558411],[18.102105846916277,49.692161362695856],[18.100919480301037,49.6920556642075],[18.100288061850577,49.69199137062494],[18.10016591855872,49.691978965059114],[18.100114535624222,49.69197620501517],[18.099704564655298,49.69195427662584],[18.099355490914075,49.69193881084006],[18.099362913961347,49.69196198120876],[18.099385650123157,49.692032150857685],[18.0993800067416,49.69210331374077],[18.0992999692123,49.692218146703496],[18.099140281810964,49.69230377979772],[18.099041052944173,49.69244206489397],[18.099024875956015,49.69256407305071],[18.099041383272496,49.692709704611836],[18.099137415241646,49.69289671391258],[18.099118034247674,49.692987037949834],[18.099104549124025,49.69304935781803],[18.09903226198268,49.69329542094827],[18.09893210093308,49.693436450738744],[18.098843991465973,49.69350217139037],[18.098818477951617,49.69354755597218],[18.09878001063915,49.69353984832141],[18.09876542855191,49.69354885200432],[18.09872771651537,49.69356934867703],[18.09863022218688,49.693629387199906],[18.098600091443352,49.693647339206606],[18.09855548010074,49.69365922725937],[18.09804207857657,49.69379609801075],[18.097720476318347,49.69392941486117],[18.097574801617128,49.694050057006315],[18.09757192996136,49.69407832453409],[18.097529633050776,49.69407319531309],[18.097518271036424,49.6940718227758],[18.097037692489714,49.694014433312624],[18.09688663762297,49.694393452258545],[18.096799524501712,49.694616461826755],[18.096698871361145,49.694848985787395],[18.096698262176005,49.6948503950711],[18.09645232528303,49.69502883875162],[18.096396596234875,49.69506924355536],[18.09633535213434,49.69519823883075],[18.096344536310397,49.695228911587286],[18.096304981600674,49.69534678308127],[18.096265885651068,49.69546332693256],[18.09625861961461,49.69548502463901],[18.096248668992306,49.695513157624795],[18.095914885948204,49.69540559053445],[18.095839678182745,49.69554515885423],[18.095747964606687,49.695715012029595],[18.095656238212484,49.69588495468561],[18.095564649259565,49.69605490516628],[18.095463978273322,49.69624148497696],[18.095373216434332,49.69641148272601],[18.095280269184656,49.69658117476348],[18.095228988147223,49.69667987119604],[18.094720252524166,49.69656950311029],[18.09471930616443,49.6965713443791],[18.09468145569631,49.69664598821483],[18.094609174690707,49.69678445996633],[18.094592968237347,49.69682071906509],[18.094571815234364,49.6968595832018],[18.094498303401075,49.696994825309666],[18.094361587003455,49.69724784768943],[18.09434427192238,49.697279981560044],[18.094338678935564,49.697290402217014],[18.09406869814896,49.69719144879155],[18.093893345525053,49.69712210440471],[18.093483017634572,49.696948137677765],[18.092568034532874,49.69649794602586],[18.091846987920658,49.696034848531575],[18.09153818241699,49.695755128437966],[18.091025463328773,49.69531650742008],[18.090433698680723,49.69484329673246],[18.090134047982154,49.69461906540048],[18.0898720304525,49.694422985167215],[18.08964245194666,49.694252321592735],[18.08943957945732,49.69412055623771],[18.089326582013037,49.69404710576147],[18.0889426464287,49.69383085660838],[18.08842462439408,49.693615313526124],[18.08736098728491,49.69321016719546],[18.086275142088546,49.69281086718143],[18.08625042060437,49.69284320722954],[18.08591475011856,49.69332048494941],[18.08577276888939,49.693698661077406],[18.085754954153693,49.69374565845515],[18.08575855711823,49.693772311669214],[18.085801610155332,49.694077156334615],[18.085822012459275,49.69466051209332],[18.085807933857964,49.69469030330172],[18.085804359756963,49.69476961857155],[18.085829202144055,49.6956113761213],[18.086017892989243,49.69579613033452],[18.08700051637952,49.696209999428284],[18.087723544030748,49.69673895291969],[18.087248971124612,49.69710708857],[18.087208044763013,49.6971388608241],[18.087245056081336,49.697351291144045],[18.087109215075813,49.6975873884039],[18.087007140445532,49.697705374276566],[18.086750646637896,49.697873085802385],[18.087054282014567,49.69806199083048],[18.087502847060783,49.69840154538471],[18.087011974066204,49.698621620883614],[18.08682767265554,49.69868127726293],[18.086870364464616,49.69877849911212],[18.08714215706292,49.69890293664236],[18.08734123347859,49.69903611198926],[18.087524044144615,49.699194710651376],[18.087719752582853,49.69948844690029],[18.088800039178196,49.70067023640651],[18.088869459180323,49.700752110276504],[18.08904312073295,49.70085945485982],[18.089166914123982,49.70092323351489],[18.088872583043496,49.70117452924602],[18.088776028109006,49.70121520876862],[18.08869565033692,49.70129138530547],[18.088669878594892,49.70130281547627],[18.088768493807798,49.70139818684295],[18.088935511008568,49.70153592953385],[18.08895822705334,49.701593915208456],[18.089226519103512,49.70184532323686],[18.089297081361646,49.701955603995884],[18.089402389458414,49.702044769188284],[18.089415047394795,49.702052986230804],[18.089432298241192,49.70206426456405],[18.089720755724468,49.702252470915695],[18.089921070018285,49.70241450454857],[18.090073355848617,49.70250004272851],[18.090140074863044,49.70267942268212],[18.090200426700022,49.70278397274499],[18.090303683171964,49.702896396818524],[18.09055519740008,49.70313212701665],[18.09072572987688,49.70329931222508],[18.090858044395087,49.703440568941026],[18.091073802117997,49.70367524188049],[18.091204501271275,49.703848809008015],[18.09143939317209,49.70396958549856],[18.091580465726082,49.70401693051516],[18.09174615880082,49.70407254553991],[18.091933521998964,49.70412028536845],[18.09205189289562,49.70418411059795],[18.092136167349757,49.70427450482995],[18.09192381005094,49.7044194835739],[18.091802290699498,49.704502421710444],[18.091671229765115,49.704587972257904],[18.09152815500909,49.70466669674473],[18.091440904893467,49.70470646756296],[18.091269385716952,49.70478455512256],[18.091208970562867,49.70482450922894],[18.091040427877914,49.70495430570557],[18.090989712207143,49.704990482910226],[18.091085721097805,49.705023332228485],[18.091228467088488,49.70506147654234],[18.091395598326784,49.70510859951117],[18.091487023128117,49.70513423581168],[18.091434677850483,49.70517726988992],[18.091323568982222,49.705239953907494],[18.091165741213914,49.705388145736286],[18.090886700183127,49.70562822812069],[18.0904032212094,49.70608071351538],[18.08996648031658,49.70648939123563],[18.08978639095087,49.70656391716609],[18.08964654003804,49.706557618634285],[18.089375135165646,49.70644530732191],[18.089200211140717,49.70635422950184],[18.08906772164224,49.70628164952536],[18.089054714117374,49.706290291213165],[18.088925292505117,49.706377016265186],[18.088961616943752,49.70641890282469],[18.088999025701007,49.706462024894364],[18.08903570354955,49.70650438297747],[18.089060958187204,49.70653354021101],[18.089212476213913,49.70669936657762],[18.08922381879721,49.70683676126224],[18.08910215586378,49.706956424955564],[18.088980342927986,49.70698933956838],[18.088765159551983,49.707045606109645],[18.08864578818905,49.707054470484316],[18.088507159059546,49.70706575124296],[18.08842512888214,49.70707124951673],[18.088343144296154,49.70707232757679],[18.088093304442157,49.70707037435273],[18.088018481211016,49.70706996715439],[18.087799145675305,49.707068859020396],[18.08766419157355,49.7070470432379],[18.087471927101582,49.707015804609675],[18.087280902278913,49.70691215733584],[18.08721584369447,49.70684316959329],[18.087001048850112,49.70662596510107],[18.086946994892198,49.70657223022681],[18.086898208685,49.70652069276725],[18.08684441586325,49.70646300132398],[18.086747565693294,49.70634850454131],[18.086725291412574,49.70636284276591],[18.086695229429722,49.706382240456485],[18.086650217667856,49.70641125137501],[18.086569046056148,49.706463552628385],[18.086846578290064,49.706675869988615],[18.08693404968293,49.70676013319785],[18.08714823112342,49.70701349718371],[18.08742675440354,49.70728598323014],[18.08759823776069,49.70736043900787],[18.0878871638234,49.70742998214535],[18.087989221981257,49.707432762685514],[18.088500946502204,49.707389159953735],[18.088987633524788,49.70732092329825],[18.089265935798775,49.707282534388696],[18.089623803713874,49.7072536683172],[18.090082318939622,49.70718480589458],[18.090583964486303,49.70712319658218],[18.09081228960138,49.70712165538442],[18.09110694287947,49.70718492950759],[18.09138694523995,49.707279135184386],[18.091758695005655,49.70742526013734],[18.092059670126403,49.70761995160023],[18.092256430709213,49.70781851146565],[18.09239109741196,49.70802335281318],[18.092408324326165,49.708116585349146],[18.09236091420095,49.708268485536486],[18.092216729875833,49.70843397803023],[18.09195087666575,49.70859656316235],[18.091932957791276,49.70860754139863],[18.09170218480367,49.708779265954696],[18.09157102525628,49.7090177120576],[18.091599673876463,49.709079195586526],[18.091612144443648,49.70910617562497],[18.091735684401794,49.70915052946645],[18.091830958152563,49.70915716005085],[18.09201791372779,49.709119128007764],[18.092286443775667,49.70903910340514],[18.09256448976225,49.70896278234323],[18.092750591231738,49.7089565620925],[18.092999347152283,49.70903705921682],[18.09327030696542,49.70922741008476],[18.09355431321853,49.7093679616937],[18.093626496597253,49.70939799976386],[18.093702150489996,49.70941379492219],[18.09377201820706,49.70940768657705],[18.093944126403034,49.709370335726184],[18.094354158613108,49.709208871076484],[18.094559769965063,49.7091626064883],[18.094762780775287,49.709122149820566],[18.09485035724067,49.70907797224417],[18.094887481105467,49.70901077813624],[18.09489184573988,49.70893168962993],[18.094845509710783,49.708889683467596],[18.09465641751434,49.7088166681431],[18.094502239388465,49.708782658084885],[18.094151607503527,49.70861726321214],[18.094025351444042,49.708549920668325],[18.09391611311286,49.70842199513895],[18.09393579460408,49.70832446799831],[18.09401812057662,49.70821355909144],[18.09420662486979,49.70814979819402],[18.094245722203244,49.708136602434884],[18.094389987744183,49.708115618666405],[18.0948371857964,49.70812272020254],[18.095013768185154,49.70815061133512],[18.09549654366501,49.70824296675383],[18.096058158801046,49.7084217889794],[18.09628382281182,49.70854924606556],[18.096365358426095,49.70864146512711],[18.096409715067555,49.70890765261742],[18.096386194316555,49.709119319111906],[18.096405432114864,49.70920499357625],[18.09639370198161,49.70953250625412],[18.09638260704788,49.709650833405775],[18.096352666931526,49.709880003830946],[18.096267375558675,49.71012622414347],[18.096239401100895,49.71018347218643],[18.096039856405003,49.71037125323418],[18.09602592071669,49.71049510412502],[18.096103526982525,49.71058655665629],[18.096371021103067,49.71062253722155],[18.096726183803213,49.71058094736795],[18.09713181946894,49.710489623816414],[18.09745745587865,49.710494179534386],[18.097826686485348,49.710535347126026],[18.09795663797555,49.710549011488176],[18.09809051007617,49.710514430739465],[18.09820818285638,49.71041375558881],[18.098222808074077,49.71024490476763],[18.09812106267371,49.71004340014464],[18.098034269507984,49.709925338405675],[18.097904588203335,49.70962637929087],[18.09788629581385,49.70943452393832],[18.097959447768307,49.70925187299883],[18.098091753195106,49.709157180235245],[18.098482698028455,49.70918803572976],[18.09884003039028,49.709314537045664],[18.09909865205007,49.709339985237484],[18.09945846711056,49.709345949840035],[18.09954378936046,49.70930091794092],[18.09959691900912,49.709208102207214],[18.099548137267917,49.708923160665336],[18.099535523085063,49.70882559071382],[18.099635629348562,49.708746564533435],[18.09981667139047,49.70871919379738],[18.10070262242352,49.70882213623793],[18.101134506652468,49.70892753210883],[18.10138115861827,49.70898776249695],[18.101607045477827,49.70910448023706],[18.101783711335305,49.709180924869756],[18.10199445545943,49.70933838510556],[18.10227443009758,49.70954764135263],[18.10281919918672,49.70992737455938],[18.103122067704092,49.71019452978504],[18.103132978301783,49.71023712403872],[18.103175227016685,49.71040137399017],[18.103081423873274,49.71062138675678],[18.103081955499917,49.71070653127644],[18.10317409515477,49.71081812472822],[18.103371485373863,49.71100938727209],[18.10339756286658,49.71103461637826],[18.103531369041644,49.71109876894019],[18.103905595236842,49.71123325920343],[18.10403586316051,49.711360299688245],[18.104060190211715,49.71138407465638],[18.10398201029552,49.71147076636284],[18.103979540554537,49.71147152775194],[18.103900342165698,49.71149507031935],[18.10372031411901,49.71154461918295],[18.103545677527208,49.71156577375042],[18.10298006843472,49.71153975179851],[18.102796562286965,49.711592349748585],[18.102759963230305,49.71165984655247],[18.102768123379835,49.7117472324581],[18.10284175454757,49.71183321730017],[18.10301416222255,49.71199633507143],[18.103263657950535,49.71217396915943],[18.103411713137323,49.712192723865435],[18.103858880860333,49.71232109466821],[18.104036546436205,49.71237493712779],[18.10434926990041,49.71245202471679],[18.104730133431744,49.71254699664852],[18.104895660778126,49.712618466328294],[18.105302931720868,49.71277415536195],[18.105439096480108,49.7128036002861],[18.105556796006642,49.7127886655487],[18.105670573735,49.712733973314855],[18.105825490596057,49.712570163001196],[18.10613180647436,49.71223665457485],[18.106354337181084,49.71220722170797],[18.10666648960406,49.7123294898001],[18.10676738349049,49.71247199705037],[18.10675086436718,49.71270825213849],[18.106439403414416,49.71307143381019],[18.10654146028026,49.71321563227434],[18.106628682854826,49.71323957102693],[18.106779020063797,49.713274337085906],[18.106904567095732,49.71329793843021],[18.107062941256306,49.7132684481293],[18.107454454895567,49.713108949083264],[18.107658149348254,49.71308908774579],[18.10780620079895,49.71317345417738],[18.107834468856012,49.71327272875022],[18.10783926006642,49.713412632029936],[18.107771691348688,49.713613838192224],[18.107858008170425,49.71367518136959],[18.10807324214852,49.713719971578385],[18.108149080720604,49.71372935892544],[18.10830458417981,49.71368309539348],[18.10847824220433,49.71357595173034],[18.108546673270222,49.71339501243085],[18.108528607755904,49.71333332685215],[18.108286896329965,49.713120769053575],[18.1081722578125,49.713061959922335],[18.108075597867817,49.71290976772579],[18.108050994526398,49.712622694639],[18.107802953478387,49.71231130200064],[18.107782666933968,49.71222602213695],[18.107872862694165,49.71212358778654],[18.108011721478185,49.71207276353862],[18.108140224876653,49.71210429484331],[18.1084569335118,49.712260665099095],[18.108564481395717,49.71231735406167],[18.108641104151264,49.71235783484363],[18.108913863439643,49.712501674167584],[18.109075898628312,49.71257122318614],[18.109557565720085,49.71282997920457],[18.109886494437603,49.71303785831439],[18.110180979952457,49.71330974767555],[18.110286547034505,49.7134240867588],[18.110323198986613,49.71346372743943],[18.11035545926988,49.713570539989405],[18.11032343101418,49.71370590285463],[18.110302047031812,49.713724989572874],[18.110284302178513,49.713740854331206],[18.110213562471998,49.71385685718092],[18.11016978162148,49.71392502864307],[18.11013093876332,49.713985539426346],[18.11006506206014,49.71408828127001],[18.110054661919612,49.71410438498604],[18.110049755990346,49.714110783871135],[18.109979955683933,49.714200394688774],[18.11001796037208,49.71432639933351],[18.110124421736536,49.714382934125894],[18.110237309348875,49.714418805729025],[18.110484529408335,49.71446794523633],[18.11073291884105,49.71441317386813],[18.11112595848602,49.71437153645722],[18.111251266694538,49.7143477338321],[18.111418671343827,49.71426712581496],[18.11192051931784,49.71393059918657],[18.11222546882345,49.71393284809266],[18.112363186352606,49.71395397920651],[18.112389780030178,49.713958024816854],[18.112561723761345,49.714109456336935],[18.112601012859017,49.71432958162264],[18.112613776875644,49.71440062111667],[18.112646361676443,49.714614767587115],[18.112669565351844,49.714767815518165],[18.11274099446067,49.71487632169014],[18.113010778729006,49.715080181780216],[18.113043476924215,49.71510488366939],[18.11309123657751,49.71524624591081],[18.11307569266284,49.715271533243985],[18.1129848247767,49.71541996418691],[18.113098152201967,49.71572121522142],[18.113185239647454,49.71586716915924],[18.113281228543098,49.715998828897476]]]},"properties":{"id":"obec-568741","code":568741,"name":"Albrechtičky","count":239,"kind":"Celá obec","parts":["Albrechtičky"]}},{"type":"Feature","geometry":{"type":"Polygon","coordinates":[[[18.07717918206347,49.837163363113156],[18.07759447349957,49.83699822845753],[18.077625613627532,49.83698584066376],[18.077643548274438,49.83659370828898],[18.077773511042334,49.8365760562154],[18.07781201143906,49.83657004665551],[18.07787988092455,49.836559490469],[18.077892144188073,49.8365575749764],[18.07854076383121,49.83645660760117],[18.078919456230174,49.836398765276066],[18.079338028689506,49.83633399787573],[18.079358953778492,49.836333029222374],[18.079410361589005,49.83671107804005],[18.079434784613944,49.83694976053063],[18.0794484192792,49.837113273587015],[18.07949268160943,49.83726202235541],[18.07956239093249,49.837441019162966],[18.079587942605098,49.83777958990307],[18.079598039719244,49.83791898239874],[18.079630785807087,49.838154981927794],[18.079653969869323,49.83832418588987],[18.07967384075634,49.83832378860211],[18.079748689858224,49.838321392683945],[18.08001525913484,49.838482410457594],[18.080255519900103,49.83858785854271],[18.0803719142814,49.838622497825014],[18.080423143838647,49.83863770388398],[18.080937857129374,49.83859864804433],[18.08096296653886,49.838595662031615],[18.081198738241923,49.83856763272348],[18.081696927288057,49.8385157144481],[18.081719353288584,49.83862214600135],[18.08175313599239,49.8387230897646],[18.08188583104307,49.83874467020195],[18.081924051692212,49.83875091808701],[18.082156032032263,49.83879857552559],[18.0822200958588,49.838736262675006],[18.082353648451253,49.838648500997],[18.08252513780557,49.83853538095116],[18.08255769245429,49.83853101533442],[18.082654940231993,49.838454624985985],[18.083070980899038,49.838385998265544],[18.083267869940208,49.83818813530227],[18.08339911582983,49.83808047458215],[18.083497250197734,49.837973086228146],[18.083570250187535,49.83795460682023],[18.083668414472367,49.83798070895141],[18.083876082421163,49.837930579148676],[18.08401640147498,49.837875965793806],[18.084122545622105,49.83788248701954],[18.084272049378775,49.83792605572684],[18.08430911761477,49.83793052209225],[18.084395268798502,49.83787912870287],[18.084375791201985,49.83776844400398],[18.084424522671757,49.83765696639913],[18.08452688957828,49.8375941351231],[18.084519304645493,49.83758530758206],[18.084398711438425,49.83710465734451],[18.08435199270808,49.83691966837353],[18.08430137446175,49.83675810346509],[18.084244412217537,49.83655005481484],[18.084176731931215,49.83629689685966],[18.08412970289269,49.83610602323999],[18.08408691122111,49.835923966230865],[18.084072029010304,49.835856235290244],[18.084040946829248,49.83571510214303],[18.084018938384435,49.835458598884586],[18.083998286511644,49.83520136085529],[18.083979527913307,49.835018060676894],[18.083969489589748,49.83491694110867],[18.083971411960572,49.834873276762316],[18.083969397233318,49.834625678849584],[18.08397233213455,49.83445824079274],[18.083952733822674,49.83419330081618],[18.083925313640457,49.83381103152492],[18.0838947082238,49.83346125275595],[18.083871016405705,49.83310275342166],[18.083861805461797,49.83294454877325],[18.08398489792826,49.83285763198322],[18.084328525902862,49.83278756976775],[18.08441978074561,49.83277329323471],[18.084433944898873,49.83296264866493],[18.08459323577286,49.8330815098413],[18.08472796849425,49.833136057763404],[18.08486281467172,49.83319386122402],[18.085144362474946,49.83337179052323],[18.085311919010316,49.83344346790965],[18.08537381809214,49.833570477758826],[18.085850229222693,49.834102249565845],[18.08619055936749,49.834258535703185],[18.086447616416073,49.83425427816233],[18.08663014843877,49.83421741922553],[18.086667029487696,49.83420996051655],[18.086734906713783,49.83419624099383],[18.086901292553037,49.83417235803997],[18.08701033375845,49.83415557618769],[18.087040647316567,49.83425234858366],[18.08706204544116,49.83429897054415],[18.08711886790585,49.83440700590912],[18.087183169277555,49.83452566766535],[18.087483032513934,49.83442565630337],[18.087661195493492,49.83436562104373],[18.08802551714523,49.8342309340669],[18.088135040147183,49.83418610915999],[18.088387770654936,49.83408277001034],[18.08849667740044,49.834041429557715],[18.088778006292852,49.83433242695184],[18.088927788348865,49.83448729142631],[18.08906670355469,49.8345664418818],[18.089282897452,49.83468972077228],[18.09026226508281,49.834432766557995],[18.09080440528314,49.83429054118151],[18.091006105674232,49.83452201732703],[18.09144273765424,49.834224568997904],[18.092319344028855,49.834247928075534],[18.092486747769748,49.83431263600065],[18.09315696670818,49.8346457796076],[18.093340379041347,49.83456256954198],[18.09348765092809,49.834495707343365],[18.093753151204808,49.83438767119922],[18.09418811370179,49.83465538643145],[18.094207163499394,49.83466712433774],[18.09434837287317,49.83468249837175],[18.094393470298236,49.8346874201312],[18.094493675051613,49.834698557206664],[18.09506006196853,49.8351679116021],[18.09538038108611,49.834829963246534],[18.09560160545337,49.834600529417386],[18.09570660892621,49.83449162952118],[18.09599394774223,49.83429918341233],[18.096092542278853,49.834233149497],[18.096460231218728,49.8339856308542],[18.09662180291824,49.833930502205185],[18.096941003040836,49.83382868368588],[18.09699195609062,49.83361272402074],[18.097007924904762,49.833544771049816],[18.09705660863006,49.83335566804123],[18.09708178557922,49.83323760767358],[18.097086249134495,49.83321818688793],[18.097116817861675,49.83308617400484],[18.097150253256313,49.83295667137164],[18.097156858999117,49.832922571057644],[18.097126367121113,49.83285151482826],[18.09701485808805,49.83256120787703],[18.096765206258894,49.83204902054577],[18.096746894565868,49.83201142197453],[18.09674494862005,49.83165444270868],[18.09674452314007,49.8315685859278],[18.096864741589915,49.83135423356893],[18.096971728133198,49.83116936122543],[18.097003430024152,49.8311425600467],[18.097221054141837,49.830971042923565],[18.097594573087676,49.83067953979383],[18.09769409028266,49.83069975110555],[18.098081168776943,49.83057066713548],[18.09847839325261,49.830485844393024],[18.09847567275501,49.83045157280037],[18.09847421476986,49.8304336191322],[18.098416458243044,49.830152247660024],[18.09841254077358,49.8301328900503],[18.09849464012214,49.83006085899894],[18.098483722063094,49.829970071281956],[18.098756447954255,49.829904948140104],[18.098658014789347,49.82986349937435],[18.09863414050552,49.82985338213214],[18.098629526901743,49.829851403987824],[18.09853149707989,49.82981006837619],[18.09847370297036,49.82978574056694],[18.098348700475352,49.829736547547576],[18.09823758369647,49.8296858002717],[18.098056319224142,49.829694137332986],[18.09795425078643,49.82969878120503],[18.097509012627857,49.82912813716658],[18.09700490800856,49.828834642986365],[18.09697965864851,49.82880495175977],[18.096681809968782,49.82866357675368],[18.095012654549226,49.82773449560919],[18.095005951210258,49.82768546519403],[18.095003834840245,49.827669278890056],[18.09518638512712,49.82755433859035],[18.09518531285411,49.827506983572775],[18.095149441678984,49.82741097940894],[18.095141071357013,49.82738847913141],[18.09510530213494,49.82729275152674],[18.094198468260235,49.82678436154987],[18.09396674352123,49.826654426547115],[18.0935962798965,49.8265259531479],[18.093249698944838,49.82652303433943],[18.092878546478193,49.82635056466273],[18.09257326109603,49.82620866240949],[18.09219583519548,49.82603312420883],[18.092025301572694,49.825892420291474],[18.09172214122221,49.82557147917649],[18.091656809000664,49.8254971663454],[18.09142322591085,49.82523173557298],[18.09136683019967,49.82513897940949],[18.091685070929046,49.82526971192747],[18.091757475156374,49.82528097901238],[18.092323098988224,49.82536862160651],[18.09279200625136,49.82534919869365],[18.09292446096455,49.82534367823141],[18.092983723668688,49.82526213305853],[18.092980177962747,49.82521553910478],[18.092977425257597,49.82517846729369],[18.092973977042853,49.82513422555357],[18.09297297686941,49.8251200885359],[18.093100063448574,49.82430755617146],[18.09311018815017,49.82399214940938],[18.093118483216067,49.82373205508941],[18.09312132543205,49.82364683556343],[18.093120929993415,49.82361089120515],[18.093119352524116,49.82346503812953],[18.093118730647948,49.82341337633947],[18.093118193726852,49.823367224999664],[18.09292333397265,49.82312576059106],[18.09282966633314,49.82300966567855],[18.09262487321126,49.82196814716797],[18.09253589142358,49.82151521393764],[18.092272316242717,49.82010931117423],[18.091904836623407,49.818290504288015],[18.091794512347562,49.81773751898759],[18.091782652929187,49.81767826508988],[18.09176152577488,49.81757245097933],[18.091536091008276,49.817141321408464],[18.091308023252623,49.81667330635025],[18.091274304833988,49.816548360163765],[18.091229429882095,49.816382522081895],[18.09120743395049,49.816301478510205],[18.091151866723095,49.81595135787786],[18.091019094493717,49.81579078523952],[18.090966248449053,49.81566700202396],[18.09091710993694,49.81555182449767],[18.090881494320605,49.815468377736615],[18.09086032566171,49.81544361094826],[18.090765972485602,49.81533370133493],[18.090689564729743,49.81524458345569],[18.090564312462973,49.815098429599196],[18.09035782731866,49.81485764670297],[18.090350485007793,49.8148491039411],[18.090278804562985,49.81476215128551],[18.090357836240887,49.81472271397005],[18.09079867787859,49.81450250503896],[18.091479573808865,49.814189241259015],[18.092376671231552,49.813768558978815],[18.092457952466884,49.813713634663046],[18.092612661498034,49.81360920377447],[18.09339995970221,49.81299947188983],[18.093207772831036,49.813013672259935],[18.09320763992042,49.812999313944786],[18.09320525463223,49.81283382846009],[18.093513863060192,49.81265127350382],[18.093821896472292,49.812454514804735],[18.094216892404692,49.81218158351459],[18.093782210828063,49.81186829059694],[18.09385198476572,49.81180566810978],[18.093808902551732,49.81175852986612],[18.09412364098992,49.811516664740395],[18.095040650250645,49.811138621254884],[18.095118092491234,49.811106671954924],[18.09528641350992,49.8110373130928],[18.09582806390638,49.81093142454336],[18.096014237619116,49.81092545125866],[18.09734270928997,49.81061249997858],[18.097322443174104,49.81058417568396],[18.097260900095886,49.810498528449244],[18.09561482103355,49.80868486754739],[18.09555606721591,49.808681060056024],[18.095494684036026,49.80867710233482],[18.094993100098378,49.80847308115712],[18.09532967201174,49.80802902421728],[18.0955437960948,49.80780577810753],[18.096566538678076,49.80684611028224],[18.09731365634397,49.80590291576083],[18.097454999771973,49.8056047497235],[18.097153926749286,49.80536940606577],[18.09682712513064,49.80502618005749],[18.09640760659312,49.80458568580549],[18.096056131691373,49.8042404157344],[18.095786697950366,49.803975646286894],[18.09574058459959,49.803930320768565],[18.095683089660184,49.80385085996842],[18.095676130125614,49.80385280904174],[18.09551049440107,49.80364397042637],[18.09537778278138,49.803618066495105],[18.095005135278942,49.803071303945885],[18.094813301364358,49.8027795558928],[18.094676744502586,49.802550805791554],[18.09490787972715,49.80245010884326],[18.094974893788365,49.80242090398193],[18.09539943698089,49.802323314056544],[18.095376837938282,49.802248734805254],[18.095905044615193,49.80219163389245],[18.096099831991268,49.80221837598247],[18.096139023146034,49.802222419968864],[18.096612468365095,49.80224170326277],[18.096826191455733,49.802162301483946],[18.096881641899724,49.80213505252623],[18.096955874880557,49.80206925396357],[18.097026258226624,49.80198157400851],[18.097080746256022,49.801841720628936],[18.097182806199335,49.801815238454054],[18.09717090477625,49.8016938862505],[18.097274771097286,49.80167869894889],[18.097576183236143,49.80163932390062],[18.097795398945742,49.8017476960986],[18.09802422043325,49.80169559969045],[18.0980594353329,49.80165311462893],[18.098433709559636,49.801561037348336],[18.09887550980622,49.80145232688143],[18.098870821307717,49.80143454949824],[18.09872758133534,49.801039893816025],[18.09839324668255,49.80110600255451],[18.097775926175625,49.80111316696258],[18.097290704420814,49.8011731819997],[18.096607136026837,49.80109758218409],[18.096152518028784,49.801020075406186],[18.09564860520496,49.800964570943805],[18.095012130183076,49.80097414638525],[18.094505142976743,49.8009667484338],[18.094076754863625,49.80107521641174],[18.09388028162385,49.801125272804825],[18.09390926741139,49.801149944666214],[18.09361479699868,49.80137762108467],[18.09351889008431,49.80161249314341],[18.09341627772888,49.80178100442183],[18.093312397859975,49.80208555003493],[18.09325054267334,49.80237029425772],[18.09329636337937,49.802745852823634],[18.09343021079083,49.80328574457117],[18.093509417173514,49.80354641886295],[18.093535605903234,49.80377048784517],[18.093560363707795,49.80389158269493],[18.093667263345125,49.80406069467009],[18.09389262406251,49.80429578399468],[18.094094103754852,49.804493315352545],[18.094158478552064,49.80457957833711],[18.094178542172514,49.80464309190465],[18.094176961022065,49.80471908763768],[18.09412788969664,49.80482323742195],[18.094010485190314,49.80496111944447],[18.093502110570885,49.80550943910836],[18.09337693535058,49.805623500201094],[18.092726118688997,49.806145535641235],[18.09261060759216,49.80624904686136],[18.092141867733552,49.806691680494524],[18.091693604810978,49.807162018523286],[18.091566600887926,49.80728328435845],[18.091211441201803,49.807544493203736],[18.090939558906165,49.80776876316306],[18.09068441689973,49.80800626449468],[18.09054610722699,49.80814186574869],[18.09038092105402,49.80827818680635],[18.090217131530245,49.80840529109322],[18.090071359791587,49.80853423759824],[18.08956011963231,49.80903959870464],[18.089238969162444,49.8093416478613],[18.08902234557206,49.80950733825467],[18.088916665269277,49.809565287559714],[18.088803482356486,49.80960565900397],[18.088586042681072,49.80966290371945],[18.08843587699543,49.809699354941515],[18.088161610553485,49.80977645509548],[18.087955055162663,49.809825475984944],[18.087904104198362,49.80971957919374],[18.08788739050698,49.809684686806044],[18.087870815228996,49.809649802329645],[18.087805331816767,49.80951347013404],[18.087675568831582,49.80936578988432],[18.087635537157418,49.80936683995433],[18.087572565135222,49.80936838316275],[18.0871283661501,49.809379532056255],[18.08695421136816,49.8093373494039],[18.08640672552083,49.8089161235032],[18.08516110101294,49.80882446664729],[18.085136956495788,49.80883888027504],[18.085096109038783,49.808863259387735],[18.084983731491388,49.80893038945133],[18.085710939656487,49.810233065369125],[18.085729305043095,49.810266066972],[18.085761361189462,49.8103234088447],[18.08562610954275,49.81048752101502],[18.085566672062118,49.81052545850979],[18.085394033636245,49.810669199758834],[18.085191777586303,49.81086025597744],[18.08501775160143,49.81099371835598],[18.084941909116527,49.811123140300914],[18.08486005000557,49.81126801298025],[18.084752570407208,49.81145952683419],[18.084630298661068,49.81167763247041],[18.084669049919263,49.812199459613495],[18.084800247310813,49.81235092570354],[18.084670848493516,49.81267936908287],[18.084656712008407,49.81303498540387],[18.084817584403794,49.81313363379625],[18.084845451934807,49.81334516592194],[18.084793154192564,49.813504365825786],[18.084897191283357,49.81374949877948],[18.085207352142085,49.814355266288906],[18.085386255128064,49.814817145913985],[18.08509744716274,49.81490956490177],[18.08484902237756,49.81503922291282],[18.08427510882998,49.81516731750825],[18.083928713833732,49.81506662859432],[18.083646390083068,49.815049301618025],[18.083112042971802,49.815252221351784],[18.082886769134454,49.815345111835335],[18.082526259895566,49.81549669217489],[18.082021414912973,49.81569290185874],[18.081675837367232,49.815902557534706],[18.081398585458913,49.81603073965898],[18.080924789881646,49.81634768147337],[18.080694782918155,49.8165261320697],[18.08027387889832,49.81702544071081],[18.080294685538945,49.817025277912784],[18.08029460131827,49.81703303522545],[18.08029190542021,49.81722720501021],[18.080291331054838,49.8172620114729],[18.080286697591013,49.817590734294654],[18.080327328093443,49.81778837700931],[18.080402339526003,49.8181538806655],[18.08040140145812,49.81815870086363],[18.080335776307294,49.81848663996698],[18.080315115108274,49.81858979472387],[18.080210021055358,49.81911557492746],[18.079961598817484,49.81947754688229],[18.079931574921236,49.81951960298558],[18.079750456707036,49.8197739596059],[18.079724061771216,49.819810898231765],[18.08002541958923,49.820151360607895],[18.08001623364887,49.82022159648502],[18.08000413672844,49.82031413978983],[18.080021049722205,49.82032205774316],[18.07996189173439,49.820375172432094],[18.07976475467149,49.82055180324464],[18.07835864779853,49.821641490440605],[18.0762250078563,49.82278264476402],[18.07601188533677,49.82281899720376],[18.075659394731616,49.82295116309765],[18.074733196258812,49.82339858899144],[18.074225607324543,49.82359768279292],[18.07397765852219,49.82372942486128],[18.073693416118097,49.823908187394125],[18.072731789433877,49.82438380611681],[18.071199430857313,49.82563235260384],[18.070402636516,49.82671933319881],[18.070407238290684,49.82673259412281],[18.07059704542891,49.82729043692859],[18.07060800513763,49.827322474877434],[18.070631500292098,49.82740866403954],[18.07111524363158,49.82918739247806],[18.071122932234708,49.829215813046055],[18.071130620846798,49.82924423361322],[18.071170462589635,49.829390387929934],[18.071315188696776,49.82992298962589],[18.07132708386404,49.82996654376135],[18.071527913433552,49.83070489833607],[18.07156142155108,49.830828034647766],[18.071604271473245,49.8308748066015],[18.07155509549412,49.830892567503454],[18.07153469851741,49.83089988294592],[18.0712491610059,49.83099399624048],[18.070954132696095,49.831091175328154],[18.07069810488826,49.83117560602057],[18.06949987936199,49.83157112754492],[18.069451501082735,49.83158712821137],[18.069407069447795,49.831601820693734],[18.06849193437481,49.83190777679634],[18.068228439618434,49.83198247793966],[18.06789381617825,49.83204876821688],[18.067267612601597,49.83220935713344],[18.06719544563811,49.83222787407202],[18.067150167780127,49.8322782595071],[18.067118891759726,49.83231302077541],[18.066764648530196,49.83270672312782],[18.06664273751476,49.83278376301549],[18.06658987464373,49.832817196086744],[18.066524781807928,49.83285841211566],[18.066358557986362,49.83296350828255],[18.06620683662881,49.83305950748774],[18.066061009495037,49.83323364720087],[18.065957681022546,49.83345607517886],[18.065895735734127,49.83358935439234],[18.0657552923435,49.8337343783764],[18.065608340147175,49.833886159365456],[18.065269185978227,49.83409632586751],[18.065165533661148,49.83416737154043],[18.06517524528555,49.83427262823057],[18.065182591610014,49.83435238665865],[18.065171939382378,49.83438733752004],[18.065108320350742,49.83459489335623],[18.06505701770295,49.834647459887925],[18.06498235182298,49.8347238685206],[18.06491823236783,49.83478950944435],[18.06489890762554,49.83480934103057],[18.06494043736111,49.834919671935225],[18.065461801452827,49.835413229827715],[18.065755953859107,49.835416379459765],[18.066004139713698,49.83543927649329],[18.06628335433865,49.835467923591814],[18.06654302253877,49.83553940495381],[18.066732528579593,49.83564630559386],[18.06681901900679,49.83569946254548],[18.06684419995553,49.835691880523086],[18.06693160427461,49.83579437070506],[18.067011348122563,49.83595581140951],[18.067136590951325,49.83610397521856],[18.06732100786089,49.836096316205435],[18.067386356421,49.83609500829305],[18.067457567526166,49.83609674418972],[18.067720255131924,49.83621343447478],[18.067736908575817,49.8362253104057],[18.067891313257775,49.83634093723137],[18.067919400932677,49.83636204312425],[18.068011312320582,49.836438796346286],[18.06809359351477,49.83650028538264],[18.068144023489673,49.8365548940597],[18.068214038329533,49.83665701796068],[18.068213363794438,49.836701656969716],[18.068217043923934,49.83671757280714],[18.068280704428986,49.83680191260828],[18.0683893249348,49.83696347283709],[18.06839825817433,49.83697364249987],[18.0684705304642,49.83705522650559],[18.06850496523367,49.8370809381531],[18.068533078139566,49.83710186478158],[18.068555966440545,49.83711509078162],[18.06869271678856,49.83717627162772],[18.068818470618467,49.83725252686324],[18.068883458810593,49.83729154262438],[18.06890098928656,49.83730211474712],[18.069107019490488,49.837419886222584],[18.06936744479099,49.83736269621793],[18.069996593602788,49.837146392187826],[18.070368516152037,49.8370240153597],[18.07074751063043,49.836894822079046],[18.070910137598332,49.836842494771425],[18.071057623502128,49.83682531247925],[18.071197537823465,49.83694389488246],[18.071234350491622,49.83696549979091],[18.071285779256662,49.83699552377788],[18.071370155704777,49.837032580193465],[18.071413346600576,49.837053467391925],[18.071438337376648,49.837073763079644],[18.071503364678463,49.83712676944415],[18.071516855688916,49.837190271401944],[18.071795110100947,49.837249446863105],[18.072013200672593,49.837292448541085],[18.07217838099353,49.83741915607029],[18.07225944214688,49.83737343625617],[18.072507685281934,49.83731039695583],[18.07250190379946,49.837291472727436],[18.072923897701365,49.837137658692185],[18.073189973773264,49.83704016843534],[18.07361086030586,49.83690154223104],[18.07387521977326,49.836827780175504],[18.07411725232368,49.83677133184786],[18.074439303998624,49.8366431081479],[18.074767152823433,49.83654184152446],[18.07515912227398,49.836423757515334],[18.075586710713797,49.83630031079225],[18.07613886649795,49.836188417534984],[18.076594951339526,49.836108568509026],[18.07660787204188,49.83612122217506],[18.07672765038153,49.836250377926135],[18.07698855904237,49.83642813847919],[18.077022741965536,49.836538313496675],[18.07706647907821,49.83669696188636],[18.077105528985435,49.83682664019588],[18.07714009977799,49.83698395145167],[18.07717918206347,49.837163363113156]]]},"properties":{"id":"obec-569119","code":569119,"name":"Čavisov","count":174,"kind":"Celá obec","parts":["Čavisov"]}},{"type":"Feature","geometry":{"type":"Polygon","coordinates":[[[18.167542843094637,49.69416801906549],[18.16762218549298,49.694330003981094],[18.167808184219652,49.69444487148504],[18.168005238704605,49.69456650201181],[18.16819559150905,49.694649034291466],[18.168660702329145,49.69485064695272],[18.168748917171943,49.6948888558281],[18.168907420135074,49.69492066625285],[18.16949566705892,49.69503854521292],[18.16998016271257,49.69496589038682],[18.170341654193322,49.695060816783716],[18.17049161770467,49.695100264153545],[18.17105633548179,49.695133500070305],[18.171564966476925,49.6952196046705],[18.172169098281934,49.695321852733684],[18.172534748074256,49.69535798258583],[18.172659267724953,49.69536421820468],[18.17316136304413,49.69538929641461],[18.17346188533683,49.695481393781876],[18.174015925831792,49.69554956996982],[18.17410854361551,49.69555300596738],[18.174633686243073,49.69557225200831],[18.175262655960168,49.69559538444519],[18.17529658842019,49.69562654576332],[18.17535070399075,49.69567626751541],[18.175399370286044,49.695720987855154],[18.175415466364655,49.69573579724798],[18.175688700226857,49.69583221099935],[18.175972560342487,49.69593238398576],[18.176061295765972,49.69596366697361],[18.176110964081722,49.695981277945315],[18.17616861639793,49.696001596828495],[18.17616671215933,49.696019900408906],[18.17616568136657,49.69603067227522],[18.17616285471029,49.696058941589065],[18.17615362811348,49.696149302884876],[18.17614372070367,49.696245762765834],[18.176277129025465,49.696360798945825],[18.17636467187619,49.696436147135515],[18.176917189351865,49.696912158750756],[18.1769917380728,49.696948595049726],[18.177066412949735,49.69698512868098],[18.177094223978013,49.69699870510204],[18.17745470016238,49.697174866776216],[18.177436637292352,49.69723368181076],[18.177427188009805,49.697264645093],[18.17741852621938,49.69729285512266],[18.17737405711422,49.69743735945096],[18.17736884555675,49.6974543929498],[18.17735913770006,49.6974862441176],[18.177797734219816,49.69817953989369],[18.177815928172436,49.69824293239678],[18.177943059139253,49.69868630589195],[18.178357925664784,49.69885750718629],[18.17899426964123,49.699120109038944],[18.17996874735541,49.700118866605195],[18.180417236565276,49.70037860093252],[18.181002234633702,49.70061139274516],[18.181061280484954,49.70063485603609],[18.18108584741239,49.70064463791132],[18.181160340735644,49.700674299049375],[18.181225852668426,49.700700383982266],[18.181814094922807,49.70095465378261],[18.182137609430665,49.70109450420412],[18.1822879548318,49.70113440757143],[18.18283585511141,49.701279896177795],[18.183158445100403,49.70136554090869],[18.183559233003745,49.70147193813734],[18.183616568999035,49.701524725049374],[18.183879250037787,49.70176636512823],[18.184035361730707,49.70189287120644],[18.184311332737394,49.70211639851669],[18.18439603541265,49.702185080731326],[18.184743193162877,49.702182128828824],[18.184796326875777,49.70218332521499],[18.184894836527036,49.70218546020619],[18.185142760409768,49.7018717654789],[18.1854308247867,49.70166015442323],[18.185701267204035,49.701461626531604],[18.185762400805,49.70141670523446],[18.185796204389128,49.701391900381786],[18.18582381826843,49.70136241391847],[18.186221375107127,49.70093839926456],[18.1863470823256,49.70080425714073],[18.18642426205436,49.700703023157494],[18.18664008253596,49.70042000309378],[18.18668890246486,49.70035588473422],[18.186770330105844,49.70001672024575],[18.187050544088528,49.70004382568851],[18.187328468952813,49.69962668026971],[18.187866885394385,49.69900511596657],[18.187901378639015,49.69900832711558],[18.18819542092515,49.699036030437455],[18.188300295943453,49.69898653829507],[18.1882922763871,49.69892913771252],[18.188276513229603,49.69881642787087],[18.188273760115592,49.69879650766056],[18.18823663090119,49.698580699096524],[18.18830432799421,49.69848578781193],[18.188487062575213,49.698568395454735],[18.18876707621232,49.69836986085201],[18.188509513715296,49.69828600710793],[18.18870771409445,49.69795578141815],[18.18888828932003,49.69796426158661],[18.18944755294148,49.69799069045998],[18.189522001772698,49.697997871499396],[18.189570573831386,49.698000884216384],[18.189445726685705,49.69784357015158],[18.189585830704473,49.69767458936508],[18.18950774068107,49.69759085130019],[18.189620909186196,49.697537584643385],[18.189839224540638,49.69759557512835],[18.189928819245043,49.69767445711663],[18.19007879910362,49.69749096159663],[18.189883395617496,49.69748309012756],[18.189934154373404,49.69735572474411],[18.190085691310465,49.697318251285985],[18.190279859727887,49.69730213651411],[18.190278273784745,49.697189505354345],[18.190236914989306,49.69710784112015],[18.190612732688184,49.697131581163234],[18.190818410645626,49.697172792098165],[18.190847834419547,49.69711940040831],[18.190788056609737,49.697017383349085],[18.190887925914648,49.6969398097666],[18.191091363035945,49.69706410412856],[18.191232541203053,49.6970301961351],[18.19133521710962,49.69714122220354],[18.191337740366436,49.697198131733245],[18.19156084162094,49.697086629260276],[18.191534865662238,49.696964950583656],[18.19138778919253,49.69687894504824],[18.191434030072116,49.6968111598926],[18.191631710380282,49.696765729540694],[18.19170894359064,49.696684711889574],[18.19224072466494,49.69674269888696],[18.192408994188504,49.6966416383076],[18.192799463206214,49.69657062384497],[18.192868382207557,49.69641774893903],[18.19308577617498,49.696370540647834],[18.193012264934428,49.69610737638909],[18.19295931062754,49.695994915637364],[18.193212234377498,49.695908919129224],[18.19340312892795,49.69592754144196],[18.193505683944924,49.695959590276026],[18.193509662643287,49.69583238230081],[18.19360868331414,49.695800515424914],[18.193757830655354,49.695923998333186],[18.19396120394081,49.69583087278544],[18.19392062711847,49.69573192629665],[18.193878235659458,49.695698398599774],[18.193919879526746,49.69561609391326],[18.19427466008061,49.69543864294911],[18.19446454467592,49.695450257430046],[18.194805307924597,49.6955018797356],[18.194788071207952,49.69551525709165],[18.194940750998505,49.695593722664036],[18.196083316285964,49.696180981268704],[18.19648280953344,49.69646090193288],[18.196898332479947,49.6967655506422],[18.19704754447253,49.696875133927094],[18.19748291660548,49.69741690084001],[18.197901597754452,49.69768354774822],[18.19815115167519,49.69757181015923],[18.198374084054443,49.69747598934406],[18.198872739359665,49.69745211715204],[18.19923783044056,49.697209080306386],[18.199756380912202,49.696687700817634],[18.199802047692273,49.69664072817902],[18.2000624826763,49.69640613986849],[18.200068846116267,49.69640018110856],[18.20036677925801,49.69611933236607],[18.200746773213005,49.694985833986316],[18.200791862032602,49.69489433581398],[18.20084694189578,49.694397912533006],[18.200800187973293,49.693994933457034],[18.200800509506266,49.6939717576117],[18.200812585450432,49.693055779989116],[18.200809819218318,49.69275338039505],[18.200828343361824,49.69262961014582],[18.200856741336818,49.69244042441107],[18.200862128389176,49.692406433430165],[18.200856068825185,49.692335336729755],[18.200855167185846,49.692325448776565],[18.200836141081513,49.692102905498125],[18.20078868773935,49.69154727545704],[18.200751276745144,49.69139760976236],[18.20068924165609,49.691147191965655],[18.20067993855285,49.69110966550931],[18.200669878769105,49.69106947917959],[18.200632990922806,49.690921106349215],[18.200601955895657,49.69087757176232],[18.200568429728385,49.690834979737595],[18.200388192216504,49.69061228389913],[18.200384247668097,49.690607458853556],[18.200362955752112,49.690560773154075],[18.200285702388307,49.69039180422574],[18.200247574953504,49.6903150190412],[18.19990798934432,49.68989652408814],[18.19988291799837,49.689867675017716],[18.199783431235687,49.68975151144032],[18.199039885980813,49.68888327061631],[18.199011429684827,49.68877273534246],[18.198997006403644,49.68871632858034],[18.198911290001288,49.68830113216214],[18.198837338677748,49.687942463223514],[18.19872149344541,49.68755697435778],[18.19861658773452,49.68735566928734],[18.19851090843855,49.68715287644544],[18.19843161560479,49.68700960170538],[18.198405872326525,49.68695048070662],[18.19837916254614,49.68688922946056],[18.198358000081864,49.686840564933405],[18.198309263662072,49.68682536229144],[18.197980575895645,49.68606208854695],[18.197510175029993,49.684928017450716],[18.197331837759062,49.68424081644983],[18.197546732510656,49.68309052145355],[18.19741532737828,49.68243511740122],[18.19745935588178,49.68210647463805],[18.197923627682535,49.681230253625706],[18.198204510333376,49.679490558425684],[18.198169764539124,49.67895874269632],[18.198128388782745,49.67895613832833],[18.196924701414318,49.678902683077524],[18.196010849488445,49.67886385318253],[18.19520468098104,49.67867324493984],[18.194994689241938,49.67868034820375],[18.194307295839383,49.678701483937814],[18.192716897685717,49.67897741470625],[18.190961294211288,49.67927684833798],[18.190875601036076,49.67928320095027],[18.190357078218263,49.67932170067817],[18.18992623451864,49.679354590190236],[18.189226443748954,49.67940893093251],[18.188105851430038,49.679459624673385],[18.18802357309159,49.67946228734604],[18.18784687449395,49.679469995166706],[18.18768159117853,49.679477625568246],[18.18729783646849,49.679495386221376],[18.187060943356574,49.679483176347475],[18.187021341265385,49.67949844767895],[18.186500629681504,49.67969934895244],[18.186431765459652,49.67969843638557],[18.186206405266088,49.67969563079062],[18.18614128013811,49.67969483906949],[18.18540847635431,49.679689350987736],[18.185175590846658,49.679682508107696],[18.18471910685095,49.67960274045945],[18.18449215272628,49.679563109224105],[18.184404490325534,49.67951158512435],[18.184576748116374,49.679116273437124],[18.184630201682292,49.678993664834294],[18.184742998596175,49.67873461101836],[18.184796301280958,49.678612084093686],[18.184764941702575,49.67861671960572],[18.18470847645721,49.678624990288554],[18.183431051866705,49.67849195796192],[18.18346867967394,49.678376397247916],[18.183479611166472,49.6783405536435],[18.18346615598071,49.67818799031284],[18.183460972645562,49.67812921444369],[18.18344251992488,49.67791960049238],[18.18339632809736,49.6774110402013],[18.183349198087623,49.67674060594415],[18.183346077492992,49.67671515914275],[18.183329371832826,49.67658163544467],[18.183302885259085,49.67636867906538],[18.183297961826774,49.67632869011178],[18.18326695858054,49.676156633002556],[18.18312002799069,49.676106359686955],[18.183087449463557,49.67609522200616],[18.180321182010854,49.67549485290825],[18.178490866487554,49.67519836012449],[18.177655207305804,49.67508005178676],[18.177280990766082,49.6750270183558],[18.1762971159444,49.67493433815063],[18.174130835618858,49.674759915229394],[18.173849204159175,49.67473720209222],[18.17249068435169,49.67462788087556],[18.172460557561223,49.67466886439117],[18.172129714873773,49.674575670832105],[18.170291354944673,49.67405719892614],[18.168980997167502,49.67368720518526],[18.167863412177944,49.67340194691815],[18.166439857525184,49.673021807383385],[18.166390295339394,49.67301186813231],[18.165543409068132,49.67284202028127],[18.165530609647313,49.67284102393699],[18.165510858404627,49.67322230814768],[18.16560077416877,49.67338706363522],[18.1658428160272,49.673703855069384],[18.16513466486735,49.67455306882344],[18.164452850376207,49.675262255141085],[18.162966762140627,49.67649064029047],[18.16208686892665,49.67745257533811],[18.161243684745184,49.67838644279334],[18.160631055626798,49.67914908557298],[18.16015594327355,49.679501020117236],[18.15955292237475,49.67988242999442],[18.158892279085187,49.6802981135807],[18.158083022332622,49.680715198976884],[18.157116825664474,49.68130171513891],[18.157142278549028,49.68133474853417],[18.157166784101076,49.681366554857135],[18.157276187162115,49.681508415308265],[18.157512003627975,49.68195077479819],[18.15767433862867,49.682159177204056],[18.157355829400792,49.682389120922885],[18.157831702358415,49.682988605318286],[18.15856514216712,49.683533836806745],[18.16051723790217,49.6845295104957],[18.160687492488712,49.684713356202444],[18.16079872904943,49.68483347476848],[18.16086162292635,49.684901482798665],[18.160932022851952,49.684965403802586],[18.161274151578656,49.6852756936328],[18.161570463886335,49.68545937583202],[18.161868537476103,49.685580430899286],[18.16214714758511,49.686165096023174],[18.16282047176273,49.68728333340261],[18.1635489891405,49.68769656731102],[18.163694512497788,49.68776465444052],[18.164066849803323,49.68795832421425],[18.163912222531984,49.688102448102335],[18.16385406078066,49.68825438655218],[18.1638458832857,49.68827585451515],[18.163824524648835,49.688323921995426],[18.163800717899484,49.688464540623755],[18.163749588989575,49.68868510903051],[18.163764372505995,49.68871582080135],[18.164014680436022,49.68994066332852],[18.164088008850978,49.690300055427166],[18.164095901556873,49.69031169415592],[18.16421600839844,49.690487996818554],[18.164231932001464,49.69051128208154],[18.164254927986793,49.69054300070554],[18.164374281040317,49.69070734701099],[18.164481776819102,49.690855407359656],[18.164563229855528,49.690967514979356],[18.164844179538207,49.691354467057415],[18.164958972002808,49.691512416830115],[18.16499844424178,49.69156952748543],[18.16509636045915,49.69171126793801],[18.165280912384624,49.691978314994394],[18.16530828138349,49.69201786235576],[18.165417748578697,49.69221124978923],[18.16548022447402,49.692321739574204],[18.16555675155981,49.69245703274467],[18.165690791437527,49.69280271473055],[18.165697714690765,49.6928205257994],[18.165818170841693,49.693095582192456],[18.16590489871912,49.693101398834955],[18.1659849990677,49.69310683989487],[18.1660271893947,49.693109681664694],[18.166063802915613,49.69313224353324],[18.166247285246087,49.693245076169156],[18.1672056328024,49.693834928601106],[18.167366885012488,49.69393413524017],[18.167542843094637,49.69416801906549]]]},"properties":{"id":"obec-569755","code":569755,"name":"Trnávka","count":266,"kind":"Celá obec","parts":["Trnávka"]}},{"type":"Feature","geometry":{"type":"Polygon","coordinates":[[[18.23642981255146,49.71933501649286],[18.23665022048836,49.71940133004163],[18.23670803074293,49.719418736906206],[18.236775561063812,49.719416473573155],[18.236884752012617,49.719412843962175],[18.23689971402095,49.719412328447426],[18.236921943826662,49.71941158835032],[18.238302317919732,49.71961299138182],[18.23893596351867,49.71973484093809],[18.2389977163695,49.719746691781125],[18.239109219229494,49.71976854804991],[18.239289004657817,49.71978249616657],[18.239789980054493,49.71981885075543],[18.239823205028337,49.719821252576196],[18.239862358955296,49.7198240766068],[18.240519420417474,49.719752392197925],[18.240543802807046,49.71973444513696],[18.24063303644412,49.719668509454955],[18.240777171550786,49.719616747342094],[18.241126831858676,49.71949121067375],[18.241677931061616,49.71929329342669],[18.24176255719157,49.71925462338137],[18.241843766980516,49.71921756692034],[18.241922148861782,49.719181886257054],[18.2421033663341,49.71909934971083],[18.242173012062175,49.71906760183605],[18.24225643673189,49.719029586174344],[18.242368896278663,49.71897839565943],[18.242406090523687,49.71896143609918],[18.242439868573555,49.718946090190265],[18.243348653517778,49.71873885620737],[18.243792559599967,49.71869673736032],[18.24404401963389,49.71859150704365],[18.24446961116791,49.71841299593157],[18.244683513485896,49.71832326031333],[18.244740568746444,49.71829928946204],[18.245388465847135,49.71805046055629],[18.245496935528926,49.71797377601762],[18.24603441746913,49.71758818473144],[18.24648890081867,49.717293877084224],[18.246576630033143,49.71723705817801],[18.246637476595183,49.71719922066867],[18.24696985842468,49.71703173143874],[18.247777673519142,49.71662470561742],[18.247970811689157,49.71651936455414],[18.248071104811142,49.71649781041676],[18.24889058598761,49.716564844666614],[18.249725318243268,49.716511980870436],[18.250047868707966,49.71650934909533],[18.250705209654566,49.71640261238424],[18.25147877409917,49.716201567677246],[18.252444109832645,49.715877045548766],[18.25341904275717,49.71540063294177],[18.253541895936035,49.71534856971816],[18.253567369832293,49.71534015677078],[18.25369923341321,49.715289409081],[18.25381056529616,49.71524653823478],[18.253885624019752,49.715216891423246],[18.253934970802213,49.71519744914065],[18.25461701423862,49.71489832190275],[18.254734868237147,49.71481682997421],[18.254794767085116,49.71463418705633],[18.255909719385322,49.71484447148395],[18.256591562551343,49.715105094577076],[18.256872034528335,49.715100635766866],[18.256993042127753,49.714940897510225],[18.257022776059475,49.714843833311825],[18.257135793050768,49.71463527890732],[18.257391226025078,49.71434362391632],[18.257797513274372,49.71391997643364],[18.25814776964743,49.71360798683994],[18.25900296730809,49.71314163172682],[18.259045147583993,49.71311953131825],[18.25906474786097,49.71310817231729],[18.25919774845878,49.713030951427996],[18.260039786161553,49.7125514016395],[18.260688931105268,49.712254196532875],[18.261276163609153,49.71191382608518],[18.261423920054217,49.7118281317591],[18.26200408980845,49.711384668919216],[18.262112008266502,49.711303428306586],[18.262484072265277,49.71119271097368],[18.26277047869317,49.711118182089294],[18.2629373670493,49.71104348036723],[18.263027836789426,49.71094899245469],[18.263238012515103,49.71073998993827],[18.26347111058018,49.710445273328375],[18.263565781238963,49.71028974548508],[18.26375848992919,49.71012949071061],[18.263770011191664,49.70998078379131],[18.264085380570933,49.70944456818193],[18.264161316697066,49.709319037784546],[18.26425208097481,49.70916879634041],[18.26430527496418,49.70909090788871],[18.264354159755303,49.70901927638056],[18.264418242568574,49.70892539098837],[18.26454502906588,49.70873961873944],[18.264739370749517,49.708521879811066],[18.264855696272413,49.70839291728548],[18.264921171712345,49.708321038079426],[18.26493820244382,49.70828706477231],[18.265065340759726,49.70805980065997],[18.264985706719003,49.7080055445544],[18.264439592368127,49.707633781617304],[18.26412445814607,49.707414237317145],[18.264049916083703,49.70736252060678],[18.264055994265895,49.7073460748213],[18.2640008133333,49.70732043534006],[18.26380385532639,49.7072285884209],[18.26352893133032,49.70710035452596],[18.26325375628092,49.70697192540211],[18.263044249526537,49.70687504512059],[18.262791370327754,49.70680092122625],[18.26252701264213,49.70672417076908],[18.262187777696255,49.70662447001694],[18.261988187107523,49.70656613294272],[18.26161854606358,49.70648061577162],[18.261519846906474,49.70645787000295],[18.260953236385145,49.70632679248757],[18.26070941826694,49.70627040582034],[18.260355101608482,49.70618583018906],[18.25996936422438,49.706093723515465],[18.258904263068555,49.705839504908774],[18.258442185052456,49.70572923225525],[18.257718536128916,49.70559153325335],[18.25693150646766,49.70544180613564],[18.256782351402553,49.70541343997832],[18.25674015016351,49.70540954831038],[18.255347359456234,49.70529798152391],[18.25513543259521,49.705276032384376],[18.254293468596035,49.705189004072786],[18.254001374605128,49.70509913190573],[18.253902324129403,49.7050685988265],[18.25351318195346,49.7049488455281],[18.253107726714596,49.70482411804907],[18.253031357990633,49.704809290859664],[18.25262959243069,49.70473115270105],[18.252595002897536,49.704724436239346],[18.2525456845221,49.70471337692861],[18.252478832151713,49.70470233008332],[18.25187731415655,49.70452638915641],[18.250809838806365,49.7042141138018],[18.25036869697407,49.70412031933057],[18.24971140616723,49.704065692990966],[18.24943175236496,49.704042472120484],[18.24934707256876,49.70403051656217],[18.248306643167655,49.703883340829684],[18.24807965475961,49.703851240773126],[18.24727902990122,49.70372667500239],[18.246691273322806,49.70361798508394],[18.245084204790906,49.703320673099775],[18.245017787130543,49.703308472943554],[18.244745480323893,49.70325830781223],[18.244688749752182,49.70324755208705],[18.24377316064891,49.703074202119716],[18.242975926147064,49.70292326357368],[18.242724928449782,49.70284892791732],[18.24242868022016,49.70276122877773],[18.24121401235964,49.70224460793167],[18.24038011018216,49.70188953983393],[18.240261595883258,49.70183913332237],[18.240034989633568,49.701742603698555],[18.23980667234602,49.70164534602646],[18.239604022799337,49.70155909158794],[18.23995153459734,49.700859399587955],[18.24007181912713,49.70056941347614],[18.240082237836962,49.70054445788875],[18.240096347051754,49.700510594330396],[18.240112927657783,49.70046757402456],[18.24018199929253,49.700288427223356],[18.240183490800316,49.700284540011836],[18.24019367397718,49.70025821755886],[18.240232555381482,49.70015742651153],[18.240354051107293,49.69967961913234],[18.240320496943145,49.699303586152034],[18.240328630756963,49.69926234880911],[18.24033017303324,49.6992549449061],[18.240335276902815,49.69922915013885],[18.240336585666075,49.69922245511176],[18.24034001606949,49.69920504958818],[18.240358345621818,49.69911231228048],[18.24037799959726,49.69901694182129],[18.24038077905457,49.69900338034755],[18.240421113096527,49.69881224567263],[18.240427880762486,49.69876768300125],[18.240446249337943,49.698658974596036],[18.24047334887636,49.69849931588088],[18.24051225982636,49.69826974756363],[18.240536134063134,49.69813535712001],[18.240569732060816,49.69790702534548],[18.240605645475345,49.6976832452311],[18.240615619848555,49.6976396743639],[18.240841732239808,49.6967699286955],[18.240891539292267,49.696555680436866],[18.24129779125091,49.69501503897691],[18.241327626526168,49.69498007077072],[18.241357087150593,49.69494896208901],[18.24161953781582,49.694671449853054],[18.242178740984517,49.69404154703167],[18.242544245235123,49.69359066932072],[18.242830209327806,49.69321998590332],[18.24294015957939,49.693075344532176],[18.243318803125458,49.69255697607427],[18.243566932114398,49.69224472675334],[18.243599021973562,49.69220428921246],[18.243772469621117,49.69198595352413],[18.244128252090402,49.69141134435246],[18.244263954642587,49.69118286305896],[18.244402295521375,49.69095859037053],[18.244462948888682,49.69086028086066],[18.244622258784528,49.69067391143897],[18.244643169207635,49.69065161861626],[18.24436330940815,49.690716267405186],[18.24430968570835,49.690754416495174],[18.24427796236609,49.69080570400896],[18.24414577774306,49.69090632550835],[18.244132037730814,49.69094372956584],[18.24410034768203,49.69096235044872],[18.2440201377636,49.690972388756194],[18.243829413451994,49.69097975856141],[18.24357819692051,49.6910497094757],[18.24346991701564,49.69093824078355],[18.24324946962134,49.690876261914134],[18.243136589607538,49.690953055949585],[18.24303109064112,49.690860423115524],[18.242981465205663,49.69083192439945],[18.242790751186625,49.69083712719941],[18.242832510636617,49.69073342851047],[18.24281785526763,49.6907191613488],[18.242700651028013,49.69069463895387],[18.242483169363226,49.690787052542014],[18.242374607502295,49.690797938480344],[18.242268919445078,49.69079454614187],[18.24224338479371,49.69077840616329],[18.242263287206946,49.690667527319064],[18.242089475684736,49.6905310891382],[18.24201835056224,49.69051781030922],[18.241948763443858,49.69060063784586],[18.241721179938796,49.69063202037689],[18.24163988483108,49.690605266699876],[18.241543353918214,49.6905529325209],[18.241439980235988,49.6904819855344],[18.241441558072637,49.690461768864886],[18.241518852197544,49.690390022154524],[18.241396243656226,49.69030473171775],[18.2413583751589,49.69027779322853],[18.241303877765116,49.690205432613794],[18.241146896852193,49.69015891682658],[18.24101615323502,49.69013580005024],[18.240848027460355,49.690150025943126],[18.240695315725716,49.689921995713014],[18.24061075017167,49.68986861627802],[18.240332305928234,49.689788852866556],[18.2401359163016,49.68966847332083],[18.24006601359068,49.689637663940566],[18.23989077958453,49.68957676737636],[18.23983681790562,49.689575639109584],[18.23969510760877,49.68955759170164],[18.23913121916074,49.68952382961062],[18.23898378352409,49.68950699466163],[18.23886941479379,49.689472700085794],[18.238626503333414,49.68942280918644],[18.238389806137633,49.68944221321868],[18.23828843213953,49.689405397466345],[18.23821171540218,49.689365180505376],[18.23800097106912,49.689276390455014],[18.237792612123677,49.689224012204676],[18.23759278468633,49.689158755459154],[18.237318898133193,49.68905631752505],[18.237062013132856,49.68896827841434],[18.236779984698007,49.68888938793259],[18.236348234817616,49.6887617637915],[18.235980827289698,49.68867952877113],[18.23572463361753,49.68861661342503],[18.23559862686026,49.688578865290005],[18.23552145841107,49.68856190433055],[18.23543927845551,49.688560635763835],[18.235282442755395,49.688539207820206],[18.235102449844714,49.68856422103754],[18.23492505646131,49.688574940481026],[18.234654697694662,49.68851917000807],[18.23452931075188,49.688481996887774],[18.23437305901734,49.688446792873236],[18.234281274781207,49.68841529412458],[18.234099379646654,49.68832721172681],[18.233735240240033,49.68819335155566],[18.233404427030436,49.68806307394171],[18.23321163540966,49.68801607232653],[18.233155580655108,49.688015003967436],[18.23311890304858,49.68802197133765],[18.23308386120769,49.688040672134626],[18.232939880454673,49.68823907838737],[18.232814324496616,49.68830026161368],[18.23273895852846,49.688323017694024],[18.23270839515214,49.68832689857267],[18.232601561367403,49.68834048932997],[18.23247318865228,49.68837687715072],[18.232416865329153,49.68841017701202],[18.232301680236354,49.68847807820221],[18.23206998550195,49.6886018935519],[18.23200498587463,49.68867315121549],[18.231992374077425,49.688689500170156],[18.23179428363317,49.6889452443179],[18.231783200889435,49.68895951313652],[18.23170398580348,49.68907166674314],[18.23163422506059,49.68915150124322],[18.23150876770139,49.689270355860934],[18.23145811468905,49.689335198496806],[18.23143512309271,49.68939184642418],[18.231428080996807,49.68941545672882],[18.23136126954116,49.689638044902864],[18.231301166615385,49.68976751479095],[18.231275034744435,49.68982371578561],[18.23119949329146,49.689906203904904],[18.231099863961283,49.69000033596465],[18.230984186779697,49.69007605991571],[18.230720799255547,49.690211090436435],[18.230611962093324,49.69026680228794],[18.23053778999242,49.69029413644616],[18.230421786754576,49.69032742607834],[18.230223036272033,49.69035950196163],[18.230118758339774,49.69035283858177],[18.230039269977148,49.69034179037537],[18.229903581248045,49.690314051635255],[18.22986782486137,49.69031096225851],[18.229867714098248,49.69028153587513],[18.229884502180287,49.69026099939248],[18.229935479365082,49.69023443974092],[18.229937323811814,49.690219562418264],[18.229939687887224,49.6901924408099],[18.229940765057606,49.690179144858945],[18.229936865267756,49.690131185940785],[18.229909757293605,49.69010809603892],[18.22985744680652,49.690065362234115],[18.229934313857708,49.68983314099538],[18.229932805131714,49.689804809360425],[18.229859248955805,49.68974301465516],[18.22981056488006,49.68964074147869],[18.2297836978115,49.68955846369985],[18.2296883303752,49.689492286284974],[18.22966034625909,49.68937456935145],[18.229467879682556,49.68921035038421],[18.229439144734343,49.68909096678033],[18.229261238295763,49.688998046598385],[18.22923907171109,49.688905563854455],[18.229215734716803,49.68887402173394],[18.229087784312544,49.68869230505661],[18.228923607322397,49.68850999892466],[18.228833367468734,49.68844085952222],[18.228822942755254,49.68840011492177],[18.228801868033386,49.68835787012163],[18.228788606670964,49.68829458527246],[18.22877446200321,49.688282781368144],[18.228716939267215,49.68819778986718],[18.228641873088762,49.688089974099235],[18.22850460422406,49.68789888934097],[18.22840887830076,49.687765547286524],[18.22835849834714,49.68769584705955],[18.228393542521328,49.687544666336954],[18.228423909736474,49.687401435492006],[18.228460188768402,49.68723056015552],[18.2285408567617,49.68719204058039],[18.228945073146097,49.68695842917192],[18.228761721999057,49.68696690947416],[18.228283212857992,49.686990949824654],[18.22816718973518,49.68699418379686],[18.22782543156762,49.687007668669374],[18.22777698639461,49.68701108591092],[18.227694141574506,49.68701690387885],[18.227649495848784,49.68701999287915],[18.227474299517937,49.687034073017394],[18.227381763380855,49.68703537587528],[18.22730137582507,49.68704467063287],[18.227221202716326,49.68712536221074],[18.227138093940482,49.68718738843932],[18.22685366008586,49.687350919617714],[18.226688594312467,49.68743920845441],[18.226560186281368,49.687498781260246],[18.22646242244174,49.687530924931465],[18.226362924718813,49.68755520998565],[18.22621649559297,49.6876049264669],[18.225946927163566,49.68772371595948],[18.225777657654728,49.68783306578478],[18.22549953458916,49.68806183568486],[18.225397384154835,49.688285325494576],[18.225257330453537,49.68826220906067],[18.225050338146826,49.688246614153144],[18.224751354798997,49.68822404771764],[18.224604337956954,49.688210376295075],[18.224272790977643,49.68817957226808],[18.223744387595627,49.68813644671774],[18.223675399838008,49.68813013504713],[18.22365955779606,49.68812897446099],[18.22363627199803,49.6881273055091],[18.22357464434395,49.68812212916915],[18.223306816904838,49.688099594321436],[18.223279172710377,49.68809722923897],[18.2226860528595,49.68805019270871],[18.22262176623358,49.688045137219035],[18.222086928600433,49.687998122923105],[18.222015167924777,49.687991744704604],[18.221846187742884,49.68797692598312],[18.221693716029474,49.68796348581032],[18.221211658999128,49.687921237932734],[18.219452661260274,49.68783501874659],[18.21832603237906,49.68785814619054],[18.216703051137554,49.68792103950665],[18.21501307139736,49.687990791508085],[18.21494201168872,49.68799374382982],[18.214729131950214,49.68801597402671],[18.213206968569885,49.68817473790334],[18.212606806449617,49.68821993816017],[18.212052628010298,49.68823956555783],[18.211982468010014,49.68824202525404],[18.211710333868606,49.688251710534644],[18.211664850034325,49.68850139400789],[18.211197154740734,49.68844014859342],[18.210776317981573,49.68839570741521],[18.210384679194725,49.68836906246522],[18.209736753190846,49.6883521766773],[18.209085794075726,49.688327806424255],[18.20846870475384,49.68830813710262],[18.20787036330015,49.68829078358995],[18.20722052187167,49.68826429983777],[18.20720403776411,49.6882627398566],[18.207175091711868,49.688260748866014],[18.207110981379646,49.688259575396025],[18.206195829290582,49.68823646580307],[18.205368972955476,49.68821155385445],[18.204440351977578,49.68818722053278],[18.204119283306955,49.68817274253902],[18.203608990068194,49.68809724358986],[18.20355719660231,49.68808927146841],[18.203517979459196,49.68808399339001],[18.20347801786481,49.68807804161104],[18.202837195626202,49.6879997872972],[18.20224380144377,49.6878665330619],[18.2018861755726,49.68778537032323],[18.201397017159756,49.68764453884132],[18.20005719565637,49.6873014269269],[18.199194558959658,49.687069135982824],[18.198358000081864,49.686840564933405],[18.19837916254614,49.68688922946056],[18.198405872326525,49.68695048070662],[18.19843161560479,49.68700960170538],[18.19851090843855,49.68715287644544],[18.19861658773452,49.68735566928734],[18.19872149344541,49.68755697435778],[18.198837338677748,49.687942463223514],[18.198911290001288,49.68830113216214],[18.198997006403644,49.68871632858034],[18.199011429684827,49.68877273534246],[18.199039885980813,49.68888327061631],[18.199783431235687,49.68975151144032],[18.19988291799837,49.689867675017716],[18.19990798934432,49.68989652408814],[18.200247574953504,49.6903150190412],[18.200285702388307,49.69039180422574],[18.200362955752112,49.690560773154075],[18.200384247668097,49.690607458853556],[18.200388192216504,49.69061228389913],[18.200568429728385,49.690834979737595],[18.200601955895657,49.69087757176232],[18.200632990922806,49.690921106349215],[18.200669878769105,49.69106947917959],[18.20067993855285,49.69110966550931],[18.20068924165609,49.691147191965655],[18.200751276745144,49.69139760976236],[18.20078868773935,49.69154727545704],[18.200836141081513,49.692102905498125],[18.200855167185846,49.692325448776565],[18.200856068825185,49.692335336729755],[18.200862128389176,49.692406433430165],[18.200856741336818,49.69244042441107],[18.200828343361824,49.69262961014582],[18.200809819218318,49.69275338039505],[18.200812585450432,49.693055779989116],[18.200800509506266,49.6939717576117],[18.200800187973293,49.693994933457034],[18.20084694189578,49.694397912533006],[18.200791862032602,49.69489433581398],[18.200746773213005,49.694985833986316],[18.20036677925801,49.69611933236607],[18.200068846116267,49.69640018110856],[18.2000624826763,49.69640613986849],[18.199802047692273,49.69664072817902],[18.199756380912202,49.696687700817634],[18.19923783044056,49.697209080306386],[18.198872739359665,49.69745211715204],[18.198374084054443,49.69747598934406],[18.19815115167519,49.69757181015923],[18.197901597754452,49.69768354774822],[18.19794554827591,49.69813014130508],[18.19823166231495,49.69858352827862],[18.198357573045563,49.69875596271395],[18.198389187478025,49.69879934974777],[18.19845114951045,49.698884157133165],[18.198847672736758,49.699357844837564],[18.19990958114209,49.70058551870484],[18.200297924587026,49.70094908637945],[18.200364069228947,49.70101102437561],[18.20075854083621,49.70155741814321],[18.200911811054443,49.701769836282445],[18.200943083304022,49.702031875386695],[18.20095752043765,49.70215262926697],[18.201207949065374,49.70243234170743],[18.201725269979452,49.70301020016402],[18.201927884955698,49.70323658723728],[18.20202107286058,49.70333560539477],[18.202477859399224,49.70382115422836],[18.20296180714935,49.704335666087836],[18.203045864371504,49.70442496350182],[18.203435852180768,49.70478599249587],[18.20353205876964,49.70487498101514],[18.204018616436482,49.705325467606315],[18.204091541637553,49.70536802029594],[18.204805065773794,49.70578426553374],[18.205599376527555,49.70651604860486],[18.20577081863274,49.70667406874548],[18.206177438172013,49.70704315202634],[18.207239914818214,49.70782097266801],[18.2073311332131,49.707891175659014],[18.207462336339304,49.707992237632034],[18.207555435397257,49.708063990222215],[18.208213869610365,49.708571057268536],[18.20830311927872,49.7086570320919],[18.20837227627151,49.70872364607809],[18.208389906434757,49.70874061205622],[18.208441067023863,49.70878987841004],[18.208460907789316,49.70880904447098],[18.208452833818527,49.70897545778365],[18.20844565419167,49.70914038720943],[18.20833512066994,49.70936736645129],[18.208314749687432,49.70940935836769],[18.20845958804247,49.70941065041891],[18.208581215508246,49.7094117190954],[18.208868154147922,49.70960845106748],[18.20892237537856,49.70964525469542],[18.208982975673404,49.709686388131345],[18.209101979700154,49.70977259242507],[18.209320285533163,49.70988423845617],[18.209511711858422,49.70997523919619],[18.209692296208594,49.71005678533043],[18.210985814417807,49.71076354260516],[18.21227768181985,49.711469378155286],[18.21244096097756,49.71154823148401],[18.213606190828916,49.71211065517438],[18.21384268552894,49.71222484837164],[18.21491856844896,49.71266671769308],[18.21531647095282,49.71283014078764],[18.216809586173007,49.71327856738136],[18.21817511370711,49.71359670871759],[18.219383726884985,49.713872717586916],[18.220396574687495,49.71415567683011],[18.22121788364535,49.71434619751792],[18.22237840268352,49.714681381053474],[18.223039468782034,49.714872366256124],[18.224886008288713,49.715352616234654],[18.225302454457815,49.71546091013331],[18.225430777867665,49.71549428311016],[18.22647237755389,49.71576562343397],[18.227793107061196,49.716070933266806],[18.228753892019654,49.71633058866133],[18.229935265387773,49.716681210046595],[18.231354557501515,49.71729766340262],[18.232488151716908,49.7178878843901],[18.23252419853826,49.71790669059608],[18.23262103646057,49.71795706087732],[18.23391051125379,49.7185924628634],[18.233956352739746,49.718615066301844],[18.234930782556077,49.71905276077477],[18.235122025838926,49.718876310387145],[18.23635135537542,49.71930751860582],[18.23642981255146,49.71933501649286]]]},"properties":{"id":"obec-598038","code":598038,"name":"Brušperk","count":1285,"kind":"Celá obec","parts":["Brušperk"]}},{"type":"Feature","geometry":{"type":"Polygon","coordinates":[[[18.211447936436358,49.7391391555728],[18.21148116532563,49.739154109149105],[18.212027516876823,49.73934293083909],[18.21224864435002,49.739430354152525],[18.212543976461454,49.73978014120491],[18.21261300521029,49.739869934926],[18.212714429178185,49.74000901859387],[18.21288796864332,49.7402939312943],[18.212917562578763,49.74032357067245],[18.213400674963395,49.74081864467402],[18.213676256147846,49.7409716649977],[18.214244748527612,49.74117110421118],[18.21442990901854,49.74114856793251],[18.214616450084403,49.74113757013589],[18.215440749056956,49.7409862413609],[18.21591560992589,49.74089875584494],[18.216282220855756,49.740981347402794],[18.216755570934748,49.74109466006013],[18.21697696964161,49.7411343488506],[18.216993905779834,49.74113890985311],[18.21777727693944,49.74123840456972],[18.218425921472107,49.74129675774282],[18.218905033899716,49.74136805980328],[18.219024597903292,49.741423685708355],[18.219233370779513,49.74150471539984],[18.219391597194814,49.74156801646705],[18.21945728609955,49.74159435587511],[18.21962238912689,49.74166038902861],[18.21968019088667,49.74164468252325],[18.22004000165258,49.74156777781256],[18.220060335641634,49.741600053832215],[18.22027387354964,49.741547515622244],[18.22082675440998,49.741400316065814],[18.221143124556942,49.74135354827682],[18.221316243522224,49.74133772549808],[18.22221802509407,49.74120558924616],[18.222949299687578,49.741091584128164],[18.22428344579089,49.74107520058244],[18.224950234213892,49.741039417458786],[18.225564760778422,49.74100602369307],[18.225826590636586,49.74094111369247],[18.226470151242506,49.74065377157946],[18.227294757488824,49.74028904169193],[18.228169866601657,49.740194712485156],[18.22828162486078,49.7401419587799],[18.228577244896886,49.739976149462585],[18.23011115935743,49.73978039610448],[18.231718490815616,49.739012349813954],[18.231916654037143,49.73899448623652],[18.23211659058217,49.738993597304386],[18.232417925006608,49.73901129457747],[18.232480373289278,49.73901497421557],[18.23272340602941,49.73902922339897],[18.232919533716075,49.73903705381224],[18.23310804780079,49.73904454756995],[18.23325455384306,49.73900682171783],[18.23369671405018,49.73873288663487],[18.23384468732311,49.73893366613457],[18.233941265433902,49.73906460542588],[18.23456252707429,49.73889690011961],[18.234838772874927,49.73881662519376],[18.235287305615365,49.738705750747684],[18.235919694797293,49.738497330488606],[18.23600660058208,49.73859641166544],[18.23619960636183,49.73881667536469],[18.236266555306145,49.738877458381985],[18.23651459802403,49.73910269856247],[18.23661656649452,49.73921101523641],[18.236764601175583,49.73936234031288],[18.236824142726945,49.739599855809665],[18.236825773618726,49.73970147088082],[18.236940624093414,49.7405654839051],[18.237804025303213,49.74036764104417],[18.238545586186643,49.74019897879077],[18.23841366123856,49.73989956686883],[18.23827493372615,49.73958434226222],[18.23834741417878,49.73954932454668],[18.238467537863347,49.73949116434577],[18.23859046642547,49.73943180740535],[18.238708437791406,49.739373075286814],[18.23875854299225,49.73934817544868],[18.238830696411075,49.73933127803397],[18.239005392788258,49.73929304763904],[18.239365845032616,49.7392140466406],[18.239760720849663,49.739127495765],[18.239968149185138,49.739078732720806],[18.240267019119372,49.73900729210801],[18.240310966592947,49.738998290786725],[18.240304260822526,49.73874451318012],[18.24029297109924,49.73832867328167],[18.240215065185332,49.737453467851985],[18.240207364113378,49.73742975413071],[18.2405064742939,49.737388829052314],[18.24072930263809,49.73729652740849],[18.240842823467712,49.73720947889808],[18.24091712946956,49.737159671940084],[18.24107551134616,49.737047338920775],[18.241481237193426,49.7368216944734],[18.241722886418145,49.73670409341897],[18.241995322855086,49.736630267778395],[18.242700842585254,49.73647761503287],[18.243091249019862,49.736389901987245],[18.24387864252477,49.73617757009905],[18.244548017987917,49.735975236966354],[18.24518316089781,49.73580618039681],[18.24520943535053,49.73579916704796],[18.2452383587498,49.73577957763709],[18.245242183584963,49.735776994027724],[18.245733193809933,49.7354449273362],[18.246188574973832,49.73510328620848],[18.24626714099425,49.735044419558555],[18.247106611748148,49.73453257767727],[18.24712009203276,49.734524397389045],[18.24735344065686,49.73438213699269],[18.247395734840865,49.73436040694336],[18.24753845867072,49.73428707814458],[18.247575468058358,49.73429041068247],[18.247897044206194,49.73408359536375],[18.24808941715109,49.73400230281261],[18.24831175137453,49.733908246125985],[18.24883212047796,49.733762264946805],[18.249255930615167,49.73364716189676],[18.249520849211923,49.73358670717148],[18.249716268551985,49.733542130560025],[18.250123625910433,49.733450199681755],[18.250634557719238,49.73335728744541],[18.251260765146043,49.733235078680224],[18.25163985769877,49.73314102199798],[18.252101339150162,49.733046152839655],[18.2525093933548,49.7329614724388],[18.25252135155319,49.73292703641327],[18.252618231638195,49.73264764538919],[18.252619129614427,49.73263461047993],[18.25262852381963,49.73249905050755],[18.25261263285041,49.73226885800884],[18.25260450984636,49.73215090920873],[18.252604326313193,49.732148101455415],[18.25258474182599,49.73199594231529],[18.252574191802882,49.73191404491773],[18.252570185902034,49.73178188739419],[18.252603652299673,49.73164956733852],[18.252615755978,49.73163706822759],[18.25242834256572,49.73141317533547],[18.252324318194447,49.7312887854496],[18.25226386543007,49.731139306062836],[18.25218434884056,49.73094264779463],[18.25210901453975,49.73075642044943],[18.25204520907957,49.73066775713404],[18.251874723182407,49.73043073095554],[18.251797294684675,49.73032307733751],[18.2516313527421,49.73018484891704],[18.25152395451398,49.73009528340447],[18.251437854734906,49.72989581986779],[18.251316522355307,49.729614793767404],[18.25129928219162,49.72957484573708],[18.251197480889996,49.72935528284916],[18.25114809802509,49.72928276594766],[18.25105501980881,49.72914626193658],[18.250935731384555,49.72904249483641],[18.250863981788598,49.7289800982964],[18.250715644246732,49.72885295907021],[18.250670283765746,49.72881405632147],[18.250592684184294,49.72870458712608],[18.25044523616753,49.7284964595882],[18.25042775614433,49.72847192937419],[18.250402561789738,49.72843631940126],[18.25043284841881,49.72843259761697],[18.250701883440048,49.728351435676764],[18.25111825936379,49.72822589622937],[18.25114202967695,49.72821883211176],[18.25118391897036,49.72820637336866],[18.251500637268542,49.72811208211259],[18.251523830906628,49.72810516618215],[18.25156481702665,49.728085888678024],[18.251760686541985,49.727993777469486],[18.251917508849992,49.727919969035895],[18.25199829158446,49.72788197900045],[18.25215614002549,49.72780777641356],[18.252259048356322,49.727759381292785],[18.25231636568841,49.72773244307872],[18.252413532051325,49.72769058540335],[18.252574214506538,49.727621233259555],[18.25287710223058,49.72749061049415],[18.252904867195266,49.7274786254399],[18.252922730730337,49.727470960251594],[18.25324230311799,49.727333147044426],[18.253594219721524,49.727181347635344],[18.25366398848343,49.72714869725852],[18.25399236855509,49.7269948599903],[18.254439574555146,49.7267859339259],[18.25460328834674,49.72670943904429],[18.254794121312145,49.72660485938047],[18.255204024809355,49.726380130434805],[18.25565548462564,49.72594637476415],[18.255830530614737,49.72577828416701],[18.25585543158557,49.72575431687727],[18.255836808709613,49.72572999444197],[18.255782624709244,49.725659016272665],[18.255724290835914,49.72558888920323],[18.25569177279862,49.72554971297646],[18.25573329295568,49.72552324469185],[18.25573907942225,49.72551950697686],[18.255845791736633,49.72544975379595],[18.25590142876953,49.72541342532444],[18.25591331371816,49.725405696580104],[18.255936447565578,49.72539083525948],[18.255980614075142,49.72536225864729],[18.256099853872264,49.725285173371866],[18.256186649941988,49.72522910734192],[18.256354779082933,49.725120369957146],[18.256674588546574,49.724913526998115],[18.25676580700594,49.72485454909897],[18.25702713814494,49.72468549983758],[18.25727260956368,49.72452684474379],[18.25772732993598,49.724232778511954],[18.257763136443284,49.72421681961087],[18.258518574290097,49.723880432044766],[18.258576366616516,49.7239483616287],[18.25861890529173,49.72388486003795],[18.259079693848022,49.72351460321825],[18.25970188206127,49.723123845029825],[18.25978950781095,49.723019543849745],[18.259896342906675,49.72267311397298],[18.2601115960837,49.722503923570116],[18.260149017405684,49.722443294400705],[18.260159315207382,49.72242654280369],[18.26021996270206,49.722350334818984],[18.26032516842429,49.72226876275754],[18.26035433066107,49.72210470704992],[18.260311907739815,49.72202166339025],[18.2604612074366,49.72162688760237],[18.26075651288085,49.72125939169929],[18.260836365228172,49.72113182504734],[18.261017985496093,49.720857339671845],[18.261323315642244,49.720585155712854],[18.26141984633803,49.72047557517364],[18.261470177342424,49.72029356950776],[18.261436721083083,49.7201073391958],[18.26143263595879,49.720084641101394],[18.261411674893655,49.720032845886735],[18.261326293798227,49.71982151832075],[18.261223588539128,49.71970713579276],[18.261124143930108,49.71955142403198],[18.260890374381244,49.71938216909064],[18.260678763507318,49.719297623778736],[18.26059754110779,49.719215392425625],[18.260595161329892,49.7191242961043],[18.260409124307714,49.718978188975456],[18.26025520374229,49.718808245546086],[18.26023915056289,49.71877820144438],[18.260175576645043,49.718591372095034],[18.26012023229939,49.71855011059722],[18.260167991460794,49.71831517026119],[18.260209776557122,49.71817762813911],[18.260465053110355,49.71789028973392],[18.26064748991434,49.717717553013756],[18.260841557362358,49.71756098678739],[18.261389015755057,49.717161089513866],[18.261198496191252,49.717063463502605],[18.26091190116984,49.71685398964193],[18.260684539335212,49.71674140174576],[18.26057088783101,49.716655013656386],[18.26050817017607,49.71662317697846],[18.260454408828817,49.716592020678846],[18.260404656769747,49.7165631637058],[18.260268059862625,49.71648397717544],[18.259889674914945,49.71618915156986],[18.259843477411476,49.71611780839163],[18.259784772020225,49.71607148582929],[18.259598955001227,49.715990904238296],[18.259413111456336,49.71588956521728],[18.25914254665427,49.71571039988375],[18.258996501056178,49.71552528155097],[18.25887780209592,49.71544655091124],[18.258422539951752,49.715326196357104],[18.258283148887983,49.715301627933044],[18.258025772246285,49.71533652802056],[18.257903125879125,49.71529277021903],[18.257880316803327,49.7150872788501],[18.257687334024954,49.71503869052663],[18.25760668134654,49.71501722096298],[18.257195727423795,49.71492586679762],[18.257022776059475,49.714843833311825],[18.256993042127753,49.714940897510225],[18.256872034528335,49.715100635766866],[18.256591562551343,49.715105094577076],[18.255909719385322,49.71484447148395],[18.254794767085116,49.71463418705633],[18.254734868237147,49.71481682997421],[18.25461701423862,49.71489832190275],[18.253934970802213,49.71519744914065],[18.253885624019752,49.715216891423246],[18.25381056529616,49.71524653823478],[18.25369923341321,49.715289409081],[18.253567369832293,49.71534015677078],[18.253541895936035,49.71534856971816],[18.25341904275717,49.71540063294177],[18.252444109832645,49.715877045548766],[18.25147877409917,49.716201567677246],[18.250705209654566,49.71640261238424],[18.250047868707966,49.71650934909533],[18.249725318243268,49.716511980870436],[18.24889058598761,49.716564844666614],[18.248071104811142,49.71649781041676],[18.247970811689157,49.71651936455414],[18.247777673519142,49.71662470561742],[18.24696985842468,49.71703173143874],[18.246637476595183,49.71719922066867],[18.246576630033143,49.71723705817801],[18.24648890081867,49.717293877084224],[18.24603441746913,49.71758818473144],[18.245496935528926,49.71797377601762],[18.245388465847135,49.71805046055629],[18.244740568746444,49.71829928946204],[18.244683513485896,49.71832326031333],[18.24446961116791,49.71841299593157],[18.24404401963389,49.71859150704365],[18.243792559599967,49.71869673736032],[18.243348653517778,49.71873885620737],[18.242439868573555,49.718946090190265],[18.242406090523687,49.71896143609918],[18.242368896278663,49.71897839565943],[18.24225643673189,49.719029586174344],[18.242173012062175,49.71906760183605],[18.2421033663341,49.71909934971083],[18.241922148861782,49.719181886257054],[18.241843766980516,49.71921756692034],[18.24176255719157,49.71925462338137],[18.241677931061616,49.71929329342669],[18.241126831858676,49.71949121067375],[18.240777171550786,49.719616747342094],[18.24063303644412,49.719668509454955],[18.240543802807046,49.71973444513696],[18.240519420417474,49.719752392197925],[18.239862358955296,49.7198240766068],[18.239823205028337,49.719821252576196],[18.239789980054493,49.71981885075543],[18.239289004657817,49.71978249616657],[18.239109219229494,49.71976854804991],[18.2389977163695,49.719746691781125],[18.23893596351867,49.71973484093809],[18.238302317919732,49.71961299138182],[18.236921943826662,49.71941158835032],[18.23689971402095,49.719412328447426],[18.236884752012617,49.719412843962175],[18.236775561063812,49.719416473573155],[18.23670803074293,49.719418736906206],[18.23665022048836,49.71940133004163],[18.23642981255146,49.71933501649286],[18.23633530452148,49.71956372495858],[18.236304900622798,49.719637285254784],[18.236265711949162,49.719786158473234],[18.236208829365562,49.72000199424605],[18.23615480827538,49.720206800039655],[18.235989314375992,49.7203832508043],[18.23597405884456,49.72039954250195],[18.235945181596716,49.72041046858713],[18.235618277633904,49.72053428783776],[18.235101846170462,49.720708852853704],[18.234839899666262,49.7208528245353],[18.23414024689419,49.72125942486487],[18.233737973340503,49.72149326506179],[18.23290489199667,49.72201303801843],[18.232883318371588,49.72203285577623],[18.23206992525911,49.72278060187753],[18.231310129152842,49.72324635603167],[18.231236305499916,49.72329158109924],[18.230620904778622,49.72374855083584],[18.23005634056521,49.72416766806957],[18.230009624340976,49.72420376357244],[18.22985921161146,49.72432428919708],[18.22981297900957,49.7243651044768],[18.229800556175743,49.72437370308845],[18.22975848310603,49.724392731891456],[18.2297057999714,49.72451214951669],[18.229564481014243,49.72467614123449],[18.229544170000427,49.72470108300551],[18.22947561401982,49.72478504677884],[18.229354102394414,49.72494455384664],[18.22929752082491,49.7250149303653],[18.229180335849474,49.72516078224505],[18.22870272439061,49.725651010046626],[18.228395463369342,49.72596623977149],[18.228370471898014,49.72599182134306],[18.22772479100395,49.726643904600465],[18.227666371384704,49.72670298708401],[18.227662112017377,49.7267119531511],[18.227459207002152,49.72713699620559],[18.22690792631654,49.727584371282205],[18.22667219099307,49.72777555228185],[18.226625797069342,49.72781753072423],[18.226174636686412,49.72822602867186],[18.22526040886074,49.728914114288564],[18.22477619576284,49.72924260126287],[18.224468461233744,49.72957873328888],[18.224024210781707,49.73006657682305],[18.223959720544936,49.73013560515273],[18.223883488838734,49.73034466663222],[18.223865224169636,49.730394900875986],[18.22342665091869,49.73099857507355],[18.223137815911528,49.73144008852874],[18.223075141317597,49.73149550115016],[18.223030145482173,49.731535300825605],[18.22274785844443,49.73178495895839],[18.222393534397458,49.7320193829043],[18.22232679046757,49.73206355689087],[18.22228267362733,49.7320978104712],[18.222202961761177,49.73215984703461],[18.22175204808954,49.732510678856286],[18.22146926432915,49.732730615949414],[18.221437890422827,49.732754935653944],[18.22133502431837,49.73283498445493],[18.221302401106463,49.732860316942265],[18.22128483433013,49.73287404078838],[18.22120742913075,49.7329510967578],[18.2211696992309,49.73298859638907],[18.221032710502232,49.73312394493115],[18.220929102015397,49.73322308377156],[18.220850199506224,49.73329987501107],[18.220729463860696,49.73341673297959],[18.220723074229983,49.73342287192502],[18.220716024088837,49.73342978599648],[18.2205208369931,49.73362449702181],[18.220454485173196,49.733690712009796],[18.220307208186068,49.73384154595661],[18.219949533504007,49.73427377405003],[18.21965186432511,49.73462056910755],[18.219437120623212,49.73479901946735],[18.21937507864264,49.734850675742585],[18.219084986899176,49.73509176659036],[18.218703996803683,49.735299325150976],[18.2178669055783,49.735585681880295],[18.217142298561413,49.73583358944182],[18.21709574503285,49.73584956519694],[18.21685965366788,49.735941801166014],[18.21660418085589,49.73604152133939],[18.216333874157073,49.73614699565689],[18.216276515293597,49.736174005821425],[18.215713385423665,49.73643251050855],[18.215698739409408,49.73643999030458],[18.21519147453097,49.73676173495301],[18.214984401329847,49.73689304992258],[18.21475950810774,49.73701704612135],[18.2147796476904,49.73719126914657],[18.214209811728715,49.737560122503126],[18.21331124267224,49.73790373121303],[18.212124180976247,49.738028515995516],[18.21201659079157,49.73833616372722],[18.211712871904865,49.73855273861687],[18.21155870245317,49.7386652729013],[18.21151269637137,49.7387676429635],[18.21150802236719,49.73889516867864],[18.211447936436358,49.7391391555728]]]},"properties":{"id":"obec-598348","code":598348,"name":"Krmelín","count":788,"kind":"Celá obec","parts":["Krmelín"]}},{"type":"Feature","geometry":{"type":"Polygon","coordinates":[[[18.177399586661753,49.75019498925322],[18.177762000021847,49.75038657492202],[18.17781018981788,49.750425938313974],[18.178083413057774,49.75064894524137],[18.178408301140195,49.75100870911524],[18.178744733745003,49.75146180965321],[18.178850573847473,49.75160794426809],[18.17905812845281,49.75189465537943],[18.179425233875165,49.75259613594346],[18.17996238782289,49.75242187443078],[18.180440308752356,49.75247566441311],[18.180771130523805,49.75251293453588],[18.180898065405568,49.752379042289014],[18.181007455375443,49.7522637433785],[18.181236663815657,49.75194005577935],[18.181243356184577,49.751930686735435],[18.181485786270745,49.75173445461687],[18.18160184187251,49.75149706393552],[18.18161240817888,49.7514754592394],[18.18175937336206,49.751469135692744],[18.18198089636935,49.75142731141326],[18.18215942672699,49.75131158277905],[18.182251993878452,49.75100851834966],[18.182146759392403,49.75092722011086],[18.18199695530889,49.750855228313384],[18.1819709152639,49.75084274794177],[18.181880373193763,49.75079928085056],[18.181831882496738,49.75079320418405],[18.1814705346262,49.75074789557354],[18.181249417980904,49.750655180579415],[18.181271686266328,49.75061284759644],[18.181407537931637,49.750355637007814],[18.181248957733953,49.750188387226835],[18.18119672282144,49.75001026489956],[18.181634412792743,49.749726054063295],[18.18172858391581,49.749697978510184],[18.18186642325552,49.74965693560935],[18.182078142913163,49.74958540777648],[18.182151266735996,49.74945903596962],[18.182043380535056,49.74930322261851],[18.181720247508405,49.74913435474797],[18.181634521601342,49.74907374109972],[18.18150870542508,49.74891041687846],[18.181663612981893,49.74866267518366],[18.181869177183508,49.74851156186347],[18.1818475678853,49.7483397714253],[18.181722651741143,49.74829923668877],[18.181450782817585,49.74821114665899],[18.181172953626316,49.748206741230284],[18.181199635673206,49.74815229337719],[18.1813574473765,49.74783116310083],[18.181602393302914,49.74741098544669],[18.181580316986423,49.747260286693816],[18.18157626172187,49.74723244154089],[18.181550271073856,49.74708910267386],[18.181517781404345,49.74691019972761],[18.181514744902127,49.74689342246497],[18.181509776033668,49.74686615746158],[18.18139619620726,49.74624108738805],[18.18185919252138,49.745716619311175],[18.182241274688177,49.74573485162589],[18.182388375518876,49.74574189279623],[18.18334687834414,49.74566089844896],[18.183720225297865,49.7455596849117],[18.183831186901568,49.74552163576992],[18.183855131795315,49.745513420909084],[18.183895359521046,49.74549493423178],[18.183982191913362,49.7454550718083],[18.184098593415822,49.745382764186495],[18.184169548501803,49.74533875656042],[18.18428184422801,49.745269014766976],[18.184378453464184,49.74514604327537],[18.184395814193124,49.74512464139279],[18.18447261481661,49.74502988272799],[18.184514735203706,49.744838766551986],[18.18451195947137,49.74480657158273],[18.18447755965333,49.744465655708666],[18.184473169861796,49.74442163729312],[18.184374722900877,49.744208057551],[18.18434840081863,49.74415106891856],[18.184334278724492,49.744120399509136],[18.184153050510563,49.74368654274886],[18.184307126317222,49.74334010984001],[18.18434865195819,49.74306015519738],[18.18437020911826,49.74291426627774],[18.184740975474643,49.743035187908426],[18.185132837278424,49.74312453846322],[18.185552417538933,49.74314442605677],[18.18593978501651,49.74310969896853],[18.185946016835885,49.74304362758601],[18.185962833584583,49.7428656133748],[18.18596834286012,49.742806991857606],[18.185971166788974,49.742776647148695],[18.185951541197774,49.74270297977084],[18.185912025797354,49.74255553982995],[18.185797391605924,49.74248003086881],[18.18549468644464,49.74228064646161],[18.185261751408444,49.74221082490104],[18.185068169138248,49.74215802457106],[18.185033879496945,49.74212820250405],[18.184835406401675,49.74195635825853],[18.184557765563184,49.7418513419103],[18.18450165325197,49.74155179751232],[18.18429790020097,49.74127731177706],[18.184529757872095,49.74129915264657],[18.184774186814,49.74132278555219],[18.184956533021467,49.74132134463768],[18.185204510605637,49.74111648637073],[18.1852963108974,49.741040623760775],[18.18561912857952,49.741006316934104],[18.185650917185246,49.74100811085313],[18.1857265308266,49.74101228765626],[18.18580085350467,49.74097839682506],[18.186838374291806,49.740978098760614],[18.18708682064918,49.740978037660234],[18.187267302402557,49.740978022264166],[18.187923411054285,49.74046127210972],[18.188064660333474,49.740350022089146],[18.188918741257705,49.73992475645534],[18.18895566317501,49.73990906011242],[18.18905199420534,49.7398678352216],[18.189100442091444,49.73984719355254],[18.18948656263083,49.739744789972946],[18.189737870975403,49.73972647436793],[18.19001566291363,49.73975152706737],[18.190296324830236,49.73980498867052],[18.191320509810243,49.73981355689761],[18.191473867896143,49.73981742078953],[18.191610585099976,49.73984669869206],[18.191652227064097,49.739864298518945],[18.191859836398372,49.73995262454008],[18.191919511450788,49.73997800958552],[18.19250833342183,49.740228703744116],[18.19293184548016,49.740408978137005],[18.193222538923685,49.74042301793552],[18.19313728991066,49.74033292820086],[18.19314068734862,49.74026922412152],[18.193278838130734,49.74026293279284],[18.19345473167416,49.740281511225035],[18.193562016844986,49.74037031583782],[18.19384535437063,49.740414262779936],[18.1938307299676,49.740324002805394],[18.193900208919676,49.74027530429565],[18.193907638579994,49.740157678759886],[18.193964912024747,49.74014285724585],[18.194189666843886,49.74008477035049],[18.194257503034247,49.74015934795106],[18.194944173789658,49.73987495924079],[18.195225346276583,49.7399018143574],[18.19533949413503,49.73976303803168],[18.19541538897503,49.739757838728764],[18.195409343028015,49.7396825021287],[18.195257552724975,49.73958081285663],[18.195431646770448,49.739501729162676],[18.195447834648537,49.7394537270524],[18.19576073597801,49.73931775702591],[18.195940634740357,49.73931995197987],[18.19618649705718,49.739408620487644],[18.19636341752033,49.739472466632364],[18.19650707431105,49.73959950694632],[18.196860563239575,49.73957411801927],[18.196965044957047,49.739620525446334],[18.196980575701758,49.73969784013423],[18.196982973848193,49.73971006841873],[18.19699441497102,49.73970574935551],[18.197063199875036,49.73967984273887],[18.19780246472869,49.73973096368946],[18.19773082546763,49.739542462279736],[18.197728837821458,49.73946175925832],[18.197806912814205,49.739449641950436],[18.197888965727852,49.73943693643864],[18.198039114868212,49.739450177260615],[18.198092461455936,49.739422046766755],[18.19819164341277,49.739369875008],[18.198280090515205,49.73928145076528],[18.19852075301588,49.73920746606649],[18.198591947416748,49.73927988358568],[18.198686182513942,49.73937570938512],[18.198724128242205,49.73935754090514],[18.199085359308498,49.73918403426092],[18.199129456316836,49.73928615089986],[18.19910296714251,49.73941100541812],[18.199536020658954,49.73946517534271],[18.199398827289553,49.739393734556494],[18.19939350865815,49.73932123713477],[18.199496973686216,49.73927138125985],[18.199530911182404,49.73925506250291],[18.199602882878473,49.73914513319221],[18.199739710051784,49.73916321697165],[18.200170587992496,49.739284496360945],[18.20023767339306,49.73923385480319],[18.20032119796665,49.73917069204024],[18.200262941093218,49.73917625588737],[18.200205952098827,49.73918171060572],[18.200158623692012,49.73905694095506],[18.200226384634277,49.73903241892392],[18.200284934065028,49.7390111685503],[18.200321458924794,49.738921533991864],[18.200221631064768,49.73891726644586],[18.20013294440473,49.73897427237198],[18.20002656486129,49.738895271946554],[18.20012535656287,49.73881898071575],[18.200389874068417,49.73867711608867],[18.20041762989682,49.73868093516381],[18.20068065733595,49.738656127004255],[18.200692579390097,49.738709502686916],[18.200757996848527,49.73884269086677],[18.200883828240443,49.738721534470585],[18.20114640844072,49.73872395474186],[18.20134159381394,49.738785572612],[18.201295250131455,49.73867421557113],[18.201383798974273,49.738497713837745],[18.201492045260334,49.738462023657675],[18.20134477746162,49.73827251608278],[18.201448280675628,49.73827013088143],[18.201568309612774,49.73818808524499],[18.201749473728718,49.73837300299582],[18.20177609193931,49.73836349137773],[18.201892226521533,49.73832192764978],[18.202158954343687,49.73814480702164],[18.202198134301863,49.7381174115664],[18.202281746453963,49.73802654670468],[18.20229977863911,49.73798343095905],[18.202308884751915,49.73796120129983],[18.202372693808286,49.73780821456955],[18.202593704223847,49.73779971832429],[18.202693783303634,49.73792366572926],[18.202865014602324,49.73790216895845],[18.20290939502729,49.738006375471755],[18.203071962817553,49.73802770930809],[18.20316504746204,49.737998113331926],[18.203034563970117,49.737957648239714],[18.203029400307543,49.73787252538328],[18.203152275143918,49.73779830950787],[18.203310289793862,49.737937790839034],[18.203456461564286,49.738006663932545],[18.20353223168638,49.73792754028851],[18.203617871523576,49.73800338465713],[18.203652232641776,49.73811794676357],[18.203799272351016,49.73816268203404],[18.20388232323196,49.738107161411094],[18.20397946747161,49.7380337527819],[18.204074802339644,49.73815156571638],[18.20413393405619,49.73817375510245],[18.204280275818576,49.738179012565375],[18.204339331675545,49.73818098226998],[18.20450245537276,49.738242866175526],[18.204555085889172,49.73826577244469],[18.204695564138728,49.73821501710998],[18.204792877923364,49.7381829504588],[18.204948559506754,49.738197486588135],[18.20509793379006,49.738163475810424],[18.205222174360067,49.73822353173498],[18.205335340656248,49.73819786169089],[18.205411309346147,49.73813282666742],[18.20534825591683,49.738038039379646],[18.205474930755813,49.737961417914654],[18.205539373684136,49.73814562759602],[18.20589419281424,49.73819853104914],[18.20608554325682,49.73805280888619],[18.20620084149139,49.738208744076765],[18.205893584806535,49.73838187815407],[18.205918017962066,49.73841258298327],[18.20603836614141,49.73841854167676],[18.206038843226086,49.738402504607194],[18.206217815217794,49.73841158081496],[18.206876113348596,49.738345552505876],[18.20698017100742,49.73839932699536],[18.207365845334376,49.738341424020796],[18.207702834414317,49.73839855316944],[18.207856325063894,49.73850745019039],[18.20837410126455,49.7383240408807],[18.208875629811306,49.73847308594194],[18.20930065656574,49.738502943248406],[18.209418648370672,49.73856498938776],[18.209399600678125,49.738587653092374],[18.209806646429126,49.73868526504967],[18.210272823353684,49.73888312451882],[18.210514652165276,49.73895005623731],[18.21056957318932,49.738965236948886],[18.210712041102678,49.73900465220058],[18.211447936436358,49.7391391555728],[18.21150802236719,49.73889516867864],[18.21151269637137,49.7387676429635],[18.21155870245317,49.7386652729013],[18.211712871904865,49.73855273861687],[18.21201659079157,49.73833616372722],[18.212124180976247,49.738028515995516],[18.21331124267224,49.73790373121303],[18.214209811728715,49.737560122503126],[18.2147796476904,49.73719126914657],[18.21475950810774,49.73701704612135],[18.214984401329847,49.73689304992258],[18.21519147453097,49.73676173495301],[18.215698739409408,49.73643999030458],[18.215713385423665,49.73643251050855],[18.216276515293597,49.736174005821425],[18.216333874157073,49.73614699565689],[18.21660418085589,49.73604152133939],[18.21685965366788,49.735941801166014],[18.21709574503285,49.73584956519694],[18.217142298561413,49.73583358944182],[18.2178669055783,49.735585681880295],[18.218703996803683,49.735299325150976],[18.219084986899176,49.73509176659036],[18.21937507864264,49.734850675742585],[18.219437120623212,49.73479901946735],[18.21965186432511,49.73462056910755],[18.219949533504007,49.73427377405003],[18.220307208186068,49.73384154595661],[18.220454485173196,49.733690712009796],[18.2205208369931,49.73362449702181],[18.220716024088837,49.73342978599648],[18.220723074229983,49.73342287192502],[18.220729463860696,49.73341673297959],[18.220850199506224,49.73329987501107],[18.220929102015397,49.73322308377156],[18.221032710502232,49.73312394493115],[18.2211696992309,49.73298859638907],[18.22120742913075,49.7329510967578],[18.22128483433013,49.73287404078838],[18.221302401106463,49.732860316942265],[18.22133502431837,49.73283498445493],[18.221437890422827,49.732754935653944],[18.22146926432915,49.732730615949414],[18.22175204808954,49.732510678856286],[18.222202961761177,49.73215984703461],[18.22228267362733,49.7320978104712],[18.22232679046757,49.73206355689087],[18.222393534397458,49.7320193829043],[18.22274785844443,49.73178495895839],[18.223030145482173,49.731535300825605],[18.223075141317597,49.73149550115016],[18.223137815911528,49.73144008852874],[18.22342665091869,49.73099857507355],[18.223865224169636,49.730394900875986],[18.223883488838734,49.73034466663222],[18.223959720544936,49.73013560515273],[18.224024210781707,49.73006657682305],[18.224468461233744,49.72957873328888],[18.22477619576284,49.72924260126287],[18.22526040886074,49.728914114288564],[18.226174636686412,49.72822602867186],[18.226625797069342,49.72781753072423],[18.22667219099307,49.72777555228185],[18.22690792631654,49.727584371282205],[18.227459207002152,49.72713699620559],[18.227662112017377,49.7267119531511],[18.227666371384704,49.72670298708401],[18.22772479100395,49.726643904600465],[18.228370471898014,49.72599182134306],[18.228395463369342,49.72596623977149],[18.22870272439061,49.725651010046626],[18.229180335849474,49.72516078224505],[18.22929752082491,49.7250149303653],[18.229354102394414,49.72494455384664],[18.22947561401982,49.72478504677884],[18.229544170000427,49.72470108300551],[18.229564481014243,49.72467614123449],[18.2297057999714,49.72451214951669],[18.22975848310603,49.724392731891456],[18.229800556175743,49.72437370308845],[18.22981297900957,49.7243651044768],[18.22985921161146,49.72432428919708],[18.230009624340976,49.72420376357244],[18.23005634056521,49.72416766806957],[18.230620904778622,49.72374855083584],[18.231236305499916,49.72329158109924],[18.231310129152842,49.72324635603167],[18.23206992525911,49.72278060187753],[18.232883318371588,49.72203285577623],[18.23290489199667,49.72201303801843],[18.233737973340503,49.72149326506179],[18.23414024689419,49.72125942486487],[18.234839899666262,49.7208528245353],[18.235101846170462,49.720708852853704],[18.235618277633904,49.72053428783776],[18.235945181596716,49.72041046858713],[18.23597405884456,49.72039954250195],[18.235989314375992,49.7203832508043],[18.23615480827538,49.720206800039655],[18.236208829365562,49.72000199424605],[18.236265711949162,49.719786158473234],[18.236304900622798,49.719637285254784],[18.23633530452148,49.71956372495858],[18.23642981255146,49.71933501649286],[18.23635135537542,49.71930751860582],[18.235122025838926,49.718876310387145],[18.234930782556077,49.71905276077477],[18.233956352739746,49.718615066301844],[18.23391051125379,49.7185924628634],[18.23262103646057,49.71795706087732],[18.23252419853826,49.71790669059608],[18.232488151716908,49.7178878843901],[18.231354557501515,49.71729766340262],[18.229935265387773,49.716681210046595],[18.228753892019654,49.71633058866133],[18.227793107061196,49.716070933266806],[18.22647237755389,49.71576562343397],[18.225430777867665,49.71549428311016],[18.225302454457815,49.71546091013331],[18.224886008288713,49.715352616234654],[18.223039468782034,49.714872366256124],[18.22237840268352,49.714681381053474],[18.22121788364535,49.71434619751792],[18.220396574687495,49.71415567683011],[18.219383726884985,49.713872717586916],[18.21817511370711,49.71359670871759],[18.216809586173007,49.71327856738136],[18.21531647095282,49.71283014078764],[18.21491856844896,49.71266671769308],[18.21384268552894,49.71222484837164],[18.213606190828916,49.71211065517438],[18.21244096097756,49.71154823148401],[18.21227768181985,49.711469378155286],[18.210985814417807,49.71076354260516],[18.209692296208594,49.71005678533043],[18.209511711858422,49.70997523919619],[18.209320285533163,49.70988423845617],[18.209101979700154,49.70977259242507],[18.208982975673404,49.709686388131345],[18.20892237537856,49.70964525469542],[18.208868154147922,49.70960845106748],[18.208581215508246,49.7094117190954],[18.20845958804247,49.70941065041891],[18.208314749687432,49.70940935836769],[18.20833512066994,49.70936736645129],[18.20844565419167,49.70914038720943],[18.208452833818527,49.70897545778365],[18.208460907789316,49.70880904447098],[18.208441067023863,49.70878987841004],[18.208389906434757,49.70874061205622],[18.20837227627151,49.70872364607809],[18.20830311927872,49.7086570320919],[18.208213869610365,49.708571057268536],[18.207555435397257,49.708063990222215],[18.207462336339304,49.707992237632034],[18.2073311332131,49.707891175659014],[18.207239914818214,49.70782097266801],[18.206177438172013,49.70704315202634],[18.20577081863274,49.70667406874548],[18.205599376527555,49.70651604860486],[18.204805065773794,49.70578426553374],[18.204091541637553,49.70536802029594],[18.204018616436482,49.705325467606315],[18.20353205876964,49.70487498101514],[18.203435852180768,49.70478599249587],[18.203045864371504,49.70442496350182],[18.20296180714935,49.704335666087836],[18.202477859399224,49.70382115422836],[18.20202107286058,49.70333560539477],[18.201927884955698,49.70323658723728],[18.201725269979452,49.70301020016402],[18.201207949065374,49.70243234170743],[18.20095752043765,49.70215262926697],[18.200943083304022,49.702031875386695],[18.200911811054443,49.701769836282445],[18.20075854083621,49.70155741814321],[18.200364069228947,49.70101102437561],[18.200297924587026,49.70094908637945],[18.19990958114209,49.70058551870484],[18.198847672736758,49.699357844837564],[18.19845114951045,49.698884157133165],[18.198389187478025,49.69879934974777],[18.198357573045563,49.69875596271395],[18.19823166231495,49.69858352827862],[18.19794554827591,49.69813014130508],[18.197901597754452,49.69768354774822],[18.19748291660548,49.69741690084001],[18.19704754447253,49.696875133927094],[18.196898332479947,49.6967655506422],[18.19648280953344,49.69646090193288],[18.196083316285964,49.696180981268704],[18.194940750998505,49.695593722664036],[18.194788071207952,49.69551525709165],[18.194805307924597,49.6955018797356],[18.19446454467592,49.695450257430046],[18.19427466008061,49.69543864294911],[18.193919879526746,49.69561609391326],[18.193878235659458,49.695698398599774],[18.19392062711847,49.69573192629665],[18.19396120394081,49.69583087278544],[18.193757830655354,49.695923998333186],[18.19360868331414,49.695800515424914],[18.193509662643287,49.69583238230081],[18.193505683944924,49.695959590276026],[18.19340312892795,49.69592754144196],[18.193212234377498,49.695908919129224],[18.19295931062754,49.695994915637364],[18.193012264934428,49.69610737638909],[18.19308577617498,49.696370540647834],[18.192868382207557,49.69641774893903],[18.192799463206214,49.69657062384497],[18.192408994188504,49.6966416383076],[18.19224072466494,49.69674269888696],[18.19170894359064,49.696684711889574],[18.191631710380282,49.696765729540694],[18.191434030072116,49.6968111598926],[18.19138778919253,49.69687894504824],[18.191534865662238,49.696964950583656],[18.19156084162094,49.697086629260276],[18.191337740366436,49.697198131733245],[18.19133521710962,49.69714122220354],[18.191232541203053,49.6970301961351],[18.191091363035945,49.69706410412856],[18.190887925914648,49.6969398097666],[18.190788056609737,49.697017383349085],[18.190847834419547,49.69711940040831],[18.190818410645626,49.697172792098165],[18.190612732688184,49.697131581163234],[18.190236914989306,49.69710784112015],[18.190278273784745,49.697189505354345],[18.190279859727887,49.69730213651411],[18.190085691310465,49.697318251285985],[18.189934154373404,49.69735572474411],[18.189883395617496,49.69748309012756],[18.19007879910362,49.69749096159663],[18.189928819245043,49.69767445711663],[18.189839224540638,49.69759557512835],[18.189620909186196,49.697537584643385],[18.18950774068107,49.69759085130019],[18.189585830704473,49.69767458936508],[18.189445726685705,49.69784357015158],[18.189570573831386,49.698000884216384],[18.189522001772698,49.697997871499396],[18.18944755294148,49.69799069045998],[18.18888828932003,49.69796426158661],[18.18870771409445,49.69795578141815],[18.188509513715296,49.69828600710793],[18.18876707621232,49.69836986085201],[18.188487062575213,49.698568395454735],[18.18830432799421,49.69848578781193],[18.18823663090119,49.698580699096524],[18.188273760115592,49.69879650766056],[18.188276513229603,49.69881642787087],[18.1882922763871,49.69892913771252],[18.188300295943453,49.69898653829507],[18.18819542092515,49.699036030437455],[18.187901378639015,49.69900832711558],[18.187866885394385,49.69900511596657],[18.187328468952813,49.69962668026971],[18.187050544088528,49.70004382568851],[18.186770330105844,49.70001672024575],[18.18668890246486,49.70035588473422],[18.18664008253596,49.70042000309378],[18.18642426205436,49.700703023157494],[18.1863470823256,49.70080425714073],[18.186221375107127,49.70093839926456],[18.18582381826843,49.70136241391847],[18.185796204389128,49.701391900381786],[18.185762400805,49.70141670523446],[18.185701267204035,49.701461626531604],[18.1854308247867,49.70166015442323],[18.185142760409768,49.7018717654789],[18.184894836527036,49.70218546020619],[18.185026779809352,49.70227332615254],[18.18557661780827,49.702379651253494],[18.185866159025622,49.70265556383924],[18.185697545784034,49.70280659597121],[18.185902273198295,49.70299495864265],[18.18571927085879,49.70311945689471],[18.18465722888813,49.70384193977407],[18.184867062912456,49.70413528289356],[18.183959200062485,49.70468452500769],[18.183167961009683,49.705163095847546],[18.183059055394004,49.705241417253795],[18.182450551658935,49.70567931671516],[18.182354154614913,49.70572459068688],[18.181982960356066,49.70589900844351],[18.18182774228388,49.70597191414024],[18.18177783457579,49.705995356830925],[18.18167222345771,49.70604498316178],[18.181447907379546,49.70613086054792],[18.180460147066807,49.70650878126142],[18.180157639189865,49.70664005540523],[18.179791311205044,49.70679885794496],[18.179299560282782,49.706970334441124],[18.178144765687232,49.7072892474516],[18.17805518309442,49.707317936390304],[18.177922124299453,49.7073605025312],[18.177477704409313,49.707502789566774],[18.176973078901813,49.707664323562504],[18.17693425079324,49.70767674856354],[18.175770745801305,49.70805913542208],[18.174768696574183,49.70838846168173],[18.174037567187238,49.70870973181004],[18.17390710711122,49.70876706151097],[18.173379852831683,49.70896935833387],[18.172877244508978,49.70916221736414],[18.172628500591614,49.709257708002816],[18.172496846503282,49.709292857151475],[18.172397637107082,49.709293741499316],[18.172358475238784,49.70920416214529],[18.172329730789823,49.709184034075975],[18.17216717322874,49.709205791714034],[18.172100338538858,49.70922051123724],[18.172078825062943,49.709225250426336],[18.17204886243206,49.709216244526225],[18.172000637646395,49.709194021239895],[18.171993816989648,49.70919092772316],[18.171897952613207,49.70914109910477],[18.171793262090958,49.70911342403702],[18.171722587974298,49.7090563566447],[18.17167096085086,49.708991161454435],[18.17155797726188,49.70898891900826],[18.171542411053323,49.70900220755618],[18.171535438449055,49.70902816639412],[18.1715190992348,49.709037891384405],[18.171424154098112,49.70907638033341],[18.171399680922462,49.70910414653644],[18.171388808248427,49.709135299739735],[18.171388132317706,49.709167210522025],[18.171401225232263,49.709214701786536],[18.171384692080462,49.70939029806005],[18.17146413965108,49.70943594896366],[18.171490946232655,49.7094642707232],[18.171493440618097,49.70949744393331],[18.171485790320737,49.70960910333011],[18.171433402821425,49.70973880825485],[18.17135178266687,49.709751697881465],[18.171319192492142,49.70972395129603],[18.171194571438303,49.709654083361656],[18.171144568651822,49.70960784244932],[18.17114188166914,49.70955128317442],[18.171173333602447,49.7094985512973],[18.1711507486516,49.709470919640225],[18.171063098847434,49.70946036339863],[18.171001371127808,49.70943196037707],[18.170955388325574,49.70938170505273],[18.170899022328065,49.709355861716645],[18.170828571606805,49.70933436551183],[18.170765528535753,49.70933124859264],[18.170715621760763,49.709347376724644],[18.170546925025857,49.709430246048264],[18.17045118957162,49.709484934847886],[18.170422346400645,49.70951931265879],[18.170414559896287,49.70955027948521],[18.170576574921597,49.70968146989831],[18.170665319511244,49.70977385637379],[18.170683558008896,49.709871006582034],[18.170668934027663,49.70988452887207],[18.170610065646088,49.7099144997678],[18.170618359719693,49.710058649705694],[18.17074113927519,49.71022182435392],[18.170552902953787,49.71026992408805],[18.170475947580222,49.710259521533445],[18.17040838363927,49.71021553539623],[18.17030422942698,49.71016938787454],[18.170178279340057,49.710163161262855],[18.170054060609292,49.71017715862786],[18.170027992093654,49.71019815568645],[18.169970038631792,49.71036400678682],[18.16980695056998,49.71042688614927],[18.169737536652924,49.7104659166521],[18.16969001188523,49.71050672771347],[18.169689697447012,49.71060418169199],[18.16989546818267,49.71077530418524],[18.170012581544984,49.7109785013149],[18.170084704360626,49.711129242542],[18.170120892971454,49.71127397866074],[18.170118397693756,49.71136282547169],[18.170078825408297,49.71144794910137],[18.170297332434878,49.711476923252164],[18.170439446909565,49.711531626987075],[18.170524794145273,49.71155414685813],[18.17067600420606,49.71153093651778],[18.17099956532072,49.71146910547493],[18.171118405437383,49.711555071911725],[18.17114787195218,49.711648434996334],[18.171162392212086,49.7117628833123],[18.17113632067636,49.711875936926596],[18.171084087131543,49.71199102975111],[18.171049056281007,49.71203931728887],[18.171043592028177,49.71216057674114],[18.171072852494017,49.71219652823467],[18.171128897848078,49.7122340857999],[18.170981757134925,49.712307706935526],[18.170906765676555,49.712339563438256],[18.170762383649087,49.71238337697373],[18.170660715130776,49.712401449326116],[18.170600585852625,49.71248522913419],[18.17050410739828,49.712524713954835],[18.170510899470663,49.71258592787027],[18.1705516155804,49.71261639075534],[18.17070276476213,49.71267431281619],[18.17077712298804,49.71269783496354],[18.170838876150253,49.71274365779994],[18.17090322802631,49.712830150560634],[18.17098255700908,49.71290774371762],[18.170990983747092,49.71295578310979],[18.17098071230008,49.712971086067476],[18.170961409640828,49.71298317037749],[18.170842488582768,49.71301876811851],[18.17082103156428,49.71302721067821],[18.170795630460276,49.71304427466148],[18.170747652512283,49.71308740709403],[18.170692959674593,49.713191801215146],[18.170610617336237,49.713328926026804],[18.17069544871416,49.71346594544151],[18.170680275370433,49.71350732437712],[18.17062919900704,49.71352383776054],[18.17056749815154,49.713528287888565],[18.17044590717635,49.7136033545953],[18.170384444644966,49.71370736547928],[18.170350928842574,49.71378470935209],[18.17020921369615,49.71400926658224],[18.17014545485127,49.71407966412143],[18.170107685452482,49.714087273569795],[18.169799107420825,49.714058345957426],[18.169774443639472,49.714029603731845],[18.169740824856987,49.71396605904895],[18.169723220448223,49.71395621794593],[18.1696874232509,49.713959516564664],[18.169655343871128,49.71398585924878],[18.169616200926118,49.71409465300432],[18.169801094528793,49.71437650471623],[18.169889326894793,49.7144272562641],[18.169932203953838,49.71446235415924],[18.169921402799044,49.714502265724164],[18.169885499415106,49.71453633416953],[18.169683455205664,49.71457417550316],[18.169380924183677,49.714449651853364],[18.16929386600713,49.71452044494087],[18.16927057865664,49.7145931330098],[18.169284684252915,49.71468995910521],[18.16928209158346,49.71470921642648],[18.16936760598293,49.71472019408453],[18.169716961596418,49.71472850680559],[18.169971696899086,49.71484517989007],[18.169950538080844,49.71496203121903],[18.169772395360102,49.71501359005917],[18.16964117714749,49.71508982604136],[18.16946522047128,49.71510549784292],[18.16931798014874,49.71503813894474],[18.16921280698178,49.71498191548662],[18.169121855492463,49.71495032336891],[18.169074305131307,49.71504194456474],[18.169168869864325,49.715318593647815],[18.16922555997589,49.71540203622041],[18.16908317381291,49.71549090648862],[18.1691521056104,49.715583706187786],[18.169479871355794,49.71554151983512],[18.169636477296,49.71561996794271],[18.169695320284855,49.7156770883892],[18.16976518745423,49.715834289860325],[18.169757298662272,49.71586290431971],[18.16965230372944,49.71594594949121],[18.16961748294048,49.716032966535074],[18.169732901854918,49.71608444452041],[18.16981580597538,49.71608381202521],[18.169887000217177,49.71609054908557],[18.169990419534876,49.71605849683683],[18.170169773905048,49.71595763853952],[18.170220229856795,49.71592610837106],[18.1702955006551,49.71591186683514],[18.17032149720179,49.7159203777228],[18.170340795411626,49.71597968204351],[18.170362589213944,49.7160090738869],[18.170398349525893,49.71604638600781],[18.17055291023701,49.71614935556327],[18.17057341652231,49.716159360701646],[18.170629886238892,49.716173115863995],[18.17068259223084,49.716024566604396],[18.17055991743598,49.71581500985316],[18.170611231004994,49.71573677787109],[18.17068205122595,49.71568528118526],[18.170722904528684,49.71567441646268],[18.170785248885974,49.71568588675138],[18.170808453419838,49.715704798936265],[18.170836220488766,49.71580149520664],[18.170853495331233,49.71594615291181],[18.170941631669585,49.716188952752596],[18.170899947840912,49.71633731356162],[18.170898897334823,49.71644645818801],[18.1708890694725,49.71649878929523],[18.170907567508063,49.71662402186842],[18.170927607222218,49.716667483752076],[18.17098135318443,49.71687313928673],[18.170985895082364,49.71692005621275],[18.170971558347237,49.71695624794445],[18.170922042232373,49.71698079204163],[18.170850502442065,49.716977646193904],[18.17068666637041,49.71693218394556],[18.170599581012723,49.71688321304914],[18.170549376427587,49.716842556580886],[18.170474824297262,49.71681008883614],[18.1703590294365,49.716772759928],[18.17023450860903,49.7167692325667],[18.170131132255,49.716820601324656],[18.170012624043054,49.71699367496237],[18.17001019014611,49.7171027413736],[18.170121285546365,49.71714603196756],[18.170311986305872,49.71724319510586],[18.17047793719791,49.717373252741666],[18.170546764657804,49.71739655183235],[18.170613799411925,49.71741352208874],[18.170689472049208,49.71741699217347],[18.170782180611425,49.71740454927222],[18.17087546784614,49.717387806985755],[18.170938292858917,49.71735435912689],[18.170991862231578,49.717320387484676],[18.17112229011822,49.71720971938549],[18.17117215598848,49.71718257770361],[18.17122190478303,49.717186295301836],[18.171263594630897,49.71719921374161],[18.171275163987286,49.71723425411645],[18.17129857709328,49.71733332102767],[18.17130100109051,49.71742596569098],[18.171276562987227,49.717496874090465],[18.17121248068711,49.71755931187604],[18.171136861500134,49.71760611510478],[18.170950369020215,49.71767931524757],[18.17087240330317,49.71767219579632],[18.170845022602897,49.71776495893279],[18.1707955158732,49.717890765463395],[18.170610738881205,49.71800187751117],[18.170663881009162,49.718080695877866],[18.17083457913174,49.71816517375446],[18.170964005530337,49.71814262449719],[18.171296399305053,49.71812614491655],[18.171545618921485,49.718152610901285],[18.171717979760565,49.71825577319958],[18.171689562950682,49.71834486776752],[18.171645466930837,49.71840049452936],[18.171571206596848,49.71861921314713],[18.17152812417855,49.71877796404111],[18.1714091455065,49.71905588415747],[18.170671631868007,49.71938806268814],[18.170605544326044,49.719417806121285],[18.170542027781586,49.71944706325279],[18.170199961185705,49.71960459805153],[18.17000395989385,49.71970803472323],[18.169882217640055,49.719824428133705],[18.16968505896465,49.720224906120016],[18.16966188419383,49.720343267746514],[18.16963695320589,49.720407469453804],[18.16957592182289,49.720645708294995],[18.169546245382826,49.72082579482335],[18.16951842246961,49.72087115082958],[18.169454337772148,49.7211454978411],[18.169417538948316,49.721182042713004],[18.169363046722587,49.72123626820315],[18.169151579699356,49.72144622760962],[18.16893514730278,49.721534878661075],[18.168413014669966,49.72171759593159],[18.168360390684736,49.721735194483756],[18.168297520377553,49.72173894606442],[18.168213076076427,49.721737505332726],[18.168024468935027,49.72171978925048],[18.1679128983901,49.721705802066616],[18.16771570319952,49.721717743298484],[18.167693157298217,49.72173217071582],[18.167690678190255,49.7218156934655],[18.167706019562967,49.722000494387494],[18.167649960425397,49.72215625364753],[18.16760096600753,49.72225645693769],[18.167534996027538,49.72234523004187],[18.167495646723445,49.722416196347915],[18.167401518258977,49.72258586512879],[18.16736070683675,49.722660448941404],[18.167345391284236,49.722688372105054],[18.16730717276069,49.7227344027333],[18.167300253226866,49.7227547688345],[18.167271544866296,49.72288418868647],[18.16727174450221,49.72291371221351],[18.167197922178474,49.72300186014573],[18.167149290390086,49.7230631854669],[18.167209623045117,49.7230886224572],[18.16729305193988,49.723126558125934],[18.167655001729777,49.722737938738405],[18.167831789397106,49.723030523609104],[18.16812086943527,49.723907524211235],[18.168209308815698,49.72404781693863],[18.16856019633234,49.72460449230134],[18.16860200386467,49.724733390827765],[18.168777111493757,49.72527217373282],[18.168664032217713,49.72532308325647],[18.168568137851434,49.72536630120991],[18.168253486123024,49.72550805614032],[18.168240146505845,49.7255140699456],[18.1681842703067,49.72553924616304],[18.16808525570833,49.72544230744003],[18.1680616408456,49.72542021297994],[18.16740593337432,49.72480620948566],[18.167030217173018,49.72432438685484],[18.1670216377968,49.72427336034941],[18.166675064534996,49.72419841503507],[18.166655177138797,49.72419413028032],[18.16661391878156,49.724185206010844],[18.166538970209853,49.724169049436306],[18.166436428074608,49.72414690818606],[18.16636771436125,49.724132007017985],[18.16620984709617,49.72409788843867],[18.16612934065042,49.724022753399225],[18.16607852975293,49.723975201898746],[18.165850995339017,49.7237627720563],[18.165810939075683,49.72377386113889],[18.165630297250733,49.7237951300905],[18.16560794906385,49.72379774542284],[18.16520521853545,49.72384515547726],[18.165163634000223,49.723850020693725],[18.165012128443568,49.72386788460763],[18.16468345002637,49.72390089470831],[18.16432922618898,49.72392821527232],[18.164279252736442,49.72393747865591],[18.16404994415102,49.723979995851664],[18.164031806338233,49.72398339087577],[18.1639505617275,49.723998464092844],[18.16367349248024,49.72408340131152],[18.16361543450184,49.72410926409273],[18.16345576569236,49.72418045376804],[18.163238357391677,49.724341241705005],[18.162926128497865,49.72452174795156],[18.162747679270108,49.724610374546614],[18.162641975953168,49.724618917000704],[18.16254134301313,49.724627024590326],[18.16224170857509,49.72456122320398],[18.162125905978005,49.72444536735041],[18.162141305555917,49.72435075324881],[18.162014369099204,49.72423074661219],[18.161777084251206,49.72412380159401],[18.161427567551122,49.72408829409806],[18.161310338496186,49.72406874560828],[18.16112495879022,49.72389073349834],[18.16105368999725,49.7239164782588],[18.1610450555372,49.723919599070115],[18.160513664584467,49.72411168730211],[18.159780185355945,49.724364251084765],[18.159616215775046,49.72418338842922],[18.159543440386578,49.724214101075894],[18.159413110343515,49.72426898825633],[18.159295020408624,49.72431879292864],[18.159175614311607,49.724369064407846],[18.158949618659477,49.724464376863544],[18.15883019754484,49.72450959304905],[18.15854557852466,49.72461737597376],[18.158521449087058,49.724639383531226],[18.15847572691434,49.724681105617556],[18.158423180851784,49.72464130400821],[18.158334736950042,49.724656055641205],[18.15812678745581,49.724690837541246],[18.157906605407916,49.724727542932314],[18.157717033922847,49.72475921439644],[18.15754156307662,49.72478852615742],[18.15754722348396,49.724802294682355],[18.15772736007098,49.72524409423835],[18.157710496994394,49.72551461744427],[18.15762409340391,49.72568038631878],[18.157589154189655,49.725688604047605],[18.15761467024084,49.72536839105898],[18.157594929176426,49.72518757932637],[18.157560271987776,49.72503065108327],[18.157452640580107,49.72480785289627],[18.157362162431514,49.72473241654602],[18.157154012131233,49.72466754665419],[18.156823155463325,49.724668101422054],[18.156454786979367,49.72467943432064],[18.154838347839966,49.7247349671983],[18.153757688479484,49.72471157604735],[18.15326712593901,49.72461533525255],[18.152863625836854,49.724493977550175],[18.152817610204085,49.7244800852347],[18.15244104335318,49.72435104819741],[18.15200453099318,49.72418241690761],[18.151753088692033,49.72401652396726],[18.151437078275226,49.72374732683202],[18.151244620287482,49.72353847989001],[18.151192030452115,49.723481524014794],[18.151172283670064,49.72346280400625],[18.150872501212273,49.72360030427779],[18.150103529305348,49.72392769150042],[18.149128121951616,49.72437025189313],[18.148539031845626,49.724640692758754],[18.14715986444034,49.725322231409095],[18.146441486325013,49.725695160209945],[18.14561701031341,49.72615357662719],[18.14497358884531,49.72647236065834],[18.144648472730097,49.726663101774875],[18.14438391115767,49.726887877962824],[18.144107597386597,49.72710584881187],[18.14375715895613,49.7273993925559],[18.143619811562818,49.72752760238171],[18.143526746789103,49.72761455472138],[18.143425948649856,49.727696915978065],[18.14333681993656,49.72776504824915],[18.14329529296355,49.72774987293212],[18.14323772098933,49.72779055571539],[18.143163591406374,49.72783733757357],[18.143006301291802,49.72792046014681],[18.14298740259626,49.72793048763881],[18.14307789237598,49.727951152494924],[18.143013683788077,49.72804091726588],[18.14293494273818,49.728323631452106],[18.14254808436685,49.728191360951655],[18.14253477216009,49.72821876379392],[18.142501933150566,49.7282083237836],[18.14250115531899,49.72821098720596],[18.14248581171654,49.728261650392824],[18.1424850338833,49.72826431381503],[18.142475396057282,49.728288225017394],[18.142448704821284,49.72835485015982],[18.14242781154197,49.728443465683135],[18.142353109959355,49.72848416760467],[18.142233612381677,49.728549310062625],[18.142180974151124,49.728592619364846],[18.142129457202746,49.72867705791619],[18.142060922000564,49.72872054692586],[18.1419763817294,49.72874751250566],[18.141734054923106,49.728756215713865],[18.141603990717556,49.72883564907174],[18.14163758567447,49.72892492402646],[18.141474625818574,49.72917243626607],[18.14145831583117,49.72916022766486],[18.141370800176148,49.72924830626944],[18.141657736273423,49.729346291721846],[18.141829401425444,49.72935460243819],[18.142043664906446,49.729444305628],[18.142082053907643,49.72951255283702],[18.141909112821274,49.72979578054664],[18.141611825015246,49.73018304482103],[18.141534145238634,49.73024677242424],[18.14122716014985,49.73038140553246],[18.14105545779642,49.73044231686122],[18.140859618499313,49.730543734118406],[18.140627861024406,49.73103318777543],[18.14069637312407,49.731232842424966],[18.140832163301912,49.73132422492527],[18.14095451257973,49.73138939178085],[18.14117165197104,49.73139405974867],[18.14146896770557,49.73130626032163],[18.14175540363879,49.73128345658056],[18.14175833725211,49.73137089880266],[18.141750187031185,49.731423956257714],[18.141779051396696,49.731450416203835],[18.14180954252592,49.73147823213007],[18.141960827760453,49.73161670358114],[18.142006217660985,49.73164040202322],[18.142120554427105,49.73169996777909],[18.142342683873036,49.731652299032056],[18.142507847158612,49.731579010416624],[18.1426682733581,49.7315077990621],[18.142913902340275,49.73151390185329],[18.14310062989161,49.73156945638875],[18.143285968385776,49.73143756493905],[18.14329460250598,49.731431376654825],[18.143360873647246,49.73136654856934],[18.143422994940465,49.73130563638349],[18.14337334820263,49.731204258981684],[18.1433547868148,49.731166471269866],[18.143344079182715,49.7311447436107],[18.142930559540996,49.73110753286507],[18.14288635784569,49.73113065374265],[18.142769123208147,49.73119240567945],[18.142707211543197,49.73122498977522],[18.142345759932006,49.731309328711596],[18.14226480476889,49.73132828531901],[18.142212830464246,49.73129870736622],[18.142198347782205,49.73129048367124],[18.142136263183385,49.73119255057369],[18.14217454814543,49.73114625954683],[18.142172315318145,49.73109378543616],[18.14214269656254,49.73103686716341],[18.142033833198152,49.73082770060541],[18.142094933382232,49.73075066584066],[18.142167499228385,49.73072166581337],[18.14224817464438,49.730727422992786],[18.142438347786722,49.73080483552023],[18.142478749024935,49.73083556094032],[18.1425861756065,49.730917387439725],[18.14275257482034,49.731001752004325],[18.142953121167714,49.73104365140213],[18.143346311189458,49.73107880466789],[18.143502821946335,49.73106639583236],[18.143696928223516,49.73105088771849],[18.14395611889467,49.73098961730421],[18.144133834350438,49.73098617396397],[18.14425075618514,49.7311502176454],[18.14421178508248,49.731252066506514],[18.143931252403277,49.731359959695],[18.14391097578009,49.731370901908576],[18.143855405906095,49.73140086844018],[18.14375847271344,49.73152668133915],[18.143671578933986,49.73166371440574],[18.143653873897286,49.73169168010301],[18.143568809540284,49.73186564054499],[18.14350215097391,49.73213414933236],[18.143517215465508,49.73227607159122],[18.143550919513775,49.73231823930534],[18.143586783906127,49.73236296657286],[18.143657491756493,49.73237140553392],[18.143871434812244,49.73236884687671],[18.14416413160992,49.73237391994105],[18.144686327980704,49.73242821869712],[18.14479439726774,49.73246414014914],[18.144850626719684,49.732560114279664],[18.144792148887987,49.732683689549305],[18.14473875876618,49.73275520670758],[18.14472070917061,49.73277954283049],[18.144653632444918,49.732856510127924],[18.144684113384574,49.73306158249343],[18.144738732434693,49.73311694133553],[18.14500398985765,49.733238505195125],[18.145199956190027,49.73329891266978],[18.145502643826113,49.733346517274946],[18.14571107991112,49.73333940037968],[18.145749588497832,49.733278048706794],[18.14575112070857,49.73297723085564],[18.145785729751797,49.73290970101829],[18.145804827248835,49.73279210223872],[18.145812179345327,49.73274594896822],[18.145950812524763,49.732656708552895],[18.146159426753503,49.73261837348115],[18.1464369879685,49.73260768952769],[18.146625480063282,49.73261830172022],[18.146934640062238,49.73272926709626],[18.147083746738048,49.732890170410585],[18.147190862871064,49.73305681233504],[18.147409411390342,49.733253065617426],[18.147428547962175,49.733346390806076],[18.147367388558976,49.733452756899986],[18.147296586096036,49.73352743815996],[18.147182293791566,49.73370858602061],[18.147183294825407,49.73392786793647],[18.147313937563226,49.73411209074613],[18.147431458935543,49.734202788174315],[18.147619950704463,49.73425157545547],[18.14779958841611,49.73427314486883],[18.1481963830203,49.734339531768136],[18.148373037118635,49.73433990194271],[18.14847524520503,49.73431619061117],[18.148670129293844,49.7342393456923],[18.14880741157689,49.73414154154982],[18.148904091409193,49.73408556653522],[18.148995619649117,49.73405123055105],[18.14942099471683,49.733891617431986],[18.149530811801547,49.73385073776396],[18.149630260955032,49.73379383635521],[18.149727293228484,49.733738332015605],[18.149990123635273,49.73362644209055],[18.150424434525,49.733557314930245],[18.150753269966273,49.73355259862345],[18.150903863326004,49.73354589073793],[18.15090104962839,49.733655388275665],[18.151083391225132,49.733682701798664],[18.151218237148807,49.73370289785671],[18.151414919249802,49.733732288026125],[18.15165794302698,49.73378353083297],[18.152010233829497,49.73385775894897],[18.15246629185574,49.73398642827501],[18.152949665501176,49.73417269194183],[18.153112108537854,49.73425149067843],[18.15319562155852,49.734291967575444],[18.15332774714765,49.73435604999359],[18.153344823897307,49.7343409536117],[18.153397082791145,49.73436539775181],[18.153377192171078,49.73438277136135],[18.15430514688699,49.73492519947008],[18.154324070070523,49.73490777085057],[18.154370211730534,49.73493421414428],[18.15435157702326,49.73495156887753],[18.154412233911824,49.7349870482641],[18.15451109886746,49.73504482059335],[18.154900375190106,49.73527221895963],[18.155399719987702,49.73553013453613],[18.15612469633238,49.73583829422439],[18.15781969104174,49.73646541847744],[18.158201452926736,49.736684706867855],[18.158681856225297,49.737061567929956],[18.158871984586852,49.73727694312513],[18.159078455878063,49.73763647357308],[18.159250067949703,49.73802733109144],[18.159333266727177,49.73846868330368],[18.15928761409084,49.73887935920114],[18.15927483702814,49.7400197777664],[18.159340558855376,49.74027792104485],[18.159620563973238,49.74079549450385],[18.160017855423494,49.74126646305714],[18.160539655171334,49.741678599307605],[18.16128069487954,49.74207815115269],[18.162348460537018,49.74251596589121],[18.164066108358842,49.743151843741735],[18.164652342236952,49.74344694055674],[18.165183007298563,49.743840240275645],[18.165638932076288,49.744356199365505],[18.165983763095873,49.744249816630614],[18.16647149018311,49.74484094542579],[18.16712369258113,49.745305100100325],[18.16761992845108,49.74557279463685],[18.168284159817674,49.745790696791865],[18.168846033158047,49.745890713341616],[18.16959396761279,49.74599186564134],[18.170637182990475,49.74628732554362],[18.171342734544268,49.746549151110564],[18.172237679792584,49.74708530089369],[18.172546673921907,49.74746539555192],[18.173021201134734,49.74810673468059],[18.173694716206562,49.74893990896011],[18.17416577920961,49.74935578223952],[18.174470131173447,49.74950673419364],[18.174784308603282,49.749650930308526],[18.174963636408894,49.7497745989864],[18.175157738561122,49.74989819976288],[18.175206734406462,49.74992948747293],[18.17542753948396,49.74996750591607],[18.17562345619812,49.74998967761194],[18.176514972920387,49.7500025081028],[18.176707465356184,49.75000562234945],[18.17723252134827,49.750130228366935],[18.177399586661753,49.75019498925322]]]},"properties":{"id":"obec-598739","code":598739,"name":"Stará Ves nad Ondřejnicí","count":973,"kind":"Celá obec","parts":["Košatka","Stará Ves"]}},{"type":"Feature","geometry":{"type":"MultiPolygon","coordinates":[[[[17.953599541178807,49.79493368109182],[17.95380686476816,49.79497502869257],[17.953981452399667,49.79494703215758],[17.954119648637818,49.79483187526874],[17.954197590286977,49.794793905424065],[17.954318387262564,49.7947255772727],[17.95458760531342,49.79417121823946],[17.954520573394685,49.79389351104891],[17.95459197921081,49.79389144907404],[17.954606781185813,49.793829212543194],[17.95460428337005,49.793693929274646],[17.954744610790975,49.793673591802424],[17.954903567567154,49.79274430709942],[17.955671952727517,49.791883621665406],[17.956038980634034,49.791627088104455],[17.956344588769035,49.79109452902538],[17.95669482469543,49.79040659682732],[17.956987691905738,49.78980017298272],[17.95707228907256,49.78966121447717],[17.957211337123514,49.78943859067482],[17.95719179960387,49.789367580318384],[17.957334842615587,49.78857123948298],[17.957478759647927,49.78823244855181],[17.95748500522825,49.78820961296242],[17.957492562793004,49.788190374520674],[17.957496059337032,49.7881812804677],[17.95759572389486,49.78792801351757],[17.95769137332583,49.78757033828871],[17.957805480336894,49.787417664407656],[17.958007387335925,49.7875137564211],[17.958229353987864,49.78732241837784],[17.958520281291843,49.787113437099386],[17.95843698269413,49.78700765425371],[17.958800644121585,49.78672383665721],[17.95922018171097,49.78638812086708],[17.959527894153155,49.7860103150188],[17.960022172368156,49.78559527382684],[17.960582191638746,49.785314958782074],[17.960656217162402,49.78527793089119],[17.96084187970965,49.78531737333078],[17.96099577985792,49.78526541377152],[17.9615969252076,49.78521461620569],[17.961812022059565,49.78513264257465],[17.961845625397835,49.78522685944021],[17.961856074728907,49.78525698751334],[17.9624310997736,49.78510626674393],[17.962722212053695,49.785049124418094],[17.963513107019036,49.7851246553355],[17.963805690716317,49.78507797738042],[17.96397175387618,49.785005689814184],[17.96399291489871,49.78497081456535],[17.96404265328775,49.7848727899764],[17.964086072216936,49.784787125335384],[17.964231303570777,49.78451367198367],[17.96426401952327,49.78439768418484],[17.964352983459037,49.78439357122113],[17.964480638020927,49.78446817303925],[17.964909074349393,49.78485431761333],[17.965042627829778,49.78497475922432],[17.96509239968855,49.78495671670887],[17.96512378852362,49.784945546798205],[17.965211890075274,49.785061985412085],[17.96522390565302,49.78507785118842],[17.965249022507894,49.78510377836466],[17.965324179619518,49.78513280205158],[17.965409813137896,49.78514663867862],[17.965489061267913,49.785143222420004],[17.965593250479845,49.78510280384919],[17.965738282409017,49.78503335064998],[17.9658244877652,49.78497987791415],[17.965843179033982,49.78496878039588],[17.96584326717714,49.78493303809979],[17.965845313451034,49.784877189129794],[17.965836610173618,49.78474019180084],[17.965446890935276,49.78477958948834],[17.965062996045894,49.78461359683657],[17.96496804027639,49.784113195338726],[17.964717461144293,49.78357393440807],[17.96466230373343,49.78310419680917],[17.96459361597241,49.78295043319696],[17.964473782177656,49.78222488763715],[17.964445704669817,49.78161653601046],[17.964375903880196,49.78124515260035],[17.96435880886557,49.78115451651077],[17.9645925587363,49.78058516665009],[17.964559113258314,49.78026916237943],[17.9646668568794,49.780014557239426],[17.964912607508335,49.77963962933668],[17.96526034060681,49.77941155862181],[17.965389842041862,49.77932233480643],[17.965855152216225,49.779057694233146],[17.966303012221864,49.77883031033872],[17.966333912793655,49.77881459830499],[17.96634184053977,49.77881172022336],[17.96645728989308,49.778770423169334],[17.966788999654124,49.7786515460913],[17.966895050640588,49.778613672967],[17.96706626580207,49.778250286538004],[17.96709120450572,49.77819721568692],[17.967122860378943,49.778129912245916],[17.967296125963255,49.77830556527705],[17.9675519927011,49.77843854774124],[17.967831340268965,49.77857912624986],[17.96842423364672,49.778905151965844],[17.968641563220103,49.779130942291076],[17.968804155686723,49.779213894155674],[17.969247499775896,49.77942838470141],[17.969467019235445,49.779541100683204],[17.969579738944216,49.77959271111875],[17.969705344550658,49.77966195261478],[17.969767170792593,49.779707619766924],[17.970095890737145,49.779836082471526],[17.97017636802977,49.7798367973569],[17.970464697714874,49.779845554427766],[17.970860809637763,49.77985616386923],[17.971147414922154,49.77986328422744],[17.971056477394423,49.7796698644306],[17.971104638108333,49.77937224723336],[17.971154074248822,49.77915378160745],[17.971585389518566,49.778717070386186],[17.971905788407895,49.77857513383744],[17.972022569012022,49.778273206919515],[17.972039010712688,49.77823209799334],[17.972186977680515,49.77812020145803],[17.972256647633408,49.778067206607496],[17.97235567062832,49.77801564987439],[17.972743647310477,49.77835183823417],[17.973178864598516,49.77826442637308],[17.973298853749498,49.77830986661848],[17.97324122730173,49.77839560922558],[17.973380707431925,49.7784050827269],[17.973754905503142,49.778154698737616],[17.973906117262793,49.778094714238506],[17.97394713413845,49.777942829181804],[17.97406593097453,49.77787734690858],[17.974363779203316,49.77791887569934],[17.974555845696926,49.77780557138658],[17.97477322029822,49.77754506412532],[17.975532449088586,49.77732159724058],[17.975820365733593,49.777449745773104],[17.976074563477855,49.777409021396956],[17.976131352031,49.777477952488034],[17.97652274747215,49.777715299443685],[17.977863976456604,49.77794688123308],[17.979025467890338,49.77820202471753],[17.979173372867454,49.77816783925186],[17.979394926493335,49.77811925115572],[17.979632808815072,49.77813082944218],[17.97964721685997,49.77813247981636],[17.97982260567455,49.77822879751371],[17.97996736645952,49.778365038457146],[17.980372617752867,49.778441322749416],[17.980392390204692,49.77844852062724],[17.980481652280236,49.77846427286822],[17.980710813047345,49.77885943997984],[17.980692633733955,49.77890207350242],[17.980806258429933,49.77902864912759],[17.980946331659027,49.77918465584351],[17.9811343510168,49.77914368303493],[17.981085165430805,49.779064093841036],[17.981115478994397,49.77898723139812],[17.981210347535818,49.77898769231553],[17.98133321314233,49.77907779401817],[17.981436597799686,49.77925712295257],[17.981631457764788,49.77920300661531],[17.98176802913768,49.77920733594949],[17.981912952336973,49.779345479039826],[17.982154185369094,49.77945157842517],[17.982220848689693,49.77964140937949],[17.982254314881477,49.77967251199753],[17.98233163459252,49.77974425773721],[17.982509777228383,49.779798665124204],[17.982822339226903,49.779861878858426],[17.983028896228397,49.77991143766595],[17.983326495004928,49.77987845558316],[17.983451261686266,49.77998103208427],[17.98377592258856,49.78006056296957],[17.98395457259888,49.78003790736192],[17.98441159233689,49.78019644165289],[17.98454683725594,49.78008965913504],[17.984648113579286,49.78017868269733],[17.984892595608574,49.78024732229624],[17.984972992236596,49.78025867406582],[17.985161175976028,49.780273851838274],[17.98538744522132,49.78044072823631],[17.985421342922972,49.78046571654792],[17.985584351198696,49.78065653902895],[17.985608054515872,49.78077219714501],[17.985695767290114,49.78085952879523],[17.985782757746808,49.78090177404938],[17.985990196450494,49.780962120435255],[17.986009515223813,49.78097461677063],[17.986299954052075,49.78116336329072],[17.986388082817353,49.78127788947066],[17.98626509018398,49.78133348107603],[17.986343396299834,49.781486703676286],[17.9864105137295,49.78159793291539],[17.986428884945727,49.78162833766311],[17.986562739406125,49.78175192915842],[17.98667745409416,49.78185770879109],[17.986828965857807,49.781867954748],[17.986909698659648,49.78195135923033],[17.98687247528196,49.7820952522247],[17.986863006410527,49.78227226139437],[17.986923069827984,49.78235392349602],[17.98706915805831,49.782552245432846],[17.98703133914357,49.78291979045333],[17.987010935500834,49.78311837054104],[17.98700895946281,49.78313766359118],[17.98691034937621,49.78322653736884],[17.986879730503972,49.78338715268631],[17.986873855461223,49.78383806612599],[17.986960393978755,49.784014423517156],[17.986952901363562,49.78413792758506],[17.987027879972242,49.784166294432886],[17.98706290503074,49.78418719513761],[17.987161358965622,49.78434095501353],[17.98718731934918,49.784484636502334],[17.987216922105006,49.78459901159659],[17.987147064943155,49.78470372799612],[17.98718556006358,49.78488875854658],[17.987205316778947,49.78493332545366],[17.98735821985888,49.78498391087174],[17.987452391206435,49.78496130697221],[17.987554245735506,49.78497381249899],[17.987633509077245,49.78504774268181],[17.987721108683424,49.785101756203666],[17.987936464196626,49.78514937837974],[17.987984838866662,49.78517556749146],[17.988008253423104,49.785205813366275],[17.988078250501363,49.78529229399509],[17.988205636301913,49.78536405368813],[17.988151346556513,49.78551742685694],[17.98820030461513,49.78570848050809],[17.988439989397804,49.78596495203417],[17.988442421936266,49.78607621410665],[17.988509979623043,49.78625580024879],[17.988524963031537,49.78630162417686],[17.98853339467071,49.78632630582792],[17.988631225140278,49.78644437145439],[17.988859760667477,49.78659819066489],[17.989001356012896,49.78674957882531],[17.989206400643788,49.78678513529022],[17.98925411633977,49.78679395388508],[17.98952708559773,49.78686757527434],[17.989708629999775,49.78701442149125],[17.989967613018617,49.78711051896675],[17.99029870488085,49.78716314034729],[17.990376312520066,49.78717558946176],[17.99039047764631,49.787272637996786],[17.990616571537696,49.78732132922234],[17.990756902337182,49.78725437230566],[17.99099768560505,49.7873973433018],[17.99114975239411,49.7873926302302],[17.99132146036753,49.787356831251756],[17.991284035111526,49.787489158719325],[17.991406244219373,49.78760944892765],[17.991587551986044,49.78762918015589],[17.99165902714274,49.787629537524],[17.99193501065056,49.787801268819365],[17.991975047308735,49.78788871552524],[17.992266411675505,49.78795139185741],[17.992495088898984,49.788000590147476],[17.992789435504452,49.78806388951195],[17.992905290919662,49.788121343536616],[17.99306718218439,49.78820177922704],[17.99343623603425,49.78831562933201],[17.993596100525526,49.78834927799588],[17.99360915744339,49.788410063890424],[17.993656811560598,49.78841833536294],[17.993679550698293,49.788422272563565],[17.993718489025316,49.78842904533238],[17.99382412201006,49.788421363526915],[17.994066448487033,49.78855529973794],[17.994169156374195,49.7885687511398],[17.994372243058486,49.788689036153364],[17.994667056249558,49.78882556475598],[17.995334244976654,49.789259552956736],[17.995699137477203,49.78949826485945],[17.996043575229017,49.78969237017929],[17.996183521195185,49.78977125720604],[17.99624625618375,49.78981262779867],[17.99635868355467,49.789886849375385],[17.996483875574384,49.78996858122726],[17.99666813534417,49.79008695716393],[17.996707258394014,49.79010953638427],[17.99682435259857,49.79019034681519],[17.996960344553347,49.79014768373481],[17.997187050374965,49.78992604504752],[17.997735762664277,49.789686791388725],[17.998214275362997,49.789478218015546],[17.99818022150749,49.7893897671459],[17.99821649361621,49.78916385460135],[17.998217879173556,49.78901878475725],[17.998220754996403,49.788889146798574],[17.99821218347904,49.788762636297044],[17.998235364417607,49.78866965086181],[17.99825379334361,49.78855255924739],[17.99832766114458,49.788505389944504],[17.998440177205005,49.78825140196547],[17.998535174656194,49.78809885178753],[17.998582288066093,49.78791852100978],[17.998607806870584,49.78782576135854],[17.998623030164236,49.78777013657142],[17.99866979369538,49.78763970343133],[17.99878802750767,49.787580212231425],[17.998894929690888,49.7875068848564],[17.998954751320998,49.78747758623598],[17.999058420236118,49.78743367901066],[17.999327504462496,49.78726332904633],[17.999422543138213,49.78716891300825],[17.99955972688279,49.787021786886115],[17.999572465596902,49.78698109265754],[17.999656634858066,49.78691989661223],[17.999668013196764,49.786890045871765],[17.999711678076896,49.78686667057053],[17.999808643196,49.786762346294076],[17.9998549931708,49.78671249772094],[17.99982882659216,49.78665068210163],[17.999898175902928,49.78651921109923],[17.999972340579617,49.78647792559492],[18.000094652067872,49.78645847763968],[18.000169652890236,49.78643231515568],[18.000219790717956,49.78640245462078],[18.000281573470037,49.786212773682635],[18.000319648941293,49.78617436059512],[18.000403325409803,49.78614292380688],[18.000452361029808,49.78613312892925],[18.000703294113464,49.78608286303715],[18.00076140158628,49.78605283241201],[18.000788719482852,49.786016593908236],[18.000833951005525,49.78596776341108],[18.000893457485617,49.78592761361643],[18.001091924328684,49.78587060477269],[18.001120936312773,49.785874543098906],[18.002023639270448,49.785919100505794],[18.002607544296726,49.78588866948787],[18.002679159097617,49.78588496635898],[18.00289597785085,49.78588579611806],[18.003432442862028,49.785887906394116],[18.004136267837076,49.78589059381188],[18.004642358633202,49.785892563537985],[18.00561427177102,49.785896330293625],[18.006300797098152,49.78589303795386],[18.006740247235822,49.78589095830647],[18.007047916004446,49.78587700274978],[18.00768915006655,49.7858039210123],[18.007702045525356,49.78580241108684],[18.007732637939284,49.78579894713865],[18.00776889881642,49.78579481849158],[18.007730017331,49.78561808165776],[18.007670211088428,49.78553933608331],[18.007642845027497,49.78532869388594],[18.007714141681756,49.78519002073812],[18.00767585948981,49.78508363620886],[18.00753315818813,49.784916683773815],[18.007480694016706,49.78464753946219],[18.007447874867683,49.784420874867266],[18.00734035326826,49.78418194059133],[18.00819092413517,49.78351159046781],[18.00847215839765,49.78332856655866],[18.008657198911195,49.7832081235703],[18.00852689745822,49.78320274516012],[18.008241049332955,49.783191067659395],[18.008372929822926,49.78300029818118],[18.008455488657077,49.78284666078679],[18.008223007907485,49.78273525958795],[18.008843755228945,49.782048077487254],[18.008776125708,49.781955339226535],[18.00867301049069,49.78181369777392],[18.008846236083816,49.78165258253961],[18.008797006885302,49.78160225178705],[18.008510280221586,49.78184733215906],[18.008350737626134,49.781972952123496],[18.008144738993774,49.78213514775792],[18.00808176080034,49.78217528015147],[18.006948197584197,49.78289720963035],[18.006877876065076,49.782774526203674],[18.00693294975113,49.782757315652],[18.0068094641171,49.782533071908105],[18.00655791403927,49.78232966387746],[18.00664379275855,49.78229835078092],[18.00657649237142,49.78215986479716],[18.006482406090278,49.782022535251436],[18.006460593544542,49.781880726282125],[18.006480066310683,49.781796281190864],[18.00639610936781,49.78162902800411],[18.006129183809335,49.7813825733256],[18.005862317187013,49.78122954758675],[18.005672798625422,49.78109282694417],[18.005658759677107,49.781008787482925],[18.005653752221182,49.780978438484205],[18.005703943338435,49.78091987425513],[18.005640707669354,49.78084381682508],[18.00564882746502,49.78065589995037],[18.005342540985502,49.78044417208464],[18.005064563154665,49.78034538268833],[18.00506660473878,49.78029630540302],[18.005020652521267,49.78026466733446],[18.00526298120899,49.78010187369585],[18.00545244947975,49.77998467119837],[18.005562341536773,49.77991674781884],[18.005838876534924,49.77962035376425],[18.005409550825767,49.77936593253325],[18.005351185773524,49.7793313187276],[18.00503636907659,49.779163235797604],[18.00500261591662,49.77914521263746],[18.004950035596973,49.7791171621894],[18.004718061537375,49.77900731622093],[18.004343482469686,49.778829901042656],[18.0043271119588,49.7788222726811],[18.004708031868653,49.77851495940786],[18.0051272250442,49.77815155006656],[18.005841399579086,49.777463026501316],[18.006522477220415,49.776771769944226],[18.007085471951402,49.77625510727151],[18.007158406713657,49.77625788767794],[18.00708336326497,49.77671643011781],[18.006985113651734,49.77694435011683],[18.006677387394877,49.77741423764781],[18.006697584494002,49.77764946997648],[18.006979450615205,49.777963226697594],[18.00704204853813,49.77793489804404],[18.0071413458019,49.77789316914348],[18.00737797869198,49.777698809832344],[18.00768456608524,49.77759037385163],[18.007940350754502,49.77760148705117],[18.00806883271965,49.77763709131968],[18.0083737033088,49.77779240416523],[18.00878296777426,49.77807399668325],[18.00945111367648,49.77847456456057],[18.00985550102881,49.778674449653366],[18.011098585246874,49.77923520744259],[18.011434086008634,49.77935355980561],[18.012161031080783,49.77954755360953],[18.01235789072158,49.77965237264702],[18.012673404891878,49.77980043543551],[18.013378406200328,49.77993835946298],[18.01372471965721,49.77998448551672],[18.014438885249678,49.78018332108352],[18.014870729599206,49.78034912013868],[18.015722099274456,49.78074481124348],[18.01607304014922,49.780886789082],[18.016470157142567,49.78098810888286],[18.01716629040118,49.781004539417815],[18.01725812899504,49.7810390966606],[18.017286550817253,49.781064480199795],[18.0173631299586,49.781027747634035],[18.017714876913992,49.78094256806963],[18.017940768853922,49.78086933656995],[18.01915420161879,49.78033083684258],[18.019468627138536,49.780163429213545],[18.01977178735871,49.780036259866655],[18.020003402141047,49.77986180700691],[18.0203968543973,49.779685335561425],[18.02107567487864,49.77935394368055],[18.02130713878703,49.779296824885385],[18.021599858942235,49.77919576648692],[18.021826060796418,49.77908174628742],[18.0220262848115,49.77900955171514],[18.02286445923,49.77855439939764],[18.023262561158027,49.77835616348129],[18.02419487987744,49.77784479176937],[18.026114545221287,49.776848135001856],[18.027515044552985,49.77610869330845],[18.028316337951214,49.77576068820011],[18.028771698239204,49.775585600498516],[18.02878876256159,49.77557909380434],[18.028839560971026,49.77556243939577],[18.02899501684696,49.77548214331902],[18.029494655790614,49.77524254302395],[18.029675231062125,49.77515593362431],[18.030204871024374,49.774941350922575],[18.030882358484416,49.774667240793434],[18.03101176645581,49.77461513584831],[18.031047594384162,49.77459888017616],[18.03110152071477,49.77458682838988],[18.03112135171123,49.774617940821024],[18.031242738786826,49.77462512771773],[18.031273925877958,49.774695257945794],[18.031591701003524,49.77504477890143],[18.031780576150513,49.77520876801296],[18.031902892740153,49.775242635748555],[18.031967215167466,49.7753910416],[18.03209468745958,49.77539352387671],[18.032184247559513,49.77544969170748],[18.032256192193444,49.775526506311884],[18.032329563664508,49.77561928970452],[18.032412496379376,49.775646641625364],[18.032466805476787,49.77571386325342],[18.032438044780097,49.77577701328222],[18.03250596357716,49.77586587128589],[18.03261543128623,49.77589791350855],[18.032658498666574,49.77595870939215],[18.03263766691495,49.776011846347544],[18.0326723648273,49.77611422237111],[18.0325957433282,49.77620611284015],[18.032711503463407,49.77629069072285],[18.032907036491682,49.77636380454247],[18.032947349970065,49.7764375296579],[18.032861416523414,49.77651200357464],[18.032869702035544,49.77658550537118],[18.032816369807996,49.7766357740876],[18.03284728104494,49.776695778123646],[18.032803652341208,49.77677783815332],[18.03279608390567,49.7768500640794],[18.03282740622628,49.77694051084687],[18.03281376021979,49.777055893397545],[18.03274714914928,49.77714998637837],[18.032740602467232,49.77731000800377],[18.03289139942807,49.77739525323825],[18.032507456873855,49.77773812696517],[18.032574281850533,49.77786230511122],[18.032745065626557,49.77798363594203],[18.032765636027186,49.77807219854567],[18.032674208944034,49.77817036572889],[18.03268785007583,49.77836702597109],[18.033062330624126,49.77846878797758],[18.0330261352795,49.778634590722845],[18.03313947208219,49.77876316700372],[18.03305971544151,49.778818049249715],[18.033119429976256,49.77893820603886],[18.033285124066136,49.77899019008924],[18.033266898745556,49.77904058905678],[18.03299885605362,49.77916512335049],[18.032980666870213,49.77930136548073],[18.0330184182101,49.779370429298005],[18.032874710278822,49.77942812063991],[18.0328881393441,49.77950679334876],[18.03295085355769,49.77954335821751],[18.033062849785388,49.77950947208792],[18.033147677401246,49.779514998198984],[18.03321825991161,49.779569347571424],[18.033337808802244,49.77960720549501],[18.03338709628571,49.77971096423111],[18.03359285370485,49.77980307965274],[18.033553713067214,49.77999434746269],[18.03387897635663,49.78018443303522],[18.03404931670487,49.7801743113684],[18.034151209231055,49.78016827442991],[18.03439249299643,49.78031831094056],[18.03452163426766,49.78027024806097],[18.034577733336427,49.7804126708528],[18.034618832819433,49.78057192008778],[18.03467214507675,49.78072447210287],[18.03466191736554,49.78114333799803],[18.034781679799686,49.781277969204574],[18.03484743493605,49.78142925291737],[18.034815284914714,49.7816062110221],[18.03495354754804,49.78166717063693],[18.035023872570655,49.78178017513528],[18.035002899479114,49.78193060851367],[18.03496046245048,49.782012106115666],[18.035136477090724,49.782086435555264],[18.035252107986782,49.78222579222433],[18.03513965214114,49.78230352233217],[18.03517647295867,49.78241080317876],[18.035223621067534,49.782484559954256],[18.03555301649776,49.78254038481213],[18.035813149778733,49.78260214340589],[18.03596065374523,49.782657767372974],[18.03596210099647,49.78269386600298],[18.035901956344095,49.7827946520068],[18.03613221910595,49.782988457780746],[18.036367898697822,49.783017212560324],[18.036525153787274,49.78304857551961],[18.036696389561907,49.783182020030125],[18.036871104573148,49.783194892327394],[18.036981631589935,49.783309581355965],[18.037418919158334,49.78341720435379],[18.03744836540921,49.78344941108806],[18.037335117244332,49.78355318366226],[18.03734112119731,49.78358656622427],[18.037512908673925,49.78363898456484],[18.037603728199674,49.78372365235469],[18.037746419294802,49.783734225631385],[18.03777429388192,49.78366533696517],[18.037815952184033,49.78365537253285],[18.03794339905621,49.78368961836032],[18.038059407857077,49.78378575712272],[18.038039941944593,49.78384520161891],[18.037885672926894,49.78392693248027],[18.03804147313633,49.784159496448396],[18.037976750212426,49.78431995420697],[18.03805728768511,49.78441756824434],[18.03804237568436,49.784508777149576],[18.037899843764414,49.784558870488844],[18.037777473685658,49.78459920414348],[18.03775943402927,49.784709097762544],[18.037914561697622,49.78482491251181],[18.03803951065067,49.78485504244591],[18.03816492680442,49.78488583101252],[18.038305472349936,49.784927240001515],[18.038392293987418,49.78495381772245],[18.03867599732359,49.78496999073333],[18.03870068246541,49.7850986847277],[18.038705151005846,49.78517467311461],[18.038786240699018,49.78530580591239],[18.03886676525831,49.78543699630986],[18.038887249233344,49.785551637780344],[18.03907606402219,49.78549852422193],[18.03911162345196,49.7855136619359],[18.039144276772767,49.78559759316321],[18.03916098297551,49.78567076655225],[18.03915908318921,49.78571804519018],[18.039109377833704,49.78579768081344],[18.03917444544242,49.78585676238908],[18.03937452801599,49.78590421897614],[18.039422003763182,49.78601824958924],[18.039185760147948,49.78617802906007],[18.039520116017048,49.78630850358335],[18.039743012546815,49.786314760347786],[18.039868419269446,49.78650486045318],[18.039849001772282,49.78672317079046],[18.039991455396905,49.78682173349141],[18.04009383073166,49.786886304085485],[18.040299173705645,49.786903643299176],[18.040361168121176,49.78704594987051],[18.040564543121825,49.78721553895258],[18.040636329931882,49.78738702288862],[18.04048361738035,49.78754764665309],[18.04055924252581,49.78759993397792],[18.04059776370838,49.787616866504045],[18.040698046017766,49.78763988513965],[18.04080347704827,49.78775526846837],[18.04099129490705,49.787823046245705],[18.041017167561694,49.78787824336628],[18.041230315826564,49.78795749936691],[18.04142649523632,49.78796952440886],[18.041498516288602,49.78802268652485],[18.04152657321512,49.78811068445185],[18.041982339534567,49.78820797856626],[18.04202739756281,49.788283867636665],[18.041991923871997,49.7883370648046],[18.04201162138336,49.788357064463945],[18.042170228071228,49.788366562571426],[18.042472744051015,49.78846612839589],[18.0424760097303,49.788503233935664],[18.042568845649456,49.78855813587543],[18.04272355299633,49.78856253438999],[18.04277168009276,49.788663783127],[18.042756267699417,49.788736369099944],[18.042909803868323,49.788820311470104],[18.043013768835717,49.78882061333176],[18.043067193869653,49.78881331039373],[18.043097109694486,49.78878127532257],[18.0430806284459,49.78874801201806],[18.043066974246635,49.78872258386419],[18.043097801164627,49.788679860028054],[18.043125091265384,49.788678092198396],[18.04316510967935,49.78870747597901],[18.04341034113042,49.78875824729456],[18.04358784443764,49.7887966326178],[18.043657173533504,49.78881867809638],[18.043804928620045,49.788881796644354],[18.04393804791679,49.7888982187512],[18.04422268291377,49.788910819997305],[18.04459491886107,49.789084438576225],[18.04487143681076,49.78909828572975],[18.044991989344066,49.789020471157656],[18.045061369483605,49.788992423089724],[18.04517467356027,49.78902927544446],[18.045227615287423,49.78907014377688],[18.04541272383373,49.789053181994035],[18.04548970246768,49.789068265259644],[18.04553379345519,49.78925882025646],[18.045918777989314,49.789384336335345],[18.04600972843826,49.78954942707082],[18.04614773764728,49.789568835905214],[18.04626900496942,49.78966851668948],[18.04633273776088,49.789767863714324],[18.046392842125712,49.789835771092],[18.046412750500572,49.789866432929344],[18.04644772241872,49.789934608386616],[18.046483419745158,49.7900056237127],[18.046498738824194,49.79003620185139],[18.046909266264393,49.79004178206499],[18.047228134381605,49.79004677840452],[18.04719799052254,49.789892680895015],[18.047142012620448,49.78967797460807],[18.047130434307164,49.78964553586924],[18.047054888291452,49.78943322329243],[18.046964172773166,49.789230868826834],[18.04693319675441,49.78916202092162],[18.04692627189053,49.78914645825008],[18.04691548655984,49.78912245949321],[18.047297225348657,49.78895082179919],[18.047817863673338,49.78866821257201],[18.04786858355345,49.78862780614967],[18.048032462299446,49.7887197380984],[18.048179459993346,49.788804650629665],[18.04862123370365,49.789075047158704],[18.048951536629517,49.78930743516199],[18.04883868073616,49.78935157739282],[18.04874563917972,49.789387472599586],[18.04864463907051,49.789427513079055],[18.048539292253604,49.78946874751248],[18.048407048203533,49.789525132320485],[18.048323667348498,49.78956275663104],[18.048192695392647,49.78962002679594],[18.048279117563133,49.78972880197606],[18.048303493441857,49.7897645044287],[18.048320332171784,49.78979011506056],[18.048338631090466,49.789812199248765],[18.048350056812804,49.789823417477315],[18.04836760574633,49.78984284089929],[18.04838757999753,49.789865924115745],[18.048403001794657,49.78988459327523],[18.048424509982635,49.7899076745023],[18.048472896575603,49.78995838831442],[18.048581255879817,49.7900536227384],[18.048716543452525,49.79017206958695],[18.048826867945316,49.79027635273855],[18.048907596619504,49.79036060944466],[18.049184637119506,49.79057278122034],[18.049239557680337,49.79067441722412],[18.049299000244073,49.79076241307777],[18.04945031695983,49.79094388129387],[18.049792037324966,49.79095307362646],[18.050572120822697,49.791012939521984],[18.05077582716511,49.79101491073151],[18.05104383994306,49.791038994390725],[18.05106147261319,49.79104055033069],[18.051980093360587,49.79095348760274],[18.05276232820939,49.79085442190874],[18.053197593487223,49.79078847122793],[18.05344238726233,49.79073485299454],[18.05386860504395,49.7906199995795],[18.054055049961683,49.79050895832535],[18.05474455759587,49.790397688105486],[18.055487622392338,49.79018867137522],[18.05566968802998,49.79012476317362],[18.05612696636564,49.789964300738994],[18.056168487357795,49.78984555722737],[18.056304412663945,49.78975209795473],[18.05649200490994,49.78968345170108],[18.056503427787007,49.78950358621756],[18.05645810182599,49.789356292255064],[18.056799272600777,49.78919962366079],[18.0566824517805,49.78906230090957],[18.05689076704499,49.78889131598265],[18.056972257414294,49.78890096440897],[18.057179350172667,49.78867178069919],[18.05733310223131,49.78859875126327],[18.05795964490977,49.7881370625255],[18.058225240523775,49.78799157187333],[18.058439264642157,49.78790801457516],[18.058520309423134,49.78789344648322],[18.058831762346966,49.7877886800155],[18.059208305340242,49.78770028953382],[18.059536090685768,49.78771434043509],[18.05966884513024,49.78766934628157],[18.05973004698434,49.787524925399815],[18.060151604032562,49.78743153659607],[18.06017649602234,49.78723060218074],[18.060277049410846,49.78713980037637],[18.06048516723466,49.787146070856],[18.060905258466175,49.7869087198959],[18.0611802948837,49.78696685219797],[18.061443171521184,49.78693772539272],[18.061571657227734,49.7869706497635],[18.061859011051915,49.786851403857945],[18.06208964958766,49.78687033797302],[18.06283460155282,49.78662347847142],[18.063082265578206,49.7864947295403],[18.063180587942025,49.786493426114674],[18.063323040950927,49.78641116606682],[18.063472586699216,49.786377873285296],[18.063620575934237,49.78623789341776],[18.06379448137706,49.78601455687586],[18.06408108176418,49.78590988504968],[18.06445039605278,49.78585066939598],[18.064593045766372,49.78589722076913],[18.064827205912817,49.78594333973971],[18.065348005295736,49.78575011744594],[18.065852007776495,49.7854993356724],[18.06595737539718,49.78527350615195],[18.066309199937116,49.78499683719831],[18.066405286765445,49.78490595512919],[18.066414316465938,49.784739221426],[18.066506562308827,49.78454098003384],[18.066609451634445,49.78437800945292],[18.066698728336544,49.78430325391014],[18.066932439093055,49.78420294136164],[18.067093637055063,49.783961270940004],[18.067259191103933,49.78380893710319],[18.067414907897376,49.78375288751918],[18.067588089750004,49.78370876162193],[18.06770277285796,49.783536989944054],[18.067850157365985,49.783420619229986],[18.06795040758846,49.783429622209304],[18.068252835644806,49.78341484624867],[18.068454532870263,49.78345873445514],[18.068754132978867,49.78345850728025],[18.068867456085364,49.783423942028115],[18.068922226505933,49.78334765624677],[18.069028486522814,49.78331376867079],[18.069076593416757,49.783298386938505],[18.069134416216457,49.78324664640894],[18.069347959988512,49.78305527352942],[18.069327032828088,49.78295966087117],[18.069221886711514,49.782934492346286],[18.06908758435548,49.782936985124714],[18.06910309471117,49.782850142514135],[18.06907651161266,49.78274391558234],[18.069211912597808,49.7826712636776],[18.06921852347979,49.78249870502434],[18.06912018960308,49.78236164388599],[18.069232320169988,49.78228892031173],[18.06928893019148,49.78213908789525],[18.069136639432475,49.782055072216686],[18.069030251709222,49.78205528544873],[18.069073243249417,49.78189699951036],[18.06921810721714,49.781784725063915],[18.069593652227717,49.78169904569025],[18.069606415474457,49.78166791629916],[18.06956635407165,49.781618411630014],[18.069671843473408,49.78139150379473],[18.06958225152719,49.781284279011075],[18.069602523223598,49.78113615229641],[18.069549060601343,49.7810827195121],[18.06966598059726,49.78089654301008],[18.06971858610219,49.78087067835408],[18.06978912410086,49.78083600430598],[18.069813378263625,49.78084822718664],[18.069980136024636,49.780932440450364],[18.070107570174272,49.78088740153895],[18.070085135354574,49.780710107515716],[18.07002907115084,49.78065327631625],[18.069759201561297,49.78059527907011],[18.069737676797487,49.78059061409715],[18.06968593385536,49.7805327670149],[18.069683486724422,49.780501757695625],[18.069678074316023,49.78043537684592],[18.069705777115704,49.780280816747926],[18.069662190249645,49.78013281663059],[18.069673092282407,49.78008370896703],[18.06980740457777,49.78005052817251],[18.0698838712563,49.779961316274964],[18.069893047237123,49.77985759255547],[18.06989750653314,49.77980667103962],[18.06995485495454,49.77980012333886],[18.06996236882588,49.77979920058113],[18.07018257659877,49.77977392658676],[18.070246864564794,49.77971768267038],[18.070275613845464,49.77957888779192],[18.070267422464894,49.77952669886318],[18.07022900251823,49.77928286861005],[18.07022235530812,49.779240787119406],[18.070208829960908,49.778877166098596],[18.070160631614705,49.77878323799005],[18.070014184630008,49.77870343928729],[18.069972647902315,49.778619912166484],[18.06996480863183,49.778614046744],[18.069930162159817,49.778588139798835],[18.069970740325726,49.77850652642516],[18.07001735442558,49.77843988150616],[18.070056701550843,49.77838356053137],[18.070082975233664,49.77824859502523],[18.070084370493834,49.77824145428671],[18.0701011153045,49.77816695775872],[18.07011680793906,49.778097094374445],[18.070123304509316,49.778067952132346],[18.070051979819752,49.777999413852044],[18.07028536327203,49.77796641172488],[18.07082561404584,49.77789000013417],[18.070806062947455,49.777703845558065],[18.070762032832643,49.77728504049101],[18.07064597702266,49.777135951437025],[18.070491392451295,49.77674383784475],[18.070563656216724,49.77658037140897],[18.070570913901776,49.77656399948237],[18.070591474836313,49.77641372295421],[18.07055018340585,49.776207185581896],[18.070564975118707,49.7761530659643],[18.070633741273674,49.776124157015246],[18.070801583708356,49.77605363651274],[18.07088325228525,49.775987468279396],[18.070926342901874,49.775952663274786],[18.07093324866712,49.77594701208017],[18.070991571669065,49.77586912441717],[18.07106028066185,49.77581006514357],[18.071144929509767,49.77573738852188],[18.07116805439839,49.77566921512093],[18.071218720282122,49.775519943725364],[18.071148902563813,49.775414937079695],[18.071246277519226,49.77529100083497],[18.07128692724254,49.77518132044215],[18.07123886989039,49.774967174332],[18.07115244976778,49.77487655926272],[18.071191004319903,49.774782193140055],[18.07121654184231,49.77476362063503],[18.0713780269624,49.774645799656014],[18.071496134192486,49.77424090008784],[18.071416952295603,49.77411775551953],[18.071289904939864,49.774018491293056],[18.071318801029093,49.773912198231685],[18.071428669379056,49.77387418421645],[18.071491863821716,49.77385235660548],[18.071500953600072,49.77383888781894],[18.071563531679825,49.773746170716755],[18.07173903892065,49.773684754080634],[18.07178793370756,49.773667611792966],[18.071793940802447,49.77365324405223],[18.071826468669357,49.77357541065891],[18.071979550635607,49.773531210440105],[18.072055920646907,49.773383503731495],[18.071916546777373,49.77326737641564],[18.071947898933754,49.7732195321222],[18.072089664399467,49.77335077976246],[18.072309010129214,49.77335298332683],[18.072457889562155,49.77330077910674],[18.07238199288745,49.7731087748119],[18.072263549948755,49.77297615768865],[18.072077320912697,49.772891821806176],[18.072212616560794,49.77276672094988],[18.07232666323134,49.77276640385322],[18.07233696968992,49.7727664535517],[18.07237698772206,49.77276631226832],[18.07257194259298,49.77270023365446],[18.072621639367107,49.77267925591835],[18.072694715879244,49.77264833684978],[18.07261711874771,49.7726205984236],[18.072529051760267,49.77246255580006],[18.07245104837531,49.77226456366983],[18.072462670191893,49.77224582449236],[18.072521801264717,49.7721497502032],[18.072689435019317,49.77208165290353],[18.072773546657118,49.77204748569254],[18.072814127132474,49.77193419061678],[18.072732249830523,49.77177063623869],[18.072541662127104,49.77167540011202],[18.072337434225133,49.771448594371954],[18.07254553305935,49.7713903104139],[18.072707204342045,49.771325030269566],[18.072846689494234,49.77119574655338],[18.072930636154,49.77102112537814],[18.07259784043316,49.77074596656684],[18.072608692318692,49.77066661876255],[18.07281204530998,49.7706318006436],[18.072940288180675,49.77057859295194],[18.072949134705485,49.77029378868102],[18.073027448125348,49.77020314713992],[18.073202043318545,49.770147272887776],[18.073372531287085,49.77019378834053],[18.07360147431016,49.77035603009412],[18.073985897934907,49.77035759093308],[18.074035662452,49.770506305153724],[18.074173786504165,49.770569376053885],[18.074326164963257,49.77055979282131],[18.074339982543226,49.77056473725588],[18.074427519631904,49.77059620387592],[18.074544139657377,49.77063818383214],[18.074662182743875,49.77058005692728],[18.07455647440476,49.77043788270323],[18.074481329138088,49.770315783945875],[18.074463803412215,49.77021666639457],[18.074456632406243,49.7701763602829],[18.074452166921905,49.77015092168796],[18.07427407902089,49.77004990632677],[18.074256719806215,49.76996894048094],[18.07446028219651,49.76987140117128],[18.074593475895075,49.76989203756859],[18.07491372033364,49.77007657196894],[18.074897655317333,49.77014515067572],[18.074845706955095,49.77036610595712],[18.074923574286057,49.77035107544588],[18.0751053812103,49.770315830223176],[18.07519543042663,49.770298339043535],[18.075334764184888,49.770133391609505],[18.07525491967811,49.77004667653319],[18.075387762594058,49.77001891265631],[18.075358128063016,49.7699013197844],[18.07516688413889,49.769908765678295],[18.075050846861696,49.76978098264608],[18.07508683123407,49.76967067287584],[18.07498501943596,49.76959786138751],[18.074990007806328,49.769524676007975],[18.07504990319251,49.76948920896625],[18.07520448396186,49.76955421539405],[18.075372232168895,49.76959732149338],[18.07545148849592,49.7696883352749],[18.075711636016702,49.769714084235005],[18.07582663846966,49.76965370602079],[18.075661573435685,49.76956752007283],[18.075737899324174,49.769460787125254],[18.075393886677794,49.76937571199908],[18.075011320592992,49.769281113751674],[18.07489283876749,49.76925175392442],[18.073928686380803,49.76905456710308],[18.07275588476264,49.768766966092166],[18.072545947441483,49.76871547834269],[18.071691774992704,49.76850598792745],[18.071210937177668,49.76843407938505],[18.070879766084357,49.76840803509993],[18.070838269081623,49.76840475115795],[18.070472471321423,49.76840975388127],[18.0699907691589,49.76844501988318],[18.068778507460674,49.76865073241684],[18.066334534766213,49.768791666723686],[18.06555216164038,49.76878771531495],[18.063887284721545,49.76870806401092],[18.063592670837775,49.76871424625962],[18.06301707880335,49.76881223741672],[18.06194130646779,49.769210487841164],[18.06123923414566,49.76939444291122],[18.06054380398862,49.76951766888026],[18.059607240314623,49.769636056721374],[18.059606613782076,49.769651816463984],[18.059185239558996,49.769674801447394],[18.058402715959655,49.76974399664982],[18.058197177738087,49.7697621466741],[18.057855271853573,49.769824536816394],[18.057491694445503,49.769947418919635],[18.05717940374649,49.76996962861291],[18.056785241650793,49.76994046418573],[18.056736475923355,49.769928182420685],[18.05626817872251,49.76981053874313],[18.056078770167105,49.769714077559364],[18.055883118211394,49.76961436856414],[18.055660447482754,49.76950335692028],[18.055535095572804,49.76944081666402],[18.05548800222099,49.76940516241644],[18.055317557125502,49.76927612281081],[18.055283982002862,49.769250633249555],[18.055143806115783,49.76909192319697],[18.054961600102597,49.768904348501835],[18.05484681704191,49.76878609178883],[18.054836918910453,49.76877595464362],[18.054668269754707,49.76865315495424],[18.054527498457226,49.76855064292035],[18.054311789640227,49.76841737289974],[18.054124603675607,49.76830171971879],[18.05399920205972,49.76821417201679],[18.053581271606944,49.767922499906284],[18.05355922430956,49.767905435529094],[18.053374076746117,49.76776173636893],[18.05315415896526,49.767591123821745],[18.053098864801957,49.76754822683988],[18.05291713876832,49.767392809027456],[18.05269849199002,49.76720584079884],[18.052393518587216,49.766886273322406],[18.052298336185068,49.76680705151029],[18.05210485969544,49.76664590116871],[18.051881988596804,49.766460312590596],[18.051825317098068,49.76641426665418],[18.051575652218713,49.76621170042153],[18.05122592820098,49.765927914922045],[18.05104900142086,49.76578432323595],[18.050930637802395,49.76568110981208],[18.05070486249276,49.765484248924366],[18.05045568893109,49.76526699513947],[18.050417230651558,49.76523346013908],[18.050157902348893,49.7650191412241],[18.049980167724673,49.764872341786294],[18.04985476971434,49.76476863173854],[18.049765718771276,49.76469048240507],[18.049637617901116,49.764578041491674],[18.049419837936803,49.76438696324656],[18.04924224296813,49.76423105387883],[18.04914461291557,49.7641453694793],[18.049128824143093,49.76413146254792],[18.049089031191617,49.76409649619802],[18.049056869976926,49.76406684344958],[18.048821256777142,49.76384937309369],[18.04860903494213,49.76365337769582],[18.04845496698895,49.76348040789758],[18.04828905973946,49.763294209489345],[18.048216548091915,49.76310066209797],[18.04820705830252,49.76307538355493],[18.048191883270114,49.76297070724878],[18.04817234336915,49.76282777885461],[18.04816909031846,49.76280376209125],[18.048206017583688,49.76222603920893],[18.048214268926394,49.76209788961288],[18.048190492445645,49.761970603464505],[18.048175504733944,49.761889947835606],[18.048167032511703,49.761844057630974],[18.048153451781598,49.76177142616335],[18.048155558569807,49.76165555950558],[18.048201421929107,49.76108683574926],[18.04821082800948,49.76097057706414],[18.04822208659032,49.76085198795825],[18.04823339122574,49.76073204755524],[18.04824292282228,49.76063213370058],[18.048246321235272,49.7605972170865],[18.0481753023312,49.76063040573266],[18.04663050602704,49.76135280581546],[18.04654703880272,49.76140053101912],[18.046254244631683,49.7615703290379],[18.046105014586146,49.761649468293996],[18.046078568317675,49.761663470078524],[18.045902000374824,49.76175701084316],[18.04584589017817,49.761797285293724],[18.045689972111635,49.761942382321756],[18.045385814336147,49.76222534588402],[18.04533723282098,49.762270657315874],[18.04532046646938,49.762286209543184],[18.04438628824839,49.76320470228864],[18.043734370759406,49.76396001109234],[18.04363703765683,49.76408429135657],[18.043349116135182,49.764451770461335],[18.043148805091132,49.76472211972033],[18.042150471301426,49.76606944464405],[18.04213900573505,49.76608494098989],[18.042447554581614,49.76633740905671],[18.04260964165433,49.76648945698821],[18.042989065279336,49.76687021027986],[18.043274882042805,49.76718779937607],[18.04347845980656,49.76739495037964],[18.043621204771025,49.767527558454745],[18.043601815906488,49.76753682152565],[18.0425719518091,49.76803394880015],[18.042509417533292,49.768064103479276],[18.042487173334933,49.76807690263611],[18.042456171576234,49.7680946128926],[18.04243696331691,49.768105601208646],[18.04238039246546,49.768137995035595],[18.042112499009892,49.768246848519794],[18.04208268690833,49.7682589406572],[18.042033601376513,49.76837074626444],[18.04202098575632,49.768388523186346],[18.042055994666296,49.76839135324865],[18.042128212456372,49.76839723039523],[18.04213022613853,49.768410976228786],[18.04216169643871,49.768624186903075],[18.042178417160656,49.768736806410125],[18.042298830629587,49.76878039296122],[18.042359899274203,49.768802506647695],[18.04236757112672,49.768851149433125],[18.04238711760944,49.76897566595623],[18.04254183587372,49.76924228416654],[18.042671542068337,49.7694312784207],[18.042608232063994,49.769552283723755],[18.04258948033283,49.76956907525287],[18.04254455893284,49.769605931622245],[18.042536748660147,49.76962524920666],[18.04252841583328,49.769760976393876],[18.042630733152663,49.76983384805486],[18.042570858424973,49.7699734650377],[18.04260028040027,49.770037261705916],[18.042505914467437,49.77008201007853],[18.042533612714276,49.77014516584776],[18.04267538309628,49.77015911244317],[18.042794404600347,49.77025749809495],[18.042806910569194,49.77032979754014],[18.04273587080409,49.77038735371181],[18.042806923934066,49.770537674662904],[18.042814130427693,49.770674929066054],[18.042816512270416,49.77071947585002],[18.043046212424166,49.77092425048517],[18.043054726042516,49.7711077949036],[18.043127190522828,49.77121640494607],[18.04322674133533,49.77127900691979],[18.043168242000483,49.771504995005856],[18.04309704496644,49.7715819489739],[18.043064022068513,49.77170262361628],[18.04309985071947,49.77175631863707],[18.042925444316733,49.77189773083985],[18.04281567444308,49.771915596212864],[18.04278584727901,49.77210126395948],[18.04266630580239,49.772138514332234],[18.04258094747526,49.77214505908132],[18.04250315092389,49.77220105246501],[18.042478074525164,49.77223851090128],[18.042407170097345,49.77224940870887],[18.042318061699593,49.77226295824146],[18.042346026067065,49.7723647619522],[18.042187132770366,49.772466268234346],[18.04216809729004,49.77245975547275],[18.042121232226254,49.772443786045386],[18.042045204073734,49.77241792201426],[18.041811281983723,49.77233818790144],[18.04153766872744,49.772377931023605],[18.041185594025,49.772427774028486],[18.041150652555476,49.77242747514306],[18.04086843529463,49.77258965964455],[18.040606619831664,49.772753470857126],[18.04022489729479,49.77305957529365],[18.039852571360367,49.773391584458345],[18.039001214862704,49.774067230174076],[18.038633484043682,49.77423287459235],[18.037758532921597,49.77457200352827],[18.037665901366875,49.774621271640434],[18.037547004310255,49.77468518231137],[18.03748049278137,49.774721875352384],[18.037412652232298,49.77477735684029],[18.03736480780396,49.774819188140015],[18.03734340593402,49.774837992529086],[18.037331984208663,49.774848075267165],[18.037323839647186,49.774852570107186],[18.037300297224142,49.774865654701294],[18.037244615972085,49.77489656344756],[18.03711492080383,49.7748017992282],[18.03702056461995,49.77474905964605],[18.03664861908607,49.77459456051516],[18.036336977270967,49.77448704527027],[18.035957829868174,49.77430893049055],[18.035730535278557,49.77419012118585],[18.03426589870434,49.77293201665444],[18.033228360113426,49.77203666529601],[18.03327027373797,49.772026807965744],[18.033312451575842,49.772017056132015],[18.03333080375778,49.77201333112115],[18.034017380059662,49.77187332151851],[18.033859017209718,49.77166993552977],[18.03380630564235,49.7716022648717],[18.033664450701874,49.77144099151197],[18.033631429889,49.771403431760476],[18.03362709265066,49.77139848775043],[18.03359596948379,49.77136537016832],[18.033552946389428,49.77131947050153],[18.033530445722498,49.771295606074055],[18.033526437086746,49.771291312870304],[18.032699540913377,49.77041108685617],[18.03250417024958,49.77018299640309],[18.03241236898706,49.77003074768],[18.032340787028037,49.76988652590319],[18.03222117390229,49.769578861086174],[18.03213064414896,49.769371804550865],[18.03210216026874,49.76930128870243],[18.03206734918399,49.7692149724115],[18.03203992779087,49.76914686473519],[18.031812034782575,49.7689809831977],[18.031633728865646,49.768886203443515],[18.031548394239408,49.76887234148895],[18.031463715211164,49.76880408775807],[18.03139857990958,49.76873154623086],[18.031287125262388,49.7685732873838],[18.031211806220075,49.76831953828932],[18.031134922038746,49.76801235230216],[18.03107558261091,49.7678156700689],[18.031036813966814,49.767687241965156],[18.03099803320403,49.767558903394644],[18.030965526059543,49.76735763202376],[18.030965719610332,49.76734103449038],[18.03094313487675,49.76734514655031],[18.030945855866676,49.76723220194381],[18.030946938789217,49.767186861307444],[18.030949212832144,49.76709438098436],[18.030963859564608,49.76647853788843],[18.030971299808016,49.766257367465506],[18.03099851553865,49.76593299263441],[18.03103008977556,49.76568631657123],[18.03103560279064,49.765624984010316],[18.031042767309778,49.76554253457143],[18.031060873178223,49.765417028643824],[18.031075287366995,49.765237331247924],[18.031080558846693,49.76514737079989],[18.03110499861919,49.765008239487344],[18.0311112854896,49.764972677055965],[18.031132111217943,49.76497830233703],[18.031131250500245,49.76492075397911],[18.031131187666013,49.764916146847526],[18.031130967614313,49.76490458025104],[18.03122165960888,49.76457258680412],[18.03124870422166,49.764154236310276],[18.031251453978868,49.76411197060205],[18.031252560484486,49.76409380099259],[18.031223473726076,49.76410466856679],[18.03117262975456,49.764146053252695],[18.03112171431858,49.764147446482596],[18.030990563384535,49.764176973538184],[18.03074498356303,49.764253240374615],[18.030559814454207,49.76425708195843],[18.030434813417834,49.76427938125802],[18.03040663292011,49.764281635543085],[18.030388321976698,49.76424862451794],[18.030356782619698,49.76424490789955],[18.03019822304631,49.7642649985057],[18.030088628462313,49.764226987405],[18.02990968246884,49.76425041372509],[18.029727711930104,49.76430796581698],[18.029629001969376,49.76439641217179],[18.02951698193383,49.76444690068416],[18.029484322849306,49.764508019698155],[18.029427799642352,49.76451775382747],[18.02933006260059,49.76457583686001],[18.029209990283267,49.76458560192377],[18.02913564835751,49.764637724384166],[18.02904927610492,49.76464158238735],[18.028892810611918,49.76458569883547],[18.02883269319481,49.76462356834497],[18.02861723653756,49.76459433580381],[18.02859771378143,49.76459645783136],[18.02859139426629,49.7645735265845],[18.02858085031316,49.76453572841473],[18.02856679084883,49.764484999829456],[18.02852106014719,49.76432015230007],[18.028470762877983,49.76414393837004],[18.02845768468042,49.76409823100476],[18.028442247314636,49.764044353784406],[18.028303743080265,49.76355126939012],[18.028225184118494,49.76332729736199],[18.02821063954892,49.76319810021341],[18.02819002928945,49.76301376173668],[18.02817993821489,49.76292408714463],[18.028100187911612,49.762587304827576],[18.028020451041527,49.762250432854316],[18.027992080559038,49.7620111257522],[18.027931598917675,49.76188766965405],[18.027899590775807,49.76170718581351],[18.027981833669283,49.76091435252486],[18.028067936020705,49.76069375317112],[18.0281032676274,49.76063143489635],[18.028249386330753,49.760337215639346],[18.02849195132727,49.75991930724971],[18.02853688811074,49.75984996141072],[18.028856480976696,49.75935526293302],[18.029115225093886,49.758915902395636],[18.029185595251935,49.758796393622745],[18.02920777201747,49.75875877015306],[18.029236617008877,49.75870104160343],[18.029251626730193,49.75867094752951],[18.02925891056931,49.75865548153339],[18.029275725968418,49.758619353710436],[18.02864264584058,49.758697876292466],[18.027556439933395,49.758822973201184],[18.025790469863438,49.75904472203682],[18.02569750487143,49.75905604914866],[18.025687612068026,49.759025689834345],[18.025676329768284,49.758997326333485],[18.025819766077056,49.75854354525712],[18.025991861935964,49.75811434762617],[18.026183629482066,49.75779929907602],[18.026301055660554,49.75757283800075],[18.026412914685462,49.75739895080602],[18.026648030886083,49.757110056083924],[18.026724937933864,49.756971428834206],[18.026784681507923,49.75684715500684],[18.02684832223011,49.75660955225228],[18.026858991993944,49.756153515196786],[18.026849271655816,49.75586482579773],[18.026805209750655,49.755593829986424],[18.026576127901688,49.75512240485218],[18.026394271400818,49.75480589580645],[18.02599306484804,49.754116369614536],[18.0252438878945,49.752822439119505],[18.025217170819506,49.752790836394404],[18.02478354290724,49.75231778294564],[18.024630879162583,49.75211217872896],[18.02425486002454,49.75211318985784],[18.02378078324508,49.75216765528891],[18.023720697429624,49.75213051240858],[18.02365924076766,49.75213670822756],[18.0235838019083,49.75211393264652],[18.02351558020544,49.75209337958255],[18.023506213303,49.75209058139791],[18.023516153462445,49.75207201965784],[18.02351714266668,49.75206584848586],[18.02351515275144,49.75205905375046],[18.02350350459201,49.75201920484035],[18.023517086031866,49.75200960942807],[18.023561620733943,49.7519158701902],[18.023624793316753,49.75183449171264],[18.02369330214689,49.75175685182294],[18.02398572425178,49.75151306861401],[18.024055446573758,49.751463029866365],[18.024132590774382,49.751416759979506],[18.02422835383425,49.75139007091224],[18.024389585274484,49.75135434852552],[18.024884415983173,49.75128365942385],[18.024991640841,49.75128299703019],[18.02518422807655,49.75132409701933],[18.025373020708557,49.751393772180414],[18.025388521904688,49.751344931597146],[18.025261026636844,49.75116497405809],[18.024943343550866,49.75112178856611],[18.024745894217926,49.75109475936405],[18.024684793638954,49.75104880246592],[18.024672420009882,49.75103951194178],[18.024720957321353,49.751012800630065],[18.02483255029758,49.75099153946771],[18.024924257739826,49.7509275161496],[18.024963691512202,49.75084954905639],[18.0249441952055,49.750777653583064],[18.024940246915513,49.75076180934424],[18.024898842931798,49.750594048757094],[18.024851032417335,49.75040705220681],[18.024845133161254,49.75038008273086],[18.02479661315773,49.75015675816064],[18.024741465762077,49.75001293587486],[18.02469102413787,49.74988148120845],[18.0245200087774,49.749630133613515],[18.024476397710472,49.74957453608734],[18.02446644034366,49.7495618648133],[18.024454493567458,49.74954745374379],[18.024337183606256,49.749406897807425],[18.024236609478415,49.749286445634674],[18.024214854072508,49.74926334353578],[18.024197799882458,49.74923645123747],[18.024124688470074,49.74912092641454],[18.024069424048598,49.74906194698395],[18.023921985431254,49.74890448393314],[18.023775540613524,49.748727670853945],[18.02377397821279,49.74872586546552],[18.02351608543663,49.748433747427875],[18.023432707386874,49.748345249842686],[18.02340867854768,49.74830730269085],[18.023242165266275,49.74809719354375],[18.023193333518712,49.74799354260567],[18.023141353782805,49.74790162475972],[18.02303996685146,49.747853878774926],[18.022731609211778,49.74770976566849],[18.02282368737541,49.747561095717465],[18.02283066835744,49.74754985503331],[18.022853962941056,49.74751220697653],[18.022859167199666,49.747503752075815],[18.023189529344105,49.74697015402607],[18.023516446403963,49.746579879596446],[18.02369865840597,49.746477672391464],[18.023786543464063,49.74643933568113],[18.023714247901683,49.74636547009374],[18.02363346141297,49.746272338113904],[18.023530990439184,49.74618291689677],[18.023433265859413,49.74609747092781],[18.023312190534426,49.74597826903422],[18.023180453849786,49.745879843622234],[18.02310593549159,49.74582516601255],[18.022819893151226,49.745658692840195],[18.022630054882804,49.74554824122523],[18.022551230024792,49.745474267925125],[18.022475816739064,49.74541294862102],[18.022403728306255,49.74535985525238],[18.02229162135342,49.74529794828461],[18.022100361085645,49.74522008988013],[18.022018070544224,49.74515106088876],[18.021732132940986,49.745003095260174],[18.02153625893778,49.7449031244416],[18.021477042806765,49.74487289022691],[18.02094970460838,49.744581336669576],[18.02072329162737,49.74444421320559],[18.0206878581133,49.74440009919997],[18.020427150565276,49.74407612492456],[18.02038078021076,49.74401837967962],[18.020158842429147,49.743695112833045],[18.019335444257695,49.74419674798071],[18.018998840002066,49.74437513688038],[18.018531393227008,49.74459930149423],[18.01809194963695,49.74480621920421],[18.017765198846377,49.74495953941959],[18.017250987917777,49.7451893880633],[18.016916672202537,49.7453591483194],[18.01691053704401,49.74536222337455],[18.01684372889446,49.74539617850656],[18.01680869753284,49.74540778124904],[18.016622481951135,49.74546921674704],[18.016605211755575,49.74547525796607],[18.01657709769908,49.74548518488257],[18.01622369930913,49.7452203759953],[18.016078582258984,49.745103926039484],[18.01578697525381,49.744842602063294],[18.015602951989614,49.744676960151054],[18.015196642319083,49.744364582530224],[18.014971576568485,49.74414303468109],[18.01438890667093,49.74352671259429],[18.01409047344436,49.74323420665723],[18.014018934584083,49.74316407861413],[18.013877705970174,49.742955867732654],[18.013689846868,49.7427666204589],[18.01163359494585,49.74356843715029],[18.009576156035788,49.74452875351526],[18.008445883436025,49.745069767892275],[18.00842842923247,49.74507814426462],[18.008236469678224,49.74517001553228],[18.00789846877725,49.745050319413494],[18.007749191309816,49.74500754637382],[18.007685254135083,49.7450024866747],[18.007432161238285,49.744889334992955],[18.00703158842713,49.74471031390677],[18.006805016824103,49.74460889827673],[18.00692120956015,49.74455226521011],[18.006472281663655,49.74439661675883],[18.0063602163219,49.744326481181005],[18.006091070591026,49.744136931261906],[18.005947877535327,49.74421357232365],[18.005336406615402,49.74394685341931],[18.005081771695878,49.74383586326268],[18.00496691184157,49.74386467887819],[18.0039146375269,49.74412907804935],[18.004276089789254,49.74467097840388],[18.00429363265316,49.744697270861806],[18.004197444745735,49.74472400921032],[18.00411776521141,49.744746198417815],[18.004081446123827,49.74475600773533],[18.002539382227056,49.74517153664711],[18.000960971844158,49.74559685360259],[18.00088978732526,49.74561601313796],[18.000614779984396,49.74545788447022],[18.000059271524556,49.74565322128325],[17.999801357122404,49.74546214121512],[17.999750660822528,49.74531892151896],[17.999907983469214,49.74525908476489],[17.99969600784318,49.745067239651384],[17.999747937648145,49.745043262543525],[17.998694105463155,49.74434182847515],[17.998525436035948,49.744399109337905],[17.998015353885464,49.7446497899706],[17.997976201466443,49.744669001548935],[17.99759613746228,49.744679438044024],[17.997560070670968,49.74475190692057],[17.99751666613976,49.744909705650684],[17.997464135147567,49.745101276929056],[17.997310465527207,49.74566069211068],[17.997088890959834,49.745507100401184],[17.99680271051368,49.74531500403816],[17.9968008117114,49.74533881517738],[17.99645085075978,49.74512441973052],[17.996431972446192,49.745112852504384],[17.99611247870755,49.74490582131734],[17.996071853532108,49.74491149666743],[17.996044577564764,49.74491532922898],[17.996041174259243,49.74491576352345],[17.996030986699118,49.74498440868537],[17.996018937887587,49.74506450026874],[17.996018355955282,49.745068709144746],[17.996015506203452,49.745088312692346],[17.996013421304824,49.74511346708009],[17.996013175670132,49.74511625117053],[17.996010130995998,49.74515136973894],[17.99599780928695,49.74527071266614],[17.99597889325477,49.74545286131288],[17.995774556919468,49.74567434410485],[17.99574393601049,49.74572049930974],[17.995691179676562,49.74584110535639],[17.995562832974834,49.74613461167141],[17.99545479175717,49.74629335112657],[17.99540077476697,49.746506680868826],[17.995333009646036,49.746616937085626],[17.99526377952158,49.74672972602757],[17.99532275538021,49.747011450956],[17.995320142584223,49.7470807164305],[17.995319999933226,49.74708477027144],[17.99530707206696,49.74743011255958],[17.995268168167318,49.747751740326805],[17.995592787854925,49.74843460917083],[17.995581409001694,49.74855518024789],[17.995640743294388,49.74861874443644],[17.995012801156154,49.74967589941571],[17.994384832135463,49.75073305064842],[17.994420027318174,49.75074249636331],[17.99448195825075,49.750759091176576],[17.995464349734384,49.75102266539554],[17.995336615730277,49.7512088771685],[17.99525878249312,49.751458376096096],[17.994681616291736,49.752490585395066],[17.994094025449197,49.753415669790144],[17.993736627020457,49.75342290047186],[17.993381833420397,49.75340022162608],[17.99318683226635,49.75337463499332],[17.993127026336506,49.75336682895673],[17.992806568437956,49.753317526887585],[17.992452829996815,49.75328118547132],[17.992104009017446,49.75326670299278],[17.99167293837266,49.753254573250196],[17.991306317622016,49.75320863358902],[17.99111945382294,49.75319976463204],[17.990205767341465,49.75311003484203],[17.989503581610876,49.75305452269069],[17.98932656041523,49.75302789793942],[17.98915192439649,49.75295988736082],[17.989109300366326,49.752948744651476],[17.988909419318947,49.752898042865695],[17.98861602960482,49.75284145536526],[17.987563976870128,49.75270259046828],[17.987470848161585,49.752677859818824],[17.986936701276274,49.752535780244614],[17.9869513669884,49.75251740518411],[17.986903672298347,49.75250163390565],[17.986873162314225,49.752491555569094],[17.986854381083084,49.75248531845178],[17.98638490325514,49.75233002441182],[17.986161075843057,49.7527963474702],[17.98601163019652,49.75310784803873],[17.98596786757042,49.75318239467845],[17.985920008282104,49.75327042422194],[17.985868931021656,49.75336458559055],[17.985798945327005,49.75349366550815],[17.985691591214984,49.75361389292617],[17.98559053185945,49.75369269110763],[17.98541650254556,49.75345030790933],[17.98532181077654,49.75344389984386],[17.98521594839088,49.75343666168767],[17.98501869717082,49.75338005794242],[17.984579235756296,49.753566279827126],[17.984526770317586,49.75359500430676],[17.983853951630604,49.753963089995814],[17.98321804944813,49.75429594736072],[17.983172835498163,49.75431958654701],[17.982532309064773,49.75344994820382],[17.982323363382218,49.75316102510026],[17.982061337807828,49.752798692992485],[17.98209145095358,49.752761357441265],[17.98075558750034,49.75193096574073],[17.97954198809013,49.75069125051449],[17.979338765612376,49.75056929343005],[17.979285004845092,49.750537007236865],[17.979098358429933,49.75042513169038],[17.978546225462985,49.749967910653666],[17.978111723926602,49.7495466007036],[17.977798300568498,49.7491051650338],[17.977530274486167,49.7485965910979],[17.977390673052014,49.7478842574343],[17.97720672423815,49.74676636968261],[17.977148537435657,49.74678211966823],[17.977073409271256,49.74668494670701],[17.977076962982146,49.7466763972718],[17.977173274397625,49.746443958640725],[17.97710502665409,49.74624391567348],[17.976965804045847,49.74606646074066],[17.97699084137447,49.745672890385855],[17.976989834683046,49.74566407543885],[17.976968751013846,49.74546750036583],[17.97695838137262,49.74537852080988],[17.976897263950455,49.745143145112124],[17.976882095343576,49.74508475897949],[17.976763147367922,49.74502132337658],[17.976738896936546,49.74490084322334],[17.976590136157945,49.74480326405374],[17.976468018604937,49.74442513727318],[17.97635877602885,49.74404559337459],[17.976158632076782,49.74377711611417],[17.97610698331156,49.743638249665],[17.976063724740076,49.74352225912662],[17.975956607160484,49.743234915290174],[17.97609439443182,49.74308108191823],[17.97590897400753,49.74303796696934],[17.976019544298914,49.74287045231796],[17.975919475535573,49.74274023047512],[17.97596850090989,49.74269307490279],[17.97588438057532,49.74263067309389],[17.976001920342956,49.74255654422997],[17.97599450492824,49.74243623154414],[17.976110513569335,49.74237113088316],[17.976125773836248,49.74236254100913],[17.976160243659837,49.74204363232838],[17.976164995821353,49.74199931482976],[17.976100160698696,49.74192341212377],[17.976153534308484,49.74177657892314],[17.976050984998007,49.741688369478005],[17.976088087458287,49.7414680102586],[17.976070109896522,49.74138770473413],[17.9761315020964,49.74131463917257],[17.97613450299824,49.7412357358693],[17.976209020204752,49.741123263679846],[17.976220166268547,49.74105593812958],[17.97623337664862,49.740975733658786],[17.976147368624694,49.74089381347932],[17.976109604055075,49.740857762339665],[17.976133152804675,49.740660806614024],[17.976179995240003,49.74059321277771],[17.97623851666346,49.74050869605493],[17.9761996659002,49.740445319593206],[17.976229924283256,49.74039084237062],[17.97619059805589,49.74035199213347],[17.976165110335938,49.74032685663819],[17.976174819160295,49.74027190488632],[17.976195396262355,49.740156652594415],[17.976199310087278,49.740153540461485],[17.976267250036024,49.740099542468585],[17.976223181151894,49.73999343436662],[17.97622682411423,49.73993903208033],[17.976257769119734,49.73948378804774],[17.976336880872843,49.73924673753524],[17.976396729543282,49.739067241881706],[17.976493414797247,49.7387777737936],[17.976516338675875,49.73870887728937],[17.97660498348101,49.73850451859119],[17.976604823165466,49.73843635404122],[17.976603671030716,49.73801065533565],[17.976603516723372,49.737938428889656],[17.976631318266268,49.73739832663239],[17.976466915057706,49.7372128126008],[17.976280579329494,49.73700868872692],[17.976229242115974,49.73695000113954],[17.976050180937307,49.73676977112517],[17.975896603796098,49.736746292757424],[17.9756840321679,49.73670529568071],[17.975571577855497,49.736683580120264],[17.975561387598017,49.736680729786556],[17.975524131997663,49.73667016452203],[17.975391250201426,49.73662098981052],[17.974967928616007,49.736450542516316],[17.974570577940188,49.736500606558835],[17.97454336702259,49.73650398637551],[17.974458179183596,49.73651364787114],[17.974103840630185,49.73655384876805],[17.973531439626576,49.736428964378234],[17.973152250510747,49.73634205554054],[17.97257981194066,49.736132127463],[17.972378220894964,49.73605718959027],[17.97206766867209,49.73593437622854],[17.972035916434756,49.73591627678779],[17.971703242642096,49.735664798741944],[17.971602517318413,49.73558968946646],[17.971248956568424,49.73532615981084],[17.97086535801591,49.73503722658524],[17.970567008558465,49.73480345263066],[17.970091228838044,49.734348818670405],[17.96969884054293,49.7340340015935],[17.969469722513967,49.73385743083544],[17.969304484096085,49.73364107241584],[17.969261886395458,49.73353053229258],[17.968983120296045,49.73333138615279],[17.968643879920016,49.73298897056774],[17.968454657020008,49.73278691943294],[17.968397246639007,49.73273094262464],[17.968267920524994,49.73254890369273],[17.968183119487435,49.732396272071064],[17.96804004254845,49.732283211907095],[17.96800327892923,49.732288199576125],[17.967286549159606,49.73238478923468],[17.967199310520083,49.73241427586364],[17.96694622986709,49.732499718395495],[17.966621214139835,49.732638829743806],[17.966049056047623,49.73288376811034],[17.96600389760804,49.732903070306584],[17.965927788419314,49.73293564266691],[17.96582405093385,49.73296858933431],[17.96578566463271,49.73297221786858],[17.965729527231492,49.73320600058567],[17.965605170582858,49.73342154056379],[17.965507439757793,49.73364793183703],[17.96549679025271,49.73378380369289],[17.96556721149339,49.733922599353285],[17.965735584551314,49.73418247793701],[17.965819744008503,49.73428352809759],[17.966020177871933,49.734513139005976],[17.966100486967278,49.73465296227569],[17.966083990760282,49.7346574164496],[17.966175873295413,49.734864355705014],[17.966227025980764,49.735114868154376],[17.96625340528561,49.735243872380074],[17.96623003391131,49.735692069082766],[17.966182407122268,49.73598592843584],[17.96616400722212,49.736048226912125],[17.966117489524777,49.736103378698274],[17.965850500065894,49.736244700238146],[17.965643075830613,49.736248940546126],[17.96561825189326,49.73637053477997],[17.9656147839656,49.73638748438154],[17.965370332794816,49.736590151303176],[17.965193397453337,49.73673690524403],[17.96496254568471,49.73680351069469],[17.964733544611413,49.7370292850431],[17.964458221309037,49.73730074305124],[17.96437928895741,49.73731347056024],[17.964303287551346,49.737412399389434],[17.964177280316314,49.73746119784496],[17.964073771017116,49.737586686933284],[17.963966915961944,49.73763497767542],[17.963872138873523,49.737735699590964],[17.963761718493156,49.73778558762265],[17.963639718237655,49.73786368736619],[17.963542476724207,49.73792598941211],[17.963286544718752,49.73802768932995],[17.963155372442372,49.7380855738802],[17.963011470660764,49.738110758756164],[17.962916797691136,49.73822574931741],[17.962634469515354,49.73835199670038],[17.962533372664492,49.738473111843845],[17.962267210178393,49.738791771695944],[17.96207504578269,49.73896579842255],[17.961797121593154,49.739217690945075],[17.961244183918513,49.73952304268944],[17.961041248387243,49.739677301426276],[17.960499102694342,49.740002147253904],[17.960029365559357,49.74027199832111],[17.95972717663547,49.740440772828656],[17.95943493815638,49.74062312697483],[17.95891398968275,49.7410107707423],[17.958667690354684,49.74123236622625],[17.95844786531014,49.74146290949917],[17.958178529208762,49.74179907062892],[17.95807504866348,49.74186605997389],[17.95788240583905,49.74195916801139],[17.9575389004663,49.742098352923044],[17.95723238241098,49.74225603642096],[17.956800302151045,49.74248519560279],[17.95655681163488,49.74273755442563],[17.956225059354765,49.74300651409293],[17.956101685057472,49.743101318037894],[17.95595609677958,49.74319157459209],[17.955745601867857,49.74334285667502],[17.955522202840537,49.74352380705993],[17.95524521599401,49.74380056728154],[17.955078131671588,49.74391213583329],[17.95450191921577,49.74424589183182],[17.95434716753341,49.7443579091277],[17.95396639549772,49.74464259644686],[17.953376181730047,49.74496171787531],[17.95319402459097,49.745070417513],[17.95279959389923,49.74534004034057],[17.951773391696893,49.74577974279966],[17.951757111138587,49.745790617320274],[17.951633694478197,49.74587259597347],[17.951356321963154,49.74610482108581],[17.950673903671213,49.7465596411095],[17.950632389481214,49.746585651157496],[17.950248378025194,49.746826265782666],[17.94974789682418,49.746958783262414],[17.94965024020053,49.746912722043234],[17.94956603279456,49.74690915374859],[17.949559012081505,49.74691054883467],[17.949485213008053,49.74692528271961],[17.949410903723237,49.74706276009524],[17.94950641062679,49.74727236353186],[17.949738812236536,49.74747335843855],[17.95027656706703,49.74773264370416],[17.950563635721593,49.747913270211285],[17.950599626348765,49.747935956280244],[17.950678363156214,49.74813997414313],[17.950715533056638,49.748299314158714],[17.950653695928562,49.74841025823969],[17.95067878174177,49.74852429647048],[17.950686874541347,49.74856124028002],[17.95070380426599,49.74863778933875],[17.950708576616204,49.74865955354415],[17.950725674452077,49.748705870520475],[17.950749748836326,49.748733095974345],[17.950751899826468,49.74873565909266],[17.950816554283307,49.74881165716434],[17.9509323280239,49.74914196631905],[17.950924725093476,49.74918557584084],[17.950855140005537,49.74923106973929],[17.95063840456365,49.74943488083976],[17.950608499793066,49.749487568495226],[17.950549116044208,49.749591885385236],[17.95048377728392,49.74964990459195],[17.950311280265304,49.74980312916842],[17.949996003611055,49.75008323934251],[17.94995682474331,49.75016950853304],[17.949893794547677,49.75030800659635],[17.949698221458853,49.75047883932708],[17.949435214349716,49.75044252245927],[17.94929850916236,49.750423698640866],[17.9490469935254,49.75053799844003],[17.94882214308662,49.7505878659257],[17.948304962547564,49.75076995712727],[17.948245136456507,49.75079336135687],[17.94765267416229,49.75095172998468],[17.94710605372438,49.751051028462456],[17.946733608512687,49.75112719822591],[17.946495558371215,49.751173761994366],[17.94638984752629,49.75119448213422],[17.946216577704327,49.75122109132921],[17.945684940080017,49.75129580222107],[17.94550038479559,49.751319403235975],[17.94543866958155,49.751327348944294],[17.945315995224483,49.75133281260713],[17.94458760432509,49.75143564165792],[17.94393988799867,49.75158742049008],[17.94344531802995,49.75166302621234],[17.943088923481348,49.75169092409672],[17.942992932842355,49.75169686324858],[17.942846076220157,49.75170587470013],[17.941707452048814,49.75177592717424],[17.94128513418795,49.751801948039386],[17.940732841216537,49.751961731712804],[17.940348958823872,49.75209480848407],[17.940056419790068,49.7521953149375],[17.93988858278532,49.75232279997637],[17.939724832950546,49.75245594058419],[17.93971618283448,49.75246301739387],[17.939683478905426,49.75249071343643],[17.939607630983744,49.752561021766525],[17.939512702842023,49.75259229750875],[17.93899962671399,49.75276150118307],[17.938839699475984,49.75281424851876],[17.938464599583792,49.7529022447771],[17.938150420103103,49.75297602233417],[17.93799972851285,49.75304745472629],[17.937751302715025,49.75316326761307],[17.93736085950357,49.75334524196258],[17.93709976259779,49.75341002815624],[17.937037132342926,49.753425499252],[17.936849234024617,49.753493939180544],[17.936751893527752,49.75352949513984],[17.936701979753646,49.75354769678956],[17.936424087160148,49.753648962492655],[17.93635494353987,49.753674162709714],[17.93626494998731,49.7537069889004],[17.936126072036004,49.753757625362056],[17.936004363654746,49.75380204513625],[17.935861784705427,49.75382827065618],[17.935454347278863,49.75390326024812],[17.935371977759946,49.7539183868968],[17.935270438485706,49.75393708505747],[17.935185732751417,49.755104355661764],[17.93518361941253,49.755133481251924],[17.935171150202525,49.75530472637875],[17.93498991530688,49.75532633987895],[17.93414468239519,49.755394099075296],[17.934094792784055,49.75539812786834],[17.93414409251377,49.75542827909918],[17.934393721746467,49.75558057239644],[17.934477825398623,49.75587555521649],[17.934624449610983,49.75592224000799],[17.934522781974465,49.75605864998836],[17.93455469935945,49.75609653958467],[17.934600475415987,49.75615094891671],[17.934564119160665,49.75625669905215],[17.934611833821435,49.75633216591345],[17.93461020294981,49.756417742164615],[17.93470858083959,49.756562529176755],[17.934590068239604,49.756672855925224],[17.934625664268953,49.75680520889834],[17.934660466398864,49.75693426541228],[17.93460267160014,49.757052842888264],[17.93467047756695,49.757144111119125],[17.93467609439855,49.757259632034305],[17.934744056190944,49.757389727907054],[17.934735007889348,49.757469543397725],[17.93473053958026,49.75750855165525],[17.93479669069122,49.75765262442363],[17.934828899162962,49.75785519389574],[17.934945697328654,49.758158590439486],[17.93499468577267,49.7582858595356],[17.9349840946859,49.75846660318465],[17.934966842155518,49.75875898885122],[17.93497233485475,49.75877754623596],[17.93503415338473,49.7589866342371],[17.935159130320017,49.75921846919139],[17.935245829515477,49.75937909163743],[17.93533249179345,49.75953998263924],[17.935335039008603,49.75966453165002],[17.935337231069617,49.75976865756068],[17.935339890773,49.75989240066521],[17.935411342224192,49.76007542100666],[17.93542800602622,49.76019068578942],[17.935452376754103,49.76035957421456],[17.9355040371132,49.760701403764834],[17.93519081970559,49.760967610138884],[17.935086834198206,49.76102669947704],[17.93491455871658,49.76112476060072],[17.93409032450183,49.76159349599096],[17.934024875405836,49.761652043086244],[17.93384761466539,49.761810747006024],[17.933520329709186,49.76225947586175],[17.93296314269917,49.76264093247833],[17.932929545189896,49.762663970755796],[17.932886716096686,49.76269323892693],[17.932813981960667,49.762743053366115],[17.932328566490717,49.76316536390369],[17.932082183758062,49.76327605192225],[17.93164041809981,49.763474505469496],[17.93105639990365,49.76389419424802],[17.930514650055514,49.764283587315234],[17.92985674587796,49.76468431685563],[17.929560933537754,49.76486441472227],[17.929043932403683,49.765083457108204],[17.92760530368769,49.76542388036297],[17.927361969462883,49.76550061395611],[17.926797738187037,49.76567851111531],[17.926770774760623,49.76568695096795],[17.926733596428612,49.76569867381089],[17.926676729527408,49.76571664497974],[17.926138410420972,49.765986334903374],[17.926001282515365,49.76605502949494],[17.92566947286863,49.76622127217024],[17.925684330890853,49.766400168626795],[17.925551879228763,49.76653910127021],[17.925536845582872,49.7665549208763],[17.925526828633682,49.766748247393764],[17.92550230877298,49.76681099617648],[17.92544811124511,49.76694946193093],[17.925452997099566,49.76696635930255],[17.925485573337575,49.76707831654077],[17.925586701984532,49.7671216209261],[17.925631678867603,49.76720568758999],[17.925686533414122,49.767246007675745],[17.92576055663337,49.76731372213503],[17.925789783936736,49.76737086561084],[17.925711262289294,49.76741212190333],[17.925612726885152,49.76746394055665],[17.925210592802294,49.767675530437124],[17.92421310716691,49.768131791138664],[17.923703164612803,49.76872759043324],[17.92312863596458,49.769417369435985],[17.92271048493901,49.7699097662697],[17.923149195275236,49.77028811990182],[17.923532808530414,49.7706339000967],[17.923660940632594,49.77074929547561],[17.92339090537204,49.770781485006964],[17.923060061236974,49.771114971360994],[17.92274403861424,49.77127166198178],[17.92240992553475,49.771666343285695],[17.922026844239,49.77234035625707],[17.922046494234767,49.77247394481251],[17.921879281243715,49.77279644430918],[17.921613034947825,49.77306555823662],[17.921482354055172,49.773159724064804],[17.921250721765865,49.773512207306176],[17.92115619141139,49.77381928980926],[17.921105503099163,49.774080014368785],[17.92107487695768,49.774243153178354],[17.921080527621413,49.774795707235505],[17.921080610369824,49.774861884900034],[17.921080660615036,49.77488743614902],[17.921081217510064,49.77522826327284],[17.920973566142873,49.775367022426785],[17.920904597637488,49.77546941249252],[17.920857788690103,49.77552001987749],[17.920704725334446,49.775716329213246],[17.920485750448726,49.77600013144474],[17.92037138010493,49.77615799577974],[17.920234335819313,49.776347390456024],[17.920191400808093,49.77643307175519],[17.92014094616315,49.77661933151002],[17.92002682093545,49.77692986795395],[17.919920753958465,49.77721866906221],[17.919902682075115,49.77725317776109],[17.919762372572883,49.77754060160572],[17.919558695252295,49.778044763042836],[17.91946270725706,49.77825751034961],[17.9194337617173,49.77831990843683],[17.919281953083765,49.77862570561208],[17.919245908057764,49.778694999513604],[17.919007235585713,49.77922301641023],[17.91905063637382,49.77924063930221],[17.91939057907019,49.779383723343706],[17.91952841500718,49.779441824038],[17.919615431742944,49.779478526419034],[17.920770083894684,49.7799636156335],[17.921773127674264,49.780391501935426],[17.922438615172826,49.78070109097236],[17.92219145353745,49.78102684696611],[17.92210461241373,49.78117025840067],[17.922091939094987,49.78119109116503],[17.922041221351623,49.781226754871305],[17.92214755981008,49.781327691398346],[17.922200283039036,49.78137835914786],[17.922367940103033,49.78154626557856],[17.92238601454938,49.78156556138876],[17.922481596243102,49.78159888167143],[17.923130013376035,49.781824319890596],[17.923234950467783,49.781860535269566],[17.924004435691636,49.78215743420753],[17.92447344397526,49.782346887129194],[17.924560141206797,49.78238094851952],[17.92459409091039,49.78239440391952],[17.92483051980692,49.78248833939407],[17.92497146214748,49.782544267622946],[17.925172496393856,49.78262412068246],[17.925947719093532,49.78293199420752],[17.926174288085175,49.7830316680155],[17.926623516748087,49.78322708371527],[17.927072879955062,49.78341058895276],[17.927647484364417,49.78363573598409],[17.927932481058374,49.78373738528969],[17.92797940826402,49.78375376662752],[17.9281869851691,49.78382677520082],[17.92858552618013,49.78396098472485],[17.928977244457258,49.78407818235129],[17.929157807150144,49.78413100961867],[17.929756972079993,49.78424735779251],[17.930634218704032,49.78439118490923],[17.93073173390284,49.78440475044359],[17.931400304702862,49.78456126496565],[17.931618031996894,49.784611570390005],[17.932278159176196,49.78476668231631],[17.93302855711888,49.784940346106985],[17.93337241888562,49.78500498437394],[17.933522674597256,49.785001323412104],[17.93386437821926,49.784986572481394],[17.93424375842896,49.78497059571331],[17.934549459269913,49.78499300474382],[17.934866090799716,49.78510389012176],[17.93494669328109,49.78512576031134],[17.935030357972874,49.78514067797691],[17.935044129758168,49.78514789358497],[17.935121846209874,49.785160476970006],[17.935301344357196,49.7852050167979],[17.935341875247076,49.78526823423023],[17.935297085432214,49.78532140243508],[17.93531901628619,49.785601725126135],[17.935484342473003,49.78573580001294],[17.935427451939628,49.78597350365022],[17.935478289594933,49.78608074631165],[17.93560128477348,49.78617948337191],[17.93557597284751,49.78630185874336],[17.935583847396277,49.78637128943158],[17.935668017670498,49.78641855439616],[17.935750533211696,49.78647168057016],[17.935805678754985,49.78654008621157],[17.93589351810849,49.78660002360362],[17.935914742154722,49.78669767896205],[17.936109654798873,49.78678265949784],[17.936265778762294,49.786972706171674],[17.936418397543676,49.7870080877487],[17.936465407176023,49.78710382141601],[17.93661185862312,49.787114467694444],[17.936676827558188,49.78720141224341],[17.9367507752166,49.78718208744128],[17.93691452819245,49.78722561260967],[17.936978446114782,49.78717925037521],[17.937148440225066,49.78727495791261],[17.93759089940706,49.78730364473771],[17.938263819153892,49.78732649386884],[17.938949292145153,49.78737029484392],[17.939009373865,49.78735340742086],[17.939640796663298,49.78727894304393],[17.94020740060693,49.78719734427753],[17.94080331936313,49.78693059002389],[17.940893843462707,49.78690636432575],[17.941556324256076,49.786611181146924],[17.94224609681382,49.786608091747205],[17.94278315410643,49.78656429360951],[17.942885387426827,49.78656006963724],[17.94355642608087,49.78643734792031],[17.944141861657187,49.78643654360838],[17.94469601704076,49.78644808106549],[17.945128263400687,49.786526966733845],[17.945757762785536,49.78663714800741],[17.945922367707514,49.786671592397006],[17.946333614919645,49.78679311911831],[17.94668007751061,49.78688829054829],[17.946817113110207,49.78697248823082],[17.94770618104427,49.78704907694029],[17.947821842900005,49.787045542869876],[17.94789670996711,49.787068603172635],[17.94805410021262,49.787065791437136],[17.948315889326192,49.787073230690304],[17.948410274169184,49.787065293553894],[17.948549312407284,49.78703008433229],[17.948582355670638,49.787033097802556],[17.948614137607166,49.78704416216734],[17.9486593038367,49.78705023086289],[17.948700647469643,49.787055715158886],[17.948778682327806,49.78706605085554],[17.9486755181396,49.787273069347584],[17.948634522412718,49.787395161307735],[17.948619666798212,49.78743572891058],[17.94865642927567,49.78748409615426],[17.948679393382854,49.78751441521936],[17.948632110553657,49.787683623593],[17.948652491528346,49.78769645933076],[17.948718323214646,49.78771032502102],[17.948778545834124,49.787734424991115],[17.948842994667675,49.78776021615246],[17.94901640558286,49.78782956422461],[17.949068530793976,49.78785273969815],[17.949354896029394,49.78791198417051],[17.94960158218028,49.78804085806666],[17.94982498796303,49.78816069854225],[17.950803338924374,49.78879061307361],[17.95005287137131,49.78948937375706],[17.950339882632445,49.789901348874885],[17.950504392399317,49.790261845777515],[17.950744310407902,49.79074066965368],[17.951188121759273,49.79163870777721],[17.9513517485144,49.792121741196944],[17.951446399053303,49.79240124463618],[17.951455745935775,49.79247328624677],[17.951458769081786,49.79256870035717],[17.95175036832438,49.7931101175757],[17.952243671670093,49.7938613658524],[17.952395557278795,49.794264632253146],[17.952586438395365,49.794390961823154],[17.952756597762082,49.7944948675049],[17.953208581370603,49.794771031848995],[17.953415780811877,49.7948583215667],[17.95347703496819,49.79488410348223],[17.953599541178807,49.79493368109182]]],[[[17.975762489571895,49.82378004434741],[17.97647214223041,49.82392266866139],[17.97660637065604,49.82389553700206],[17.976967989014497,49.823683843641774],[17.977256254362025,49.82380242121624],[17.977603686332927,49.823802393632036],[17.97785836534099,49.82374886154699],[17.97809833135306,49.823707833644164],[17.97829446276879,49.82376544886426],[17.978470281274298,49.82378144309001],[17.978923284036277,49.82371244306336],[17.97929383981295,49.82368956225196],[17.980009194837688,49.82352477154402],[17.98044155439203,49.82353409288036],[17.981043458169744,49.82345179997226],[17.98139120223132,49.823182058381384],[17.981610227874736,49.8231853023975],[17.98212037131357,49.82324941499568],[17.982748577895528,49.82321079651018],[17.98294040570432,49.82333766013926],[17.983093388361603,49.82340359347152],[17.98312184567525,49.823495152848565],[17.983104859871645,49.82356629051543],[17.983108753445787,49.8236910863116],[17.983194291435503,49.823816741694806],[17.983402406169265,49.82393082938566],[17.983777486065286,49.823940693563024],[17.983834517559117,49.82396810657133],[17.983901712763807,49.823909181806336],[17.98427972416912,49.82316466634381],[17.98434026339163,49.82307123373079],[17.98441802923172,49.8229511793452],[17.984551408450425,49.822594151295014],[17.984600020767083,49.8222064753167],[17.98500142982973,49.82178096915547],[17.985114778947523,49.82167895771198],[17.985283024183655,49.821600623953906],[17.98543746237126,49.8212898614708],[17.98537583356929,49.82061758022419],[17.985442209838993,49.82031100288615],[17.985629746790856,49.81988427215775],[17.98575640906891,49.819662074457135],[17.985996659113226,49.81934916203159],[17.986557383555716,49.818748393483666],[17.986716160383175,49.81846658694766],[17.986724091392873,49.818270534548155],[17.986894338510357,49.81756387176126],[17.987033747702046,49.81683005357833],[17.98704345147022,49.81660007308309],[17.98695760163132,49.81639216793968],[17.986936341556323,49.81620037863856],[17.987440926463993,49.815892517503364],[17.987774087987788,49.815723285690915],[17.988281251150934,49.81548128597607],[17.988466647369123,49.81539275124557],[17.988688182701313,49.81524980603002],[17.988825297294728,49.8151613574167],[17.989303317250563,49.81470679765348],[17.989849154633184,49.81435772244149],[17.990045983040748,49.814231936610206],[17.99140831466413,49.8136753127271],[17.99168685359514,49.81364236560568],[17.992163666282973,49.813513410706385],[17.992310786966712,49.813504703425856],[17.9924961041163,49.81340252820841],[17.992624183337227,49.813292609737275],[17.99266235780401,49.813271805790116],[17.992912123940783,49.81313536566155],[17.992960714947156,49.81310884708474],[17.993327305008844,49.81261035019532],[17.993368451747866,49.81232334000219],[17.993440130241847,49.811987099573905],[17.99351844788541,49.8118033443757],[17.993644786253967,49.81163040792111],[17.99371592244481,49.81143504302032],[17.994159004823818,49.81094811170678],[17.994217420754097,49.810891923030084],[17.9941293548589,49.81079456289081],[17.994157391572475,49.81069283290925],[17.994177382105356,49.810542433644244],[17.994184861329533,49.81051461375975],[17.99420568745073,49.81043674747848],[17.994247934090282,49.81032708563238],[17.994212774945677,49.81024958332798],[17.994283281812486,49.81006880501207],[17.994232016816174,49.80997565513457],[17.99445238955299,49.80971790422418],[17.994490105896613,49.8095382030938],[17.99461270344401,49.80945567728221],[17.994648314340278,49.80922972751556],[17.994610771878328,49.80913015215487],[17.994634475168414,49.80908287271178],[17.994625192521966,49.80902600769578],[17.99467787784672,49.80895477304654],[17.994608124488526,49.80874834901593],[17.99469218192886,49.80866611572304],[17.994710845985647,49.80846987400367],[17.994693755673357,49.808376720133886],[17.99475587335787,49.80826757864644],[17.99492706834274,49.8082672156888],[17.99504096245224,49.80832509194571],[17.995123996317773,49.80805278671563],[17.9961828157456,49.80760128258455],[17.996727786050027,49.80762430262719],[17.99727557911715,49.80767429301813],[17.997305271676886,49.80758674028158],[17.997324174405094,49.80753078735769],[17.997857428593715,49.80764248719301],[17.998425768965088,49.80758028803723],[17.99858421907236,49.80757927146967],[17.9986561239407,49.80757874504676],[17.998703285605895,49.80752217314086],[17.99883498867335,49.80763884844541],[17.99895227704824,49.80774277295028],[17.999215887468587,49.807801287880764],[17.999180251306587,49.80769695048934],[17.999134921005858,49.80756388804805],[17.999367361512576,49.807537189855296],[17.99930166373321,49.807408182630105],[17.999499958296393,49.80730467429842],[17.999734223798185,49.807201264286405],[17.999894304608457,49.80722272665202],[18.00021760070681,49.8070756405637],[18.000173541764315,49.80699789547076],[18.000007129811127,49.80670463475007],[17.999837316567884,49.80652771082879],[17.99968129392015,49.806365035483246],[17.999634328828293,49.80643633254],[17.999580856357607,49.80651736234756],[17.99946427680201,49.80667949543858],[17.999445134932454,49.806709979485866],[17.999378847590144,49.806816082867776],[17.99932444060601,49.806871603221595],[17.999271260116128,49.806912210357744],[17.999183731191795,49.80695308352679],[17.999159983554502,49.80696443487018],[17.99915409771424,49.806958587490904],[17.999048410953744,49.806844413160455],[17.998980711782234,49.80676213807439],[17.998900322280914,49.806661705956415],[17.998844044051896,49.80658559894856],[17.998738206085463,49.8064463212917],[17.99869123600245,49.806388626487646],[17.99864934841139,49.806331497034186],[17.998562139198356,49.80621081061215],[17.998499022187193,49.80613575125381],[17.998451511613013,49.80607793471705],[17.998239790555598,49.80584207185101],[17.998015782572455,49.80556902840181],[17.997707339335008,49.80524902537622],[17.997465231735937,49.80499090850709],[17.99721036120836,49.80476355424365],[17.997098859455434,49.80455642636752],[17.99706228732444,49.80448308538454],[17.997043136761825,49.804454172868006],[17.99686311169283,49.80422519906971],[17.99666145666816,49.803996324793395],[17.996295179225342,49.803682170744175],[17.99602309125151,49.80343621260582],[17.995550901680442,49.80277091259492],[17.994887509178497,49.80172388272492],[17.994658302310107,49.801328486996134],[17.994672045283828,49.801320889210615],[17.99462773427243,49.8012863644973],[17.994175252556303,49.80162326583498],[17.99382441025112,49.801873717823504],[17.99335360472498,49.80219682595344],[17.993204943287,49.80235790508933],[17.993047856838462,49.80257780114144],[17.99289486364305,49.80283359021219],[17.992776111844744,49.8028048562399],[17.992677660202695,49.80296388302735],[17.99266644059125,49.80298245912721],[17.99255665630986,49.80307023910145],[17.99231723843575,49.8032380576602],[17.991672849056304,49.80359784796433],[17.991519335724767,49.80367406308933],[17.991253996303538,49.803779264501735],[17.991144007366216,49.80382821637528],[17.99092707941286,49.80392322772793],[17.990757704189715,49.80399915340991],[17.990651560579437,49.804053563553325],[17.990637564312806,49.80406096570876],[17.990435816419378,49.80417021681255],[17.990177003763073,49.80440343356584],[17.990028939935613,49.804557052013706],[17.989885217668974,49.804679328537745],[17.989848465383616,49.80471104600635],[17.989801290901486,49.80475154644985],[17.989658536430326,49.804860790080106],[17.989508876392463,49.80497658340317],[17.989501201456193,49.80498164429576],[17.989346142019414,49.80508909022856],[17.989229786992922,49.80517287557012],[17.989135828061208,49.80523494241843],[17.989095166594588,49.80526164860008],[17.989069301695,49.80527820091742],[17.98885891475125,49.80541953506438],[17.988835350350357,49.80543558899432],[17.988794702824027,49.805463198578295],[17.98873865542418,49.80550128802312],[17.988510030497793,49.80565645723456],[17.988484619365753,49.80567375792859],[17.988368353359334,49.80575285379993],[17.98833347748138,49.805780076142035],[17.98822720191598,49.805841427423886],[17.988001358853698,49.80597247520214],[17.987751092637012,49.80609154341252],[17.987694436932156,49.806127972302015],[17.987537283883363,49.80623637792676],[17.98746484598313,49.806281007566135],[17.987317321525808,49.806373272343386],[17.98722180189899,49.80643046309584],[17.987096495621273,49.80650632501762],[17.98689025314511,49.80662975295127],[17.986739098770762,49.8067190080526],[17.986624201749816,49.80678617630221],[17.98635525719504,49.806943333835484],[17.986321135329696,49.8069781819922],[17.986208556711627,49.807075904892855],[17.986044434325265,49.807173162267155],[17.985587110850894,49.807538099586544],[17.985332754253516,49.807761005170484],[17.985219712162916,49.807840917555616],[17.98495048608167,49.808015116779174],[17.98486523172881,49.80806965242797],[17.984626625339434,49.80822721454928],[17.984572019114562,49.80826592765596],[17.98433889241878,49.808422182710764],[17.983919385032337,49.8086842387411],[17.98379018668125,49.80874181797796],[17.983725284932273,49.80877027403524],[17.983674793374767,49.80878936674485],[17.98327907201227,49.808770262230894],[17.9829288662114,49.8087488356598],[17.98287085358851,49.80873968843785],[17.98235567484481,49.80863050387582],[17.981860847739235,49.80852042317524],[17.981118939449974,49.80829009812405],[17.980930397814944,49.80822344651022],[17.980449614307105,49.80806145848571],[17.980225398011925,49.80799859991233],[17.979743590932944,49.807883218226664],[17.979474195628768,49.80781926687686],[17.979070943230095,49.80771377382346],[17.978840603218337,49.80766490921291],[17.978430106221765,49.80755032684973],[17.97808145882229,49.80746849545375],[17.97768873170134,49.807388703975825],[17.977080097360375,49.80726864509934],[17.976717716374875,49.807223472596604],[17.976474657127575,49.80719291028252],[17.976421108133337,49.80718880350592],[17.976263467941514,49.80717692868056],[17.97611148836528,49.80716547308313],[17.975972272840917,49.80719167970595],[17.975847969358508,49.80721496205631],[17.97571637288722,49.8072395352751],[17.97559122653462,49.807262858619836],[17.97552635864636,49.807274973542825],[17.97547944540888,49.80728334834673],[17.975351882857332,49.807305989313946],[17.975304265298284,49.80731441335868],[17.97524323261484,49.80732602902797],[17.975138531126696,49.80734575668958],[17.97504685604194,49.807363082458686],[17.97492223764503,49.807386616372156],[17.97480550281662,49.807408622762736],[17.97471626676075,49.807425458261704],[17.974675318552425,49.8074360753659],[17.974547180185166,49.80746888246176],[17.974434945871483,49.80749764967928],[17.974306894235035,49.807529829689656],[17.97417404005895,49.8075634453368],[17.97400856994247,49.8075637498058],[17.97386077179781,49.807564359876785],[17.973762339196234,49.80756405011877],[17.973744315866224,49.807564265446906],[17.9736551537833,49.80756449488008],[17.973204040330298,49.80756867249491],[17.97278207697853,49.807569850311395],[17.97220571878849,49.80757594480641],[17.971589105779934,49.80756958383379],[17.97056351891153,49.807587351775126],[17.96992891423761,49.80759401709051],[17.969513265427867,49.80757885074676],[17.968878081083332,49.807550542109816],[17.968395949606865,49.807441682747715],[17.9679919765998,49.80735858528927],[17.967469523592907,49.80726587969325],[17.967152535712383,49.80718017095127],[17.966981223613214,49.807140225775946],[17.966253622783547,49.807002168405795],[17.96593444055594,49.80694530515355],[17.965595374961037,49.80688899806928],[17.96522747259389,49.80679833240496],[17.96477577401248,49.80669339627325],[17.96454545106586,49.80657030096171],[17.964318077686166,49.80645107804246],[17.964129264917638,49.806348454035295],[17.963929016570965,49.80622476228278],[17.963698423127276,49.80608458809347],[17.96346581550345,49.80593283162481],[17.963051568428515,49.80583548635384],[17.962408358818703,49.80566449681108],[17.962227225745075,49.80561900692664],[17.961865852427813,49.8055366540269],[17.961326783121287,49.80537109504082],[17.96057756389345,49.805134066496045],[17.96040843967376,49.805103536382234],[17.960277204283113,49.80517559610305],[17.96025948493724,49.80528388159883],[17.960343486337763,49.80540992191684],[17.96024010966136,49.80551231173368],[17.96028490960003,49.80562938693001],[17.960130067236992,49.805673621073716],[17.96009091134136,49.80576856065909],[17.9602106781737,49.80582302457892],[17.960201086301172,49.805884933092074],[17.960090124351577,49.80593858562692],[17.96003745213889,49.80609556603874],[17.960059045821247,49.80630923274928],[17.959842164257942,49.80655467555489],[17.959945402214505,49.806664776120336],[17.959800383617974,49.8067516490219],[17.959843501457364,49.80680263806513],[17.960024857430113,49.80673629855211],[17.960114658573268,49.806764552216876],[17.960056377262664,49.80691272019491],[17.960249938702578,49.80710346167639],[17.96014376937587,49.80722789547411],[17.959975230637923,49.80720814157452],[17.95989563971472,49.80741320195297],[17.95999150703194,49.80754119771275],[17.960142670262897,49.80755551544092],[17.9600988609456,49.807651808682046],[17.960289250530618,49.80790645741341],[17.9605001383113,49.80797273128504],[17.96060093767826,49.80822567807253],[17.960513802057022,49.808363678991],[17.960729028847403,49.80845692540574],[17.960844811739534,49.808691427085506],[17.960474407369183,49.80874097245357],[17.960336412247006,49.80887456464129],[17.960168535770375,49.80888509077533],[17.960240294626907,49.809081099239556],[17.96031115308694,49.80934873029651],[17.960299587165363,49.809469922012916],[17.960387665513412,49.80952362139532],[17.960270507019597,49.80979112638772],[17.960432325109487,49.80994643565369],[17.96034805825248,49.81008785351806],[17.960367674288687,49.810238575778826],[17.96026429398383,49.810345930715776],[17.960401601196715,49.81038670180194],[17.960446357478567,49.81050512792138],[17.960374466449167,49.810597708372555],[17.960502875649592,49.810769575683985],[17.96040602557064,49.81087911678014],[17.960580275013186,49.810976203153004],[17.960498398296266,49.81109943545058],[17.960555201803295,49.8112535886672],[17.960679708013696,49.81121796620164],[17.960761320953225,49.81131714584782],[17.960597298940446,49.81145427695228],[17.960604606465356,49.81158920643575],[17.96078486334201,49.81165116596409],[17.960774442950463,49.81170499200741],[17.960936935920532,49.811764291142026],[17.961111201098777,49.81182219982219],[17.961022648771586,49.81194829317599],[17.961114032944014,49.81201536382277],[17.96120647131883,49.812157059481365],[17.961303560563817,49.81220017955317],[17.961372942382525,49.81224592769288],[17.96158437163768,49.81239266104597],[17.961709729666023,49.81253338571682],[17.961820000602014,49.81253692235994],[17.96186999116503,49.81253857140329],[17.96199860447301,49.8126669377367],[17.962063635537394,49.812779051628006],[17.962375133917067,49.812981623693275],[17.962730497336263,49.813239919676114],[17.96292047140527,49.81330930202336],[17.962966526235167,49.813395395029666],[17.963345341089305,49.81348516587025],[17.963691337932836,49.813602271365546],[17.964272508709378,49.813695521267896],[17.964658167211876,49.81390962734696],[17.964937269973472,49.814114547355246],[17.965266000745608,49.81428363075172],[17.965459010800362,49.81444056687154],[17.965493667817313,49.8144591948092],[17.96561389094695,49.81452360765163],[17.965660302115666,49.81464429343264],[17.965712035188186,49.814711668591535],[17.966021763545623,49.815164896506886],[17.966110071521534,49.81543173156816],[17.966174413919376,49.815670270558876],[17.96615801065583,49.81592866141989],[17.966239884590724,49.81633206122456],[17.966358911300546,49.81675522664944],[17.966368811255098,49.81679037648019],[17.966382074420597,49.816837457228964],[17.966075288606334,49.81691871128496],[17.966358480449045,49.81690378602884],[17.966397689314405,49.81690173593245],[17.966679815146048,49.816880428946966],[17.96693125473036,49.816918267019005],[17.967454239211673,49.81690755007953],[17.96814823407898,49.816913104002545],[17.968373864097096,49.81697904507385],[17.968523772992793,49.816871142005205],[17.96862918355841,49.81692475925459],[17.96906724510582,49.81685754826598],[17.96916697187055,49.81685270050662],[17.9698063047716,49.816831954333864],[17.970078365800127,49.816668240016334],[17.970497093229994,49.816504213105524],[17.97079103910784,49.81653232981982],[17.971183311089995,49.81641207662034],[17.971265463065055,49.816332905767],[17.97143519908088,49.8162479079811],[17.971921581423945,49.81622944537966],[17.972061232056937,49.81630473010544],[17.972470892674192,49.81605125392129],[17.97284318985963,49.81592107753057],[17.972980500598883,49.81576919768363],[17.97316103243992,49.81583440189298],[17.973285852532957,49.81571618782262],[17.973636637409466,49.81582117308942],[17.973745121989754,49.81577936923055],[17.973781972577466,49.81583847238997],[17.9738639331548,49.81582491460784],[17.97392495877314,49.815921892494124],[17.97418120401961,49.81585582385673],[17.97457455000598,49.81585829835259],[17.974751737599725,49.81597069677147],[17.974934220290802,49.81590033704614],[17.975393082861732,49.81595843303756],[17.9755279291681,49.81592971489251],[17.975591672155726,49.81607947654433],[17.975522435174412,49.816237483643036],[17.975711672497443,49.816385695653864],[17.975935194575065,49.816793347734375],[17.976170506250323,49.817184443161565],[17.976190562566163,49.817217835209235],[17.976193796965795,49.81721865513457],[17.976234195883045,49.81722912805826],[17.976151143425298,49.81783623242894],[17.976089607490078,49.818447115161895],[17.976031170219507,49.818827721534575],[17.975998869987848,49.81900304145632],[17.975935914627556,49.81923534417257],[17.975876288103336,49.81940248574454],[17.975658749547915,49.819922063507235],[17.9754845874098,49.820333222522535],[17.97526900364899,49.82082159021082],[17.975192879068036,49.82102008861162],[17.97509307939464,49.821433223873555],[17.975027056255538,49.821718696846695],[17.975005857912496,49.821861262623734],[17.974880499132105,49.82226451668514],[17.974926052861004,49.82228612178213],[17.975222215026186,49.822740513013265],[17.975352656404528,49.822903359094106],[17.975514257474998,49.82309401390086],[17.975541177913453,49.823107133367934],[17.9760559272987,49.8232083702638],[17.976044838840938,49.82323697272687],[17.975989607379116,49.82340157150758],[17.975944846281813,49.823560099059065],[17.97577994722767,49.823760839036275],[17.975762489571895,49.82378004434741]]]]},"properties":{"id":"obec-599247","code":599247,"name":"Bílovec","count":1851,"kind":"Celá obec","parts":["Bravinné","Bílovec","Lhotka","Lubojaty","Ohrada","Stará Ves","Výškovice"]}},{"type":"Feature","geometry":{"type":"Polygon","coordinates":[[[18.112256831772196,49.766320763291624],[18.11229555034711,49.76634652826769],[18.112554191780898,49.76651859466501],[18.112626777007595,49.76656686922349],[18.112926824590126,49.766766477326236],[18.113065228166658,49.7668584881878],[18.113127592518527,49.76689995188275],[18.11333135888036,49.766566433621286],[18.113492967918113,49.76636878293513],[18.11363170964557,49.76626658224906],[18.113724597073432,49.76622494578171],[18.113820054049686,49.76618183116145],[18.11407245768884,49.76611273629797],[18.114144794270516,49.766093123474185],[18.11422409642155,49.76607147085607],[18.11453395258652,49.76602460443084],[18.114872049194236,49.76604369942288],[18.11536382252426,49.76608446057019],[18.115442218904075,49.76609100548959],[18.115579600668156,49.766102356872466],[18.115845227456212,49.7661164153444],[18.11599321651078,49.7660968717293],[18.116319839554556,49.766053754315955],[18.11648428136304,49.7660320791923],[18.11701120873051,49.76589098695199],[18.11712517920558,49.76584080199239],[18.11723960075649,49.76579037187585],[18.11812264918389,49.76535196180817],[18.118646793756913,49.7650004097974],[18.118908904237017,49.76489359016462],[18.119313232481677,49.76479017950649],[18.119972988929213,49.7646650365872],[18.120363860293455,49.764524212397994],[18.120418632938414,49.76461442857167],[18.120738217763584,49.76514031713387],[18.120750980273865,49.76516126120299],[18.120753943001045,49.765166123218776],[18.12077922799775,49.76520772691257],[18.12085701977774,49.765192031107524],[18.12092292174655,49.76517872668458],[18.12094211858261,49.765174856103584],[18.122314865300904,49.7648977958242],[18.12277932408656,49.764804025507445],[18.122972582407613,49.764765029127425],[18.12300380674622,49.76475877444085],[18.12305452842522,49.7647484854406],[18.123245212393766,49.76470997383117],[18.124688565903686,49.76441858593526],[18.12473198003009,49.7644097755903],[18.125166775319304,49.76432197929921],[18.125784503121782,49.764197300611066],[18.126763535060775,49.76399958770532],[18.12703486352117,49.76394481103234],[18.12727911149322,49.76389553254994],[18.128039011460935,49.76392758166586],[18.1287524164058,49.763967540267615],[18.12923246691736,49.76397337060789],[18.129348666376448,49.763970323892934],[18.12940292124857,49.763968897655516],[18.129425450251432,49.76396304921532],[18.129502551440282,49.76394315697724],[18.129532168477148,49.76393744097393],[18.130356705198874,49.76377739113788],[18.130507170146124,49.76375797077875],[18.130910640347217,49.76370582774193],[18.131388934814563,49.76364954514],[18.13205093927251,49.76357320182459],[18.13305015643009,49.76349147936663],[18.133202127420954,49.763511311368674],[18.13325607048132,49.76351834949754],[18.133743091783277,49.763581688441235],[18.133927793627084,49.763605726843004],[18.13427227591076,49.76365058097783],[18.13593487030291,49.763870082597066],[18.136085033988316,49.76388989826218],[18.13651416211582,49.7639465957672],[18.13749728535967,49.76407628650571],[18.13818445877042,49.764166953236966],[18.138874640243476,49.76425805742363],[18.139116248869758,49.76428992289192],[18.140043931850695,49.76441238083445],[18.140401757532363,49.7644595986835],[18.141175996849356,49.76456178036021],[18.14180623258212,49.76464494989953],[18.142232644701092,49.76470120070586],[18.142421003309494,49.76472606461179],[18.142673154326197,49.76475933329143],[18.14302852035413,49.764806222672995],[18.143434941420924,49.76485989000985],[18.143477243337347,49.764865450161516],[18.143644665678398,49.76488749901422],[18.143716254937438,49.764896977863835],[18.143870391937007,49.76492350689428],[18.14449101706883,49.7650303938087],[18.14449792433932,49.76503701325627],[18.144535806376943,49.76507318845053],[18.144542107106318,49.765079141703126],[18.144545302376414,49.76508230138258],[18.145086801109034,49.76519218492064],[18.14514524593683,49.765204075714095],[18.145759003712893,49.76514955587885],[18.145790029477723,49.765146803851735],[18.14582712211781,49.76514349356208],[18.146054313542184,49.765123353109885],[18.146327006119563,49.76515723774519],[18.146740007165434,49.76520864927906],[18.147043671947987,49.76524636526647],[18.1471652185321,49.765261474060566],[18.147618648794243,49.76531788364418],[18.14777732888814,49.76533762540655],[18.148257079111655,49.765397240306726],[18.14838712403919,49.76542266730826],[18.148926047966977,49.76552796398298],[18.150000103627075,49.765737792918046],[18.15058238925969,49.76576250901268],[18.15131015840945,49.76576956861763],[18.15199020867218,49.765776084478084],[18.152376087156203,49.765715831089814],[18.152580483967274,49.76568391664326],[18.15320391903544,49.76558658590614],[18.1532965326336,49.765578658642],[18.153925195330253,49.76552512166232],[18.153959864417505,49.76552221296874],[18.154031475479183,49.76551607310968],[18.154075476270766,49.765490498671085],[18.154098946494333,49.7654487789597],[18.15406520377674,49.76542935787276],[18.154167122627126,49.765393798915326],[18.154187594183874,49.7653866559888],[18.154312317758084,49.765343183702115],[18.15439637404361,49.765263472150814],[18.15441185543007,49.765248916539576],[18.1544913887709,49.7650974696209],[18.154531851965068,49.764919621200136],[18.15452941716741,49.76461786349651],[18.154526352353653,49.764255782192265],[18.154528661084537,49.76411593328826],[18.15452903057206,49.76409050336442],[18.15453239087366,49.763885101354546],[18.15454523094762,49.763099920620455],[18.154548204369235,49.7629190449689],[18.154553405214028,49.762602016016395],[18.154558553550256,49.76257730816858],[18.154562597553596,49.7625576820608],[18.154609754897724,49.762329220933225],[18.154612585672183,49.762315482655254],[18.15462257460063,49.762267313033355],[18.154716587269263,49.76209836566611],[18.154733703979144,49.7620675672427],[18.154762235813685,49.76201620667541],[18.154956867818303,49.7618315719089],[18.155106142973853,49.7617320908115],[18.15528526994461,49.76161273115358],[18.155438363234904,49.76151075853226],[18.155983164660753,49.76118640078187],[18.156085279562195,49.76112558146045],[18.156125276196136,49.76110176514392],[18.156200120935218,49.7610571800494],[18.156250877435944,49.76102693376823],[18.156431240579334,49.760919014335336],[18.15663447588779,49.76079749911076],[18.156868786812687,49.76065734744733],[18.15750213105688,49.76024765876009],[18.157774473626482,49.760081682251155],[18.158264817788318,49.75975386957325],[18.158554235987513,49.75956042971348],[18.158726387621773,49.759446175861356],[18.159061360214963,49.75922381761801],[18.159109703736668,49.75919180910613],[18.15916013093881,49.75917119996503],[18.159271754972796,49.75912553753319],[18.15931864626764,49.75910635258458],[18.159333390733927,49.759100328590925],[18.159893389170684,49.75887148936108],[18.16036406102182,49.758725403441034],[18.1609540748586,49.75863128905252],[18.161751041062704,49.758545910680624],[18.161864036268295,49.758538589925365],[18.162843749439084,49.758475102588115],[18.163461585179274,49.758366757110394],[18.16352778985307,49.75835516182756],[18.16368951884133,49.75832839612727],[18.163805778851724,49.75830925501902],[18.16382459644521,49.7583060783057],[18.16394955573668,49.758285443921466],[18.16437606485323,49.758242526638156],[18.16460952872177,49.75824166009211],[18.164651620379004,49.75824151514186],[18.164816091665365,49.75824089525108],[18.165177338800397,49.758230472275166],[18.16571480652168,49.75820357607173],[18.166059713226698,49.75804051511951],[18.16667651495856,49.75857323228796],[18.166757376664666,49.758643057823235],[18.16816497663321,49.75985874895336],[18.16828440087162,49.759961890464766],[18.16840795760487,49.759982686851714],[18.168669095116574,49.760026696849906],[18.168747689502382,49.76003998624619],[18.16878801160767,49.76004677913671],[18.16895516093073,49.76007491375326],[18.16987137469299,49.76020569314967],[18.16989994578868,49.76020974543665],[18.170183982712892,49.760220300591826],[18.170356290128016,49.76022670384512],[18.170633492164,49.76021250403543],[18.170954886417917,49.760196018785344],[18.170969315042726,49.760194397773205],[18.17171220091101,49.76011230154867],[18.171971834066575,49.7601023399559],[18.172015803595507,49.760100673928356],[18.17229406687581,49.76008995973318],[18.17229684540568,49.76006105644359],[18.17229828943172,49.7600451639018],[18.172299878225534,49.76002819654867],[18.172303272962747,49.75999264962503],[18.172305471460888,49.759970121264594],[18.172314749888244,49.759872273745195],[18.173817353364836,49.75927464147049],[18.17475294306234,49.75888068553515],[18.174824003614592,49.75885266225509],[18.175011572021006,49.75877878713222],[18.175190890876042,49.75870823610205],[18.175450535306776,49.75852634313931],[18.175483150085928,49.758503457545366],[18.17548382278684,49.75802968705553],[18.175244898607417,49.75758479621451],[18.17515724835057,49.75728283332091],[18.175163398686962,49.75669286002609],[18.175256577734896,49.75645084178719],[18.1750703543724,49.75599638283634],[18.174924184140824,49.755859066732775],[18.174774778578104,49.755727163031835],[18.174652857346757,49.75553390835801],[18.174622957571962,49.755492147986],[18.174557294790787,49.75540044417268],[18.174339819369727,49.75524853840885],[18.173873288318514,49.75492272469834],[18.173628708183195,49.754700064031724],[18.173369241160806,49.754463836076496],[18.173532460902404,49.75426963883765],[18.173808788835895,49.75394095459217],[18.173818078970303,49.75393299619665],[18.173847156220354,49.75389808851728],[18.173854643557817,49.75388903548313],[18.17388524322299,49.753850062360485],[18.174393499105996,49.754128687799906],[18.174902807868126,49.75413671205435],[18.17537245239707,49.75409583392545],[18.175743891306826,49.75392973453616],[18.175863309333092,49.753880797975945],[18.176018736036763,49.75366368551839],[18.176071535201135,49.75352082570598],[18.17616097126774,49.75327859556568],[18.17635085742516,49.75284475557539],[18.17648951660622,49.75255864737549],[18.176584882770957,49.752312690854204],[18.17655326215919,49.752147101816504],[18.1763117733147,49.75192426004072],[18.176433215887567,49.7517991768408],[18.176699705518658,49.75152471291278],[18.177170889406813,49.75103952841087],[18.177178374842622,49.75066406280663],[18.17718171099686,49.75049539475361],[18.17721379425372,49.75047951838406],[18.177252041386538,49.75042094128817],[18.177360654356544,49.75025452041761],[18.177399586661753,49.75019498925322],[18.17723252134827,49.750130228366935],[18.176707465356184,49.75000562234945],[18.176514972920387,49.7500025081028],[18.17562345619812,49.74998967761194],[18.17542753948396,49.74996750591607],[18.175206734406462,49.74992948747293],[18.175157738561122,49.74989819976288],[18.174963636408894,49.7497745989864],[18.174784308603282,49.749650930308526],[18.174470131173447,49.74950673419364],[18.17416577920961,49.74935578223952],[18.173694716206562,49.74893990896011],[18.173021201134734,49.74810673468059],[18.172546673921907,49.74746539555192],[18.172237679792584,49.74708530089369],[18.171342734544268,49.746549151110564],[18.170637182990475,49.74628732554362],[18.16959396761279,49.74599186564134],[18.168846033158047,49.745890713341616],[18.168284159817674,49.745790696791865],[18.16761992845108,49.74557279463685],[18.16712369258113,49.745305100100325],[18.16647149018311,49.74484094542579],[18.165983763095873,49.744249816630614],[18.165638932076288,49.744356199365505],[18.165183007298563,49.743840240275645],[18.164652342236952,49.74344694055674],[18.164066108358842,49.743151843741735],[18.162348460537018,49.74251596589121],[18.16128069487954,49.74207815115269],[18.160539655171334,49.741678599307605],[18.160017855423494,49.74126646305714],[18.159620563973238,49.74079549450385],[18.159340558855376,49.74027792104485],[18.15927483702814,49.7400197777664],[18.15928761409084,49.73887935920114],[18.159333266727177,49.73846868330368],[18.159250067949703,49.73802733109144],[18.159078455878063,49.73763647357308],[18.158871984586852,49.73727694312513],[18.158681856225297,49.737061567929956],[18.158201452926736,49.736684706867855],[18.15781969104174,49.73646541847744],[18.15612469633238,49.73583829422439],[18.155399719987702,49.73553013453613],[18.154900375190106,49.73527221895963],[18.15451109886746,49.73504482059335],[18.154412233911824,49.7349870482641],[18.15435157702326,49.73495156887753],[18.154370211730534,49.73493421414428],[18.154324070070523,49.73490777085057],[18.15430514688699,49.73492519947008],[18.153377192171078,49.73438277136135],[18.153397082791145,49.73436539775181],[18.153344823897307,49.7343409536117],[18.15332774714765,49.73435604999359],[18.15319562155852,49.734291967575444],[18.153112108537854,49.73425149067843],[18.152949665501176,49.73417269194183],[18.15246629185574,49.73398642827501],[18.152010233829497,49.73385775894897],[18.15165794302698,49.73378353083297],[18.151414919249802,49.733732288026125],[18.151218237148807,49.73370289785671],[18.151083391225132,49.733682701798664],[18.15090104962839,49.733655388275665],[18.150903863326004,49.73354589073793],[18.150753269966273,49.73355259862345],[18.150424434525,49.733557314930245],[18.149990123635273,49.73362644209055],[18.149727293228484,49.733738332015605],[18.149630260955032,49.73379383635521],[18.149530811801547,49.73385073776396],[18.14942099471683,49.733891617431986],[18.148995619649117,49.73405123055105],[18.148904091409193,49.73408556653522],[18.14880741157689,49.73414154154982],[18.148670129293844,49.7342393456923],[18.14847524520503,49.73431619061117],[18.148373037118635,49.73433990194271],[18.1481963830203,49.734339531768136],[18.14779958841611,49.73427314486883],[18.147619950704463,49.73425157545547],[18.147431458935543,49.734202788174315],[18.147313937563226,49.73411209074613],[18.147183294825407,49.73392786793647],[18.147182293791566,49.73370858602061],[18.147296586096036,49.73352743815996],[18.147367388558976,49.733452756899986],[18.147428547962175,49.733346390806076],[18.147409411390342,49.733253065617426],[18.147190862871064,49.73305681233504],[18.147083746738048,49.732890170410585],[18.146934640062238,49.73272926709626],[18.146625480063282,49.73261830172022],[18.1464369879685,49.73260768952769],[18.146159426753503,49.73261837348115],[18.145950812524763,49.732656708552895],[18.145812179345327,49.73274594896822],[18.145804827248835,49.73279210223872],[18.145785729751797,49.73290970101829],[18.14575112070857,49.73297723085564],[18.145749588497832,49.733278048706794],[18.14571107991112,49.73333940037968],[18.145502643826113,49.733346517274946],[18.145199956190027,49.73329891266978],[18.14500398985765,49.733238505195125],[18.144738732434693,49.73311694133553],[18.144684113384574,49.73306158249343],[18.144653632444918,49.732856510127924],[18.14472070917061,49.73277954283049],[18.14473875876618,49.73275520670758],[18.144792148887987,49.732683689549305],[18.144850626719684,49.732560114279664],[18.14479439726774,49.73246414014914],[18.144686327980704,49.73242821869712],[18.14416413160992,49.73237391994105],[18.143871434812244,49.73236884687671],[18.143657491756493,49.73237140553392],[18.143586783906127,49.73236296657286],[18.143550919513775,49.73231823930534],[18.143517215465508,49.73227607159122],[18.14350215097391,49.73213414933236],[18.143568809540284,49.73186564054499],[18.143653873897286,49.73169168010301],[18.143671578933986,49.73166371440574],[18.14375847271344,49.73152668133915],[18.143855405906095,49.73140086844018],[18.14391097578009,49.731370901908576],[18.143931252403277,49.731359959695],[18.14421178508248,49.731252066506514],[18.14425075618514,49.7311502176454],[18.144133834350438,49.73098617396397],[18.14395611889467,49.73098961730421],[18.143696928223516,49.73105088771849],[18.143502821946335,49.73106639583236],[18.143346311189458,49.73107880466789],[18.142953121167714,49.73104365140213],[18.14275257482034,49.731001752004325],[18.1425861756065,49.730917387439725],[18.142478749024935,49.73083556094032],[18.142438347786722,49.73080483552023],[18.14224817464438,49.730727422992786],[18.142167499228385,49.73072166581337],[18.142094933382232,49.73075066584066],[18.142033833198152,49.73082770060541],[18.14214269656254,49.73103686716341],[18.142172315318145,49.73109378543616],[18.14217454814543,49.73114625954683],[18.142136263183385,49.73119255057369],[18.142198347782205,49.73129048367124],[18.142212830464246,49.73129870736622],[18.14226480476889,49.73132828531901],[18.142345759932006,49.731309328711596],[18.142707211543197,49.73122498977522],[18.142769123208147,49.73119240567945],[18.14288635784569,49.73113065374265],[18.142930559540996,49.73110753286507],[18.143344079182715,49.7311447436107],[18.1433547868148,49.731166471269866],[18.14337334820263,49.731204258981684],[18.143422994940465,49.73130563638349],[18.143360873647246,49.73136654856934],[18.14329460250598,49.731431376654825],[18.143285968385776,49.73143756493905],[18.14310062989161,49.73156945638875],[18.142913902340275,49.73151390185329],[18.1426682733581,49.7315077990621],[18.142507847158612,49.731579010416624],[18.142342683873036,49.731652299032056],[18.142120554427105,49.73169996777909],[18.142006217660985,49.73164040202322],[18.141960827760453,49.73161670358114],[18.14180954252592,49.73147823213007],[18.141779051396696,49.731450416203835],[18.141750187031185,49.731423956257714],[18.14175833725211,49.73137089880266],[18.14175540363879,49.73128345658056],[18.14146896770557,49.73130626032163],[18.14117165197104,49.73139405974867],[18.14095451257973,49.73138939178085],[18.140832163301912,49.73132422492527],[18.14069637312407,49.731232842424966],[18.140627861024406,49.73103318777543],[18.140859618499313,49.730543734118406],[18.14105545779642,49.73044231686122],[18.14122716014985,49.73038140553246],[18.141534145238634,49.73024677242424],[18.141611825015246,49.73018304482103],[18.141909112821274,49.72979578054664],[18.142082053907643,49.72951255283702],[18.142043664906446,49.729444305628],[18.141829401425444,49.72935460243819],[18.141657736273423,49.729346291721846],[18.141370800176148,49.72924830626944],[18.141264539757778,49.72912701326575],[18.141020942968204,49.72899890802671],[18.140755313770285,49.72884635471579],[18.140385887956867,49.72883122485166],[18.140323862920795,49.72889141896493],[18.14040975315567,49.72908402930871],[18.14044673523149,49.72917810018535],[18.140480999297534,49.72937770413406],[18.140493797688997,49.729642334557205],[18.140364249177544,49.729702481695654],[18.140071327362612,49.7296281604468],[18.139760090108314,49.729552346068715],[18.139061342978184,49.729622826732125],[18.138865789797403,49.72958833405578],[18.138655108176895,49.72954937080139],[18.13843989543389,49.729223862773175],[18.13817824193228,49.72912532087401],[18.13824656258895,49.729057723790056],[18.13836438108205,49.72894330093452],[18.138472044780187,49.728829834979116],[18.138557271271118,49.7287196060541],[18.13858260376875,49.728569418959786],[18.138458944678963,49.728439913370686],[18.138395461658614,49.72828242037773],[18.138324320656967,49.72820725520155],[18.138194648596876,49.72819834826292],[18.138116974621376,49.72825070200286],[18.138098430304584,49.72838466823418],[18.13807408058383,49.728535813738965],[18.13802404917167,49.72877385811698],[18.13797512942033,49.72896458212236],[18.137930069729105,49.729043429616276],[18.13749243305245,49.72888208105499],[18.1373483537472,49.72868742262713],[18.137259765748542,49.72858788874926],[18.13714729918114,49.72848167190914],[18.136929518053076,49.72829356197412],[18.13677558778593,49.72819744187596],[18.136457624837977,49.728055168994054],[18.13613024944275,49.728074005868905],[18.135827180343536,49.72805830295349],[18.13530651788712,49.728018760071194],[18.135185484808154,49.728139405419455],[18.13514020005226,49.728182859426205],[18.135079630648747,49.728251798367715],[18.135047088467815,49.72829985813864],[18.13509706241583,49.728387359761285],[18.135061704753326,49.728408905000656],[18.135017845790568,49.72843565269713],[18.13494318630165,49.728481136154336],[18.13463520304884,49.728566506872376],[18.13444356517466,49.72864197893925],[18.13443150779444,49.728646708305085],[18.13423420625095,49.728730071057164],[18.13408073085986,49.728808525940664],[18.133921160100236,49.72886515321594],[18.133577377711852,49.728878627407155],[18.13334502807431,49.72892055332599],[18.13333332222285,49.728922685197176],[18.133097114181187,49.72897973445471],[18.132883746390004,49.72904701814461],[18.132443147709846,49.729116353512545],[18.132229049723453,49.72915200528517],[18.13199558716414,49.72917437024564],[18.13163462276041,49.72920879307695],[18.13147357437545,49.72932255489419],[18.131376567279037,49.72939113334931],[18.130782235721842,49.72925188823358],[18.130722722274765,49.72923794092361],[18.130375407966696,49.72951384757308],[18.129959730184837,49.72968179750056],[18.129928993587708,49.72967743040059],[18.129893150154274,49.72966862083865],[18.129838976582345,49.72965533809604],[18.12949708914588,49.72957152310703],[18.12914643273439,49.72963053329484],[18.129091574412982,49.72963977504455],[18.128895896064442,49.72968125321574],[18.128658480411648,49.72971836908952],[18.128575547992334,49.72973133723136],[18.12825679848144,49.72978503139287],[18.128247538207,49.729786579988065],[18.12817596355969,49.72980615143009],[18.128071755204928,49.72982918969634],[18.128032095289015,49.72983929639294],[18.12798344025626,49.72984591244534],[18.127973672012857,49.729854291510236],[18.127877993188754,49.72984315720489],[18.12751242831107,49.72980049838587],[18.127437015117575,49.729788802904665],[18.1270822819261,49.729734033494076],[18.127007823580026,49.72973584018299],[18.12695208647969,49.72973717867931],[18.126229690334522,49.729754881764585],[18.126154114416156,49.7297567145164],[18.125507559047875,49.72973775680176],[18.125362486294733,49.72973355434692],[18.125136619177038,49.729699838545],[18.124929996130348,49.72970801422117],[18.124886695971433,49.72971312894901],[18.124650097801418,49.72977293767396],[18.124596325752943,49.729786481288436],[18.124284618864994,49.729865206001875],[18.123920758421786,49.72994655426513],[18.123602922883133,49.730028357817915],[18.1232539322444,49.730074990567694],[18.123221082469136,49.7300779925194],[18.123168059663993,49.730071631643355],[18.1230460394173,49.73006684459948],[18.122675277913267,49.73006250399928],[18.12248947552467,49.73009577985679],[18.122316539591047,49.73012247796061],[18.122253378146315,49.7301590422863],[18.12210105418243,49.73024729611153],[18.121748003602004,49.73035154733788],[18.121611658789096,49.730391792517665],[18.12112752942794,49.730532345167504],[18.121077819893785,49.73055595675913],[18.120740703929595,49.73071616977323],[18.120641100045287,49.7307698805634],[18.120511329368128,49.73083965209675],[18.120466257714078,49.73086704783877],[18.12041848372553,49.73088562491731],[18.11988180434085,49.73113735142811],[18.119823808996006,49.731164551710584],[18.11969996807545,49.73124088820986],[18.119626480052816,49.73129401126785],[18.119588665460782,49.731321278924796],[18.119418726362397,49.73144282284219],[18.119351595165895,49.73151887227122],[18.119222423343228,49.731610879787354],[18.119185445007584,49.731637111941666],[18.119164766139495,49.73165199855106],[18.119145050004537,49.73166594722874],[18.11897239508192,49.731466835380715],[18.118952247306186,49.73142958404455],[18.118877353893872,49.7313689035046],[18.11866294810485,49.73127634995794],[18.118253739359307,49.73111302810686],[18.11784615167749,49.73095214377024],[18.117611300111502,49.73085842207331],[18.117497435118334,49.7308130276952],[18.117187830477647,49.730652493944376],[18.117012416049715,49.73054149204313],[18.11687533687594,49.730454789241975],[18.116576836050257,49.730198131759224],[18.116296990143976,49.72992818661092],[18.11623048862967,49.72986419192497],[18.116212264660707,49.72984663538448],[18.116186170595235,49.729821409361364],[18.11570993638811,49.730175486897586],[18.115626586736237,49.730239688178195],[18.114436760548966,49.731086739082585],[18.114169337256094,49.73126878196496],[18.11394873705239,49.73139004549815],[18.113467717528824,49.73158535125383],[18.112875870448672,49.73176106260994],[18.11217338140812,49.73203163452218],[18.112137105626264,49.732041387738384],[18.112085640100883,49.73205532836982],[18.11206771554033,49.732060172014194],[18.111809153561662,49.732180980162944],[18.111614532622518,49.73230363243921],[18.11159483490267,49.732319476437134],[18.111475258714794,49.73241554411959],[18.11146729912065,49.73242185906473],[18.11140929455571,49.73246855055782],[18.111325281946666,49.73256727993964],[18.11128121367142,49.732619008984],[18.111187861874487,49.73275060034685],[18.111043035672516,49.73296382428444],[18.110864367201838,49.73324163576378],[18.110664628066882,49.73354947320245],[18.11041149539164,49.73395201084546],[18.11036738139891,49.73402557928676],[18.111444947651755,49.73434612887796],[18.11145873440664,49.73435124815097],[18.111496221284366,49.73436539204418],[18.11140958918368,49.734529498726815],[18.111408443700793,49.73453178002823],[18.111400388810786,49.73454801782524],[18.111261991825625,49.7348399522711],[18.111272334638684,49.73508974247036],[18.111180478707738,49.735367094301715],[18.111615695168428,49.735809554899255],[18.11174336860021,49.73590096140551],[18.111756511697717,49.73597436842793],[18.111880813442628,49.73666867940423],[18.1120911911748,49.736897573374264],[18.11187765693147,49.73716852278176],[18.111782010164237,49.73721035865994],[18.11175932173284,49.737220526405615],[18.111278958137135,49.7371573679893],[18.110986229181712,49.73714201341391],[18.110746493262678,49.737217322644376],[18.110596256873038,49.737240697850424],[18.11059454991716,49.737240961441145],[18.110525527727777,49.73725083078389],[18.110512606652083,49.737248558835475],[18.110426772390895,49.7372335502991],[18.110387318248243,49.73722669497456],[18.110157053598694,49.73724459866038],[18.110088087156473,49.737249958076525],[18.110021368243455,49.73725517498759],[18.10995174734148,49.73726022619225],[18.109786615093224,49.7373388899707],[18.10973162267677,49.73736643790637],[18.109660134491353,49.73743645777128],[18.109614509328182,49.73756824594086],[18.109727343790926,49.73774527371999],[18.109767693003466,49.737808049522314],[18.109757963512138,49.73786426582256],[18.10963859636218,49.737989407167255],[18.109507761443414,49.73812616868975],[18.109371792627407,49.73820848269037],[18.109209896611873,49.73831043647471],[18.10906341694178,49.73835839387716],[18.108905157093503,49.73840080462472],[18.108874821868707,49.73840882038799],[18.10878401969548,49.738395512757386],[18.108554434597412,49.738327437274584],[18.10852496848026,49.73829217908436],[18.10852766677381,49.738209838009226],[18.108530740612416,49.73811551415754],[18.108618683074923,49.73808019058342],[18.10865696256249,49.73806495663188],[18.108852474935677,49.73788269861883],[18.108896355155103,49.737791426755344],[18.108852303902335,49.73772618277871],[18.10878387491573,49.7376230829308],[18.108584473315787,49.73740573022916],[18.108358845973854,49.73745097245451],[18.108049564975424,49.7375768207723],[18.10788250437667,49.73764607547687],[18.10777636406129,49.737584776717284],[18.10769955298926,49.73748291230184],[18.10763354394165,49.73739583510691],[18.10755329828103,49.737289532311294],[18.107562052989273,49.736913749102776],[18.10743652993839,49.73675124745914],[18.10738952353594,49.73669034683659],[18.10736243679136,49.73670008206632],[18.107288873667713,49.736725936503824],[18.107110051449418,49.73678747821345],[18.10696541568272,49.73683725307918],[18.1068886909506,49.73679622642109],[18.106635510570605,49.73702464872602],[18.106502488645106,49.73714467499119],[18.10643476682705,49.7371828668504],[18.10632382513268,49.73730027307023],[18.10630891956617,49.7373156680318],[18.106247719971687,49.737375533130994],[18.106183439787728,49.737437568937715],[18.106027900598566,49.737540874537935],[18.105984786392124,49.73757117527744],[18.10561830789378,49.73760656149015],[18.10542445390854,49.73769359745876],[18.105416870713587,49.73770020435171],[18.105306409698514,49.73779254563354],[18.10508217824655,49.73797902455243],[18.104942991875138,49.73809517716183],[18.104907358994616,49.73812473162651],[18.104756557819915,49.73816142553941],[18.104511103085027,49.73822132308403],[18.104306966644888,49.738211916257285],[18.104153386919148,49.738161532467835],[18.104028465732593,49.73822091475774],[18.10396267565835,49.73833701794585],[18.103910218252945,49.73843086719092],[18.103888851636377,49.738469179231494],[18.10382112873395,49.73857082094252],[18.103684221857492,49.738608758796715],[18.103482232897814,49.73866852055232],[18.103456631090758,49.73867039714764],[18.10342050646657,49.73867284578815],[18.103371274618212,49.7386406084919],[18.103308405784613,49.738558130614116],[18.103231351915387,49.73842944239697],[18.103164377588293,49.73838021546097],[18.103163325929163,49.738348023568165],[18.10316258634031,49.73830637243345],[18.103125996496825,49.738242635372046],[18.103114024774364,49.7382211016728],[18.10303967827993,49.73817488314743],[18.10297446109305,49.73813424072111],[18.10278747550496,49.73815333998952],[18.102741105946183,49.73816865134335],[18.10264229879002,49.73820190572452],[18.102296446666042,49.73816444923496],[18.102097158382442,49.73813681272071],[18.101997289525336,49.73810520066373],[18.10196559823325,49.73808939933686],[18.10190064273625,49.73805707494526],[18.101735741484998,49.738053065138295],[18.10169550810566,49.73811845899443],[18.1016834584164,49.73813843934328],[18.101674974347176,49.73817622381041],[18.101663885477123,49.738221892355156],[18.101645023479946,49.738301143874196],[18.101793357226683,49.73840132442159],[18.101821570332017,49.73842938258636],[18.10185725035229,49.738464997905176],[18.10197710638523,49.73863629840375],[18.101972774764267,49.73865175571671],[18.101902997080916,49.73890048987605],[18.101896239513863,49.738924563554605],[18.101916091362423,49.738938334309104],[18.101802901276084,49.73914379057674],[18.101823501578725,49.739165366305954],[18.10187672360641,49.73918772344248],[18.10214611869688,49.73930096007162],[18.10234285573492,49.73933612232242],[18.102575342995255,49.73940230010067],[18.102888089015522,49.73956133605806],[18.103184835530758,49.73972640663638],[18.1032755884415,49.7398086726767],[18.10342939941505,49.73993416500526],[18.103482925932152,49.73997783954212],[18.103565996316874,49.74004594713174],[18.103639213016127,49.74002269233407],[18.103722563929885,49.740088739895455],[18.1037864475679,49.740361358070636],[18.103735213556572,49.7406693684943],[18.103774921941923,49.74094565968572],[18.103871162177473,49.74111046330005],[18.103975021763624,49.741288879732515],[18.10408933101653,49.74149081848011],[18.10420350941073,49.74174798722742],[18.104173013066063,49.74200492321965],[18.104073375528206,49.74219472867513],[18.103838725785945,49.74264289978678],[18.103819953921285,49.74274914358168],[18.103804423779017,49.74283770157888],[18.103926937390497,49.7436161328376],[18.10396451844992,49.743884539735646],[18.104017805106924,49.744174693333285],[18.104033708686764,49.744261527092924],[18.10408492791653,49.74455869279816],[18.104120218744306,49.744763066291874],[18.104135925632487,49.74483292034655],[18.10421769589118,49.74503760236436],[18.104255657629412,49.74509744556506],[18.10459897141857,49.74563206663967],[18.105252403641646,49.74621644113338],[18.105324408136127,49.746302507480465],[18.105395644958516,49.74650685724989],[18.105405063393604,49.74653284775236],[18.105430522553554,49.74661499189695],[18.105506167219527,49.746821759449546],[18.10552038250011,49.74690362238571],[18.105525789493733,49.746934528419466],[18.105532842414327,49.74701887050636],[18.10553868976474,49.74705882741443],[18.105556846536846,49.74718441944618],[18.10558377107629,49.747247602912],[18.10559825969741,49.747278305557536],[18.105613143722636,49.74731634161998],[18.105682535590983,49.74747897701345],[18.106034567201082,49.74784323248405],[18.10616163503047,49.74800889043914],[18.106185142209615,49.74815148533047],[18.10620633018436,49.7482804091856],[18.10615291381073,49.74857277039296],[18.10603053762003,49.74894711827419],[18.105870559249457,49.74934802045973],[18.10535886169509,49.74997207867651],[18.105346797577447,49.749986011333526],[18.10532276301552,49.75001523585243],[18.10527304772069,49.75007656934952],[18.10507211502673,49.750254182229824],[18.104776158311985,49.75051590261213],[18.104603105953004,49.75062064506236],[18.104470355236014,49.7506718200429],[18.104306500783956,49.7506997370137],[18.10419430750899,49.75070731834144],[18.104165772346665,49.75070920841207],[18.10415465750431,49.750710017633345],[18.103805291676355,49.750733564855004],[18.10365560401317,49.75075461834474],[18.103411412395587,49.75087334679805],[18.103255671940854,49.75094911102861],[18.103055909624253,49.75106378823897],[18.1029726173108,49.75112103651527],[18.102886335048268,49.751250410102784],[18.10284943878142,49.75131987627435],[18.102823081233257,49.75140095594096],[18.102753982218587,49.751613896705145],[18.10268408141921,49.75177642800538],[18.102632764073284,49.75189453127788],[18.10259969071344,49.75198912686098],[18.102593854463297,49.752059645481054],[18.102605831706565,49.752156905198774],[18.10272449017001,49.75258599872482],[18.102753552257855,49.75269181607982],[18.102869931794835,49.75311310714003],[18.103040709023603,49.75376116309191],[18.103112429426975,49.754032602321004],[18.10317683988842,49.75425641929919],[18.10321045446075,49.75437179290973],[18.10323965364537,49.75448583118143],[18.10325746039952,49.754555624401696],[18.103262711347796,49.75457641275192],[18.103290304326496,49.754726823154435],[18.103320811519424,49.754784164290875],[18.103334987205905,49.75497072341168],[18.103358735985672,49.755339787871335],[18.103366492180044,49.755487530667],[18.103367694215628,49.75551350314403],[18.10337268427284,49.755606843349],[18.10349262341439,49.75569086434613],[18.10349728766138,49.75593401280534],[18.10349814175079,49.75597585065666],[18.10350480452249,49.756317944816665],[18.103707140679912,49.75647012269447],[18.103931208298242,49.75663870454685],[18.10458024980432,49.75715603092655],[18.104885213266098,49.75739259082611],[18.105637559279504,49.75828947262353],[18.106017339784998,49.758689964952275],[18.10633169522319,49.759021464743206],[18.106518131987553,49.759221016020085],[18.106617498030257,49.759327325058514],[18.10666261206737,49.759375660732786],[18.1069453769251,49.7596782777997],[18.10717949591757,49.75992883694225],[18.10741265746094,49.76017825771725],[18.107496576682408,49.76026806962269],[18.10776986716281,49.760559492905145],[18.10812735892404,49.760940742712634],[18.108152302782347,49.76096734792494],[18.108731562753796,49.761585629796684],[18.109042372524573,49.761916827125376],[18.109419327240595,49.762360014983265],[18.10949945275469,49.76245421152717],[18.10980150893976,49.76286830334376],[18.109948251233455,49.763180658895955],[18.110526016132518,49.76390354020014],[18.11095954974187,49.76452315014633],[18.11113710763,49.76472065040581],[18.111297720448533,49.76489931302563],[18.111444772277807,49.765062941371035],[18.111599630216247,49.76520093075687],[18.111926872215765,49.76549252981606],[18.111989964294615,49.765542971138125],[18.11268157401161,49.76606943575461],[18.112452006126816,49.76620526553012],[18.11240079027481,49.766235558763924],[18.112256831772196,49.766320763291624]]]},"properties":{"id":"obec-599506","code":599506,"name":"Jistebník","count":611,"kind":"Celá obec","parts":["Jistebník"]}},{"type":"Feature","geometry":{"type":"Polygon","coordinates":[[[18.09734270928997,49.81061249997858],[18.097360500609703,49.810641585500676],[18.097365275083533,49.81064952988781],[18.097403740068287,49.81067735907498],[18.098153912311396,49.8103278540184],[18.098268896340453,49.81027421893336],[18.09848541055892,49.810103994165004],[18.098715514038677,49.80992308248821],[18.098745980276338,49.809899099098644],[18.098966499010043,49.809874413763254],[18.098985759841714,49.80987226421448],[18.099440721998494,49.80985067362156],[18.099692377919236,49.809815489783816],[18.099988823217515,49.809774017159796],[18.100111388470463,49.80975682515628],[18.100285394470234,49.80973877863238],[18.10057425229209,49.80970896570712],[18.100720246099392,49.80969383241274],[18.100840361275054,49.8096894966065],[18.101132996924814,49.80967903210717],[18.10139074575015,49.809669734759794],[18.10144046041502,49.809665171137105],[18.101669935778947,49.80964433148063],[18.101748028506154,49.80963723551478],[18.102053646556573,49.8096092780801],[18.102365324919575,49.80958085339852],[18.10267727969979,49.809552443683124],[18.10294476224628,49.809527993998095],[18.103007603269486,49.809522283346574],[18.10334186314168,49.80953693272648],[18.103562157849748,49.80954661340086],[18.103755289143017,49.80953660266009],[18.104147009761125,49.80951644033779],[18.104471037136044,49.80949972577642],[18.104547269936894,49.80949911049911],[18.105001272103912,49.80949576569271],[18.105449728789818,49.80945428603042],[18.105730908651434,49.80939478018674],[18.10589768074182,49.809391927041105],[18.10615134731064,49.8093992642078],[18.107303625754437,49.80933365420582],[18.10772687814581,49.80934614520503],[18.10782647081088,49.80934911611503],[18.10784256449037,49.80934768711166],[18.107916695509193,49.80934099301894],[18.108403258550418,49.80926133118921],[18.108847540414363,49.80917465406279],[18.10924318001871,49.80910208007113],[18.11024330631142,49.808912332891055],[18.110529966065787,49.808845276276756],[18.110810220394562,49.8087227987993],[18.11102670786059,49.808673312543235],[18.111363076369283,49.80864166875858],[18.111468287052315,49.80863818773944],[18.112549360370696,49.808380199745436],[18.11360117512758,49.80801015489179],[18.11413057107893,49.80779482213301],[18.11477824998908,49.80757006921941],[18.115231938030302,49.80745502397122],[18.11550502052028,49.807375901033424],[18.115544567257214,49.80736813518392],[18.11580290884904,49.80731741430846],[18.116196560273988,49.80725309869972],[18.116460775010033,49.80721660999625],[18.116786542763872,49.80718281346962],[18.11692443007023,49.80717180208032],[18.117102927661925,49.807157507173464],[18.1175536206492,49.80713930563332],[18.117960570036303,49.80717718653333],[18.118635998627592,49.80729596436297],[18.118838127457714,49.80735918604224],[18.11898039971962,49.80736105734068],[18.11937015191464,49.80738080608567],[18.119848931535056,49.807329356551975],[18.119937099422962,49.80731271391607],[18.120463619697656,49.80719728191885],[18.12100319381938,49.807159215597565],[18.121643197275926,49.807197980992115],[18.12181967993781,49.80719439471967],[18.122147327815558,49.80718469786155],[18.12217666430136,49.80722436359426],[18.122210447725767,49.80721897524936],[18.12238689395148,49.80719101770318],[18.122442055976567,49.80718224271689],[18.122482881907494,49.8071629949829],[18.12256021628524,49.80712651016866],[18.122617282117787,49.80709961229184],[18.122816307829464,49.807094328734905],[18.123228973410193,49.807080891610035],[18.123257220211006,49.80711318454],[18.123367577545878,49.80711386675828],[18.123745242737197,49.80708192046253],[18.124106845811905,49.80706349983496],[18.124395126741266,49.80706229766695],[18.124582193233845,49.80706291938238],[18.12475877579092,49.807064749586594],[18.124769341917595,49.80706498952005],[18.124856663015592,49.807066887244325],[18.125330954161992,49.80707716427426],[18.12556191113549,49.80708217576615],[18.126083833548776,49.807089833498225],[18.126386675588208,49.807106692689686],[18.1267319000692,49.807130834506644],[18.12692141774688,49.807125725423774],[18.12727622768315,49.80716349723326],[18.12752471817926,49.8072006387951],[18.128405393510118,49.80733211025705],[18.12884607890118,49.8073978631666],[18.12889096293348,49.807402129126274],[18.129695470404155,49.807479351632345],[18.130023654066633,49.80751090851294],[18.130360935435913,49.807543252193895],[18.1304080218191,49.80754773296047],[18.130660427254153,49.80757146200547],[18.13107173346783,49.807610175960676],[18.131335988367113,49.80762880066069],[18.13205388009262,49.80767942473939],[18.13342177827358,49.80764575786465],[18.133993507983067,49.80767281535606],[18.13476410438132,49.80775746258748],[18.13502776958634,49.807822615248504],[18.134996017012487,49.80788606415544],[18.13515877245046,49.80778005479978],[18.135221284343807,49.807777738129346],[18.135253515099993,49.807776590009254],[18.13600394623104,49.80774871331462],[18.136468163108937,49.80773147785076],[18.137571123891504,49.80764093462407],[18.13792805652126,49.80761164695705],[18.138091438067264,49.80759871868701],[18.138347623943442,49.80757706859797],[18.138426356219796,49.80757133880446],[18.13861384200638,49.80749064536645],[18.1387536511372,49.80743143318467],[18.1389484971829,49.80734890071305],[18.13952475973515,49.80710471275609],[18.139589835607545,49.80707934474909],[18.140575018928054,49.80669581418534],[18.140598568612095,49.806686681241544],[18.14101326975316,49.806613822091336],[18.141445687921454,49.80653781512189],[18.14195594683489,49.80641423780395],[18.142267575615453,49.80633426383275],[18.142569735102484,49.80625727175531],[18.14283304199617,49.80619016884424],[18.14307250750843,49.80612920396194],[18.14340209828847,49.80602777349372],[18.14344571119869,49.80602185369853],[18.14393049510053,49.80595656960088],[18.14438232298691,49.80589573227738],[18.144412726097563,49.80589159006105],[18.144718254931973,49.80585043291136],[18.144752396548363,49.80584442683443],[18.144771961884278,49.8058410237386],[18.14503468908267,49.80579464098065],[18.145282701176498,49.80575085284269],[18.14624361003745,49.805700641771736],[18.146345431869946,49.80569531337762],[18.14657604889042,49.80567391135045],[18.146783232813334,49.805654610045075],[18.146987160939222,49.80563566532996],[18.147063706169096,49.80562854250183],[18.14716680148124,49.805618953572846],[18.147229512075025,49.8056192592293],[18.147399923235074,49.805620254563],[18.147469451167904,49.80562067576021],[18.147498856924287,49.80562080825985],[18.14787493365086,49.80562299104135],[18.147888869339898,49.805623058883775],[18.147917986204284,49.80562326515485],[18.148075304139414,49.80562414916602],[18.148090774209013,49.80562421369698],[18.148428159647178,49.80572374795985],[18.14863586954979,49.80578506676285],[18.14898599208451,49.80588838961824],[18.14920659582374,49.805952333246985],[18.149241161697795,49.80595555545955],[18.149391518615346,49.80596976122527],[18.149546694987723,49.80598442037929],[18.149834876459803,49.80601166956669],[18.150061375040146,49.80603307666828],[18.15062919664896,49.8060991813343],[18.150782003924416,49.8061128020894],[18.15140059423442,49.806172663810486],[18.151558719210268,49.806195429258096],[18.152082634974704,49.80627068182122],[18.15220451115692,49.806288234439975],[18.152295374193653,49.80623607219486],[18.152239370837698,49.80598507392378],[18.152231327564827,49.80596205587166],[18.152140283448304,49.805701040510776],[18.1520105678126,49.80532899307728],[18.151901231343007,49.805015588935376],[18.151869875980804,49.80492572883279],[18.1518510054024,49.804871412412986],[18.151265083903727,49.80340396696241],[18.151254127043725,49.80337672245012],[18.15114225960731,49.803153243060194],[18.151116132331516,49.80310104228282],[18.15105829605236,49.802858512462564],[18.151038762072442,49.802753437579334],[18.151013898563892,49.80261972218231],[18.150968315438895,49.8024701221086],[18.150747017567593,49.80195055840267],[18.15069389388931,49.80183816521615],[18.15066894749234,49.801785489645006],[18.150354780410726,49.80112167724503],[18.15034458353383,49.801100161393215],[18.150248080318946,49.80089614252351],[18.150176192866503,49.80074414879313],[18.150045549028018,49.8004915356338],[18.149987537041568,49.800379225869555],[18.149933579053545,49.80027508781773],[18.149914702480345,49.8002383692325],[18.149860528630285,49.800133767638116],[18.149854570826623,49.80012214872186],[18.14979580028454,49.80001133006452],[18.14971817095391,49.799864696228916],[18.14938504522191,49.79923608550162],[18.149197005602417,49.79888112285838],[18.149145018704864,49.798783052426955],[18.148900780638645,49.79832201825735],[18.14854414616614,49.7976488409705],[18.14847763464072,49.79752314230219],[18.148286815514,49.79716305582091],[18.148108387322345,49.796808273998266],[18.148054878560544,49.79670190365023],[18.148201838995323,49.79656168166954],[18.148376966815665,49.79639462724226],[18.148408025343702,49.7963649805434],[18.148421952891102,49.79635169091164],[18.14848423239458,49.79629222619596],[18.148506005796307,49.79627143923011],[18.14826312340648,49.79552122530922],[18.14788003734414,49.7945429401663],[18.147680254095565,49.794478004952396],[18.14758664728375,49.79444751803397],[18.1470332183491,49.79427913956009],[18.14702368476196,49.794246559927274],[18.146999443851932,49.794162966865784],[18.14696544127962,49.79404642021078],[18.146832837571402,49.79385903129727],[18.146792449211354,49.79380204911428],[18.14675368885275,49.793716549656],[18.14669664378072,49.79359102494449],[18.146662373655584,49.79351561739883],[18.146641976240677,49.79347059880173],[18.146504442512764,49.7931908736912],[18.146357316797058,49.79289138088546],[18.146340038302686,49.792856286171755],[18.146133968139893,49.792397947664256],[18.146066567475998,49.79224800883321],[18.146035514352985,49.79240743632327],[18.146010172811145,49.792356722083696],[18.14595153555084,49.79223886803468],[18.14586360483997,49.79200987799637],[18.14586258608163,49.79199989259287],[18.145832838987264,49.79172727156148],[18.145824320409805,49.791649082187135],[18.145773315865945,49.79163039560824],[18.14575057227191,49.791581092110675],[18.145723963247,49.7915232662719],[18.145232820887067,49.790456077059964],[18.14517907119906,49.79033922151462],[18.14513545347437,49.790244330173834],[18.145091061446756,49.790147950862774],[18.145046147569364,49.79005027840196],[18.145000573506216,49.789951304943585],[18.144945846506445,49.78983240823583],[18.1448101851554,49.789463797880245],[18.144747369378724,49.78927900990981],[18.14473058287939,49.78922381660948],[18.144729344926088,49.78922266336964],[18.14470193203043,49.78912959344883],[18.144683227311663,49.78906797372175],[18.14457038837577,49.788714104816606],[18.144464062200488,49.788292555515426],[18.144442417807113,49.78820631078129],[18.144404391833564,49.78804025693473],[18.144346503341065,49.78778715683136],[18.144334496857265,49.78773476159562],[18.14433421518452,49.78773375284978],[18.144293567186637,49.78755617845182],[18.144255664860374,49.787282100401285],[18.144228372403482,49.787085157500705],[18.144206011909674,49.78692387297008],[18.144199701631138,49.78685411153824],[18.14417767677939,49.786612070878455],[18.144163354967755,49.78645422064697],[18.144126200411232,49.78589859982601],[18.144125312611706,49.78588456046136],[18.14409016263058,49.78533988336593],[18.144089267725402,49.78532692661263],[18.144023226810482,49.78536171717106],[18.144028623014844,49.78531978557301],[18.144030072600575,49.78530804485469],[18.144032952520355,49.785285735596766],[18.144063799362627,49.78504236231835],[18.144053781441606,49.7848352079586],[18.144070336565356,49.78481484785017],[18.1441031398552,49.78468060952068],[18.144106268170106,49.78454522905014],[18.144108645570697,49.7843855282759],[18.144124062683797,49.78421393208961],[18.14431579785379,49.78417526217956],[18.144540637533698,49.78412989619601],[18.144566335432696,49.784007980166095],[18.144565844620775,49.78398791646324],[18.144566904860145,49.78398626183325],[18.144566424055686,49.78396818423342],[18.144564305363076,49.78388701808435],[18.14457491062425,49.78387354050224],[18.144632038961372,49.78376450855272],[18.144748962208418,49.78367403114762],[18.14476136218806,49.78366995128595],[18.14476267983229,49.78366948452859],[18.144807785619037,49.783654444388254],[18.144886036366614,49.783628288345405],[18.144887504453006,49.78362773986989],[18.145053698026278,49.78359032746583],[18.145116701049982,49.78354706100524],[18.145194236084375,49.78328720287143],[18.145229580063898,49.783236139955925],[18.14523313328193,49.78316558429376],[18.14523488965876,49.78314745311284],[18.145263088849774,49.78284427323884],[18.14527023298429,49.78278529297493],[18.145315131147598,49.78238856696493],[18.145320185767083,49.78234399866523],[18.145311711543147,49.78205020023757],[18.145305746725374,49.78184499070623],[18.14531160783803,49.78180579299644],[18.145343393339125,49.781595595119455],[18.14536927296166,49.781535150640366],[18.145359012730665,49.781271033842536],[18.145355384982057,49.78124221827505],[18.14534931046847,49.78119440131121],[18.145316608356353,49.78093957077161],[18.145315000701114,49.7809174581668],[18.145216600131363,49.78060944249458],[18.14477470303769,49.779831221395135],[18.14479071744927,49.77982617337824],[18.144807020604766,49.77982105148986],[18.145095559339616,49.77975078004578],[18.14542467412654,49.779668008588466],[18.145294429516575,49.779475874376566],[18.145031042992922,49.77908728933157],[18.14442347691735,49.77833152479509],[18.144080406113996,49.77790466099399],[18.143901380160514,49.777638457375765],[18.14374690933099,49.77735559641047],[18.14342690167326,49.77633410449796],[18.143351687469963,49.77612884460158],[18.14327996413831,49.775932807928996],[18.14326051764641,49.77587980932428],[18.143258117378032,49.775874889739434],[18.143015749967727,49.77536935039849],[18.142703244660566,49.774854865258014],[18.14232174490731,49.774338447939286],[18.141859360428406,49.773779260367625],[18.14112522015415,49.77293812601022],[18.140887404346895,49.77262570739685],[18.14064716820323,49.77221486569223],[18.140337198752253,49.77165006371927],[18.14020788556137,49.771414291414544],[18.139922051600873,49.771512229237885],[18.139867547062895,49.77153088488153],[18.139532915562004,49.77164545499158],[18.139498574077027,49.77165722308324],[18.13945183442883,49.771550597601646],[18.139375185046976,49.77137566695995],[18.139069995782098,49.77094551803078],[18.138996857036656,49.77084244701461],[18.138991252562686,49.7708375258079],[18.13894610385332,49.77079840912673],[18.138989389410057,49.77077306979396],[18.13929294020775,49.770595725428755],[18.13940675481009,49.77052908477785],[18.139577826802103,49.77040594857026],[18.13978797081474,49.77025461595659],[18.140329889851973,49.769754434719445],[18.140389940665855,49.769698909851286],[18.14050913267021,49.76952354853397],[18.14052461653214,49.7695007816122],[18.140784545815322,49.76911852043844],[18.14079047193702,49.76910974143438],[18.141061887729485,49.76871053282776],[18.141322170111053,49.768327659112494],[18.141586249888093,49.76695817901999],[18.141604159377835,49.76686497221107],[18.14191989130829,49.76640997547056],[18.142077243300044,49.76618316971779],[18.14228992192076,49.76597069630529],[18.142420297673624,49.76590409120641],[18.142558607604613,49.765833423799805],[18.142664879442187,49.765789457190344],[18.142836238440616,49.765718589937514],[18.14290635425458,49.76568953800627],[18.143377938892016,49.76549437805855],[18.144440519987,49.765054513186804],[18.144444983181817,49.765052419945015],[18.14448655387796,49.7650324870522],[18.14449101706883,49.7650303938087],[18.143870391937007,49.76492350689428],[18.143716254937438,49.764896977863835],[18.143644665678398,49.76488749901422],[18.143477243337347,49.764865450161516],[18.143434941420924,49.76485989000985],[18.14302852035413,49.764806222672995],[18.142673154326197,49.76475933329143],[18.142421003309494,49.76472606461179],[18.142232644701092,49.76470120070586],[18.14180623258212,49.76464494989953],[18.141175996849356,49.76456178036021],[18.140401757532363,49.7644595986835],[18.140043931850695,49.76441238083445],[18.139116248869758,49.76428992289192],[18.138874640243476,49.76425805742363],[18.13818445877042,49.764166953236966],[18.13749728535967,49.76407628650571],[18.13651416211582,49.7639465957672],[18.136085033988316,49.76388989826218],[18.13593487030291,49.763870082597066],[18.13427227591076,49.76365058097783],[18.133927793627084,49.763605726843004],[18.133743091783277,49.763581688441235],[18.13325607048132,49.76351834949754],[18.133202127420954,49.763511311368674],[18.13305015643009,49.76349147936663],[18.13205093927251,49.76357320182459],[18.131388934814563,49.76364954514],[18.130910640347217,49.76370582774193],[18.130507170146124,49.76375797077875],[18.130356705198874,49.76377739113788],[18.129532168477148,49.76393744097393],[18.129502551440282,49.76394315697724],[18.129425450251432,49.76396304921532],[18.12940292124857,49.763968897655516],[18.129348666376448,49.763970323892934],[18.12923246691736,49.76397337060789],[18.1287524164058,49.763967540267615],[18.128039011460935,49.76392758166586],[18.12727911149322,49.76389553254994],[18.12703486352117,49.76394481103234],[18.126763535060775,49.76399958770532],[18.125784503121782,49.764197300611066],[18.125166775319304,49.76432197929921],[18.12473198003009,49.7644097755903],[18.124688565903686,49.76441858593526],[18.123245212393766,49.76470997383117],[18.12305452842522,49.7647484854406],[18.12300380674622,49.76475877444085],[18.122972582407613,49.764765029127425],[18.12277932408656,49.764804025507445],[18.122314865300904,49.7648977958242],[18.12094211858261,49.765174856103584],[18.12092292174655,49.76517872668458],[18.12085701977774,49.765192031107524],[18.12077922799775,49.76520772691257],[18.120753943001045,49.765166123218776],[18.120750980273865,49.76516126120299],[18.120738217763584,49.76514031713387],[18.120418632938414,49.76461442857167],[18.120363860293455,49.764524212397994],[18.119972988929213,49.7646650365872],[18.119313232481677,49.76479017950649],[18.118908904237017,49.76489359016462],[18.118646793756913,49.7650004097974],[18.11812264918389,49.76535196180817],[18.11723960075649,49.76579037187585],[18.11712517920558,49.76584080199239],[18.11701120873051,49.76589098695199],[18.11648428136304,49.7660320791923],[18.116319839554556,49.766053754315955],[18.11599321651078,49.7660968717293],[18.115845227456212,49.7661164153444],[18.115579600668156,49.766102356872466],[18.115442218904075,49.76609100548959],[18.11536382252426,49.76608446057019],[18.114872049194236,49.76604369942288],[18.11453395258652,49.76602460443084],[18.11422409642155,49.76607147085607],[18.114144794270516,49.766093123474185],[18.11407245768884,49.76611273629797],[18.113820054049686,49.76618183116145],[18.113724597073432,49.76622494578171],[18.11363170964557,49.76626658224906],[18.113492967918113,49.76636878293513],[18.11333135888036,49.766566433621286],[18.113127592518527,49.76689995188275],[18.113065228166658,49.7668584881878],[18.112926824590126,49.766766477326236],[18.112626777007595,49.76656686922349],[18.112554191780898,49.76651859466501],[18.11229555034711,49.76634652826769],[18.112256831772196,49.766320763291624],[18.11224375947338,49.76632877255894],[18.11221928194759,49.76634380309789],[18.11221562253561,49.766346121554186],[18.112142015064748,49.766391473935855],[18.11213526931741,49.766394970203145],[18.11213091854024,49.76639724922627],[18.112109477716913,49.76640839142746],[18.111989835048618,49.76647052316616],[18.110919371954925,49.767246498337734],[18.110497393228872,49.767551138917966],[18.10949019115939,49.7680696014856],[18.108107293496005,49.768627901897894],[18.105963995038977,49.76958296460362],[18.105354868761502,49.769766342326974],[18.104809842391994,49.77004083529048],[18.104114140621494,49.77051720122166],[18.103743655483587,49.77090472870668],[18.103204653335105,49.77144599687112],[18.10316430292751,49.77148647432947],[18.10317529797515,49.77154288077721],[18.10323449360106,49.771848169386224],[18.103364378209296,49.77223204628665],[18.10342816005592,49.7727759639845],[18.103582716937506,49.77335024614578],[18.103717145665616,49.77356975367569],[18.103785668225456,49.77364379535492],[18.104135720215485,49.7740218286813],[18.104526189776585,49.774483849981905],[18.10459052867825,49.77455178551185],[18.104635886109403,49.77453289387035],[18.104679535185667,49.77457672309245],[18.104683586859256,49.77458074515769],[18.10472232600072,49.77461969099036],[18.104725885460283,49.77462323367305],[18.104770759156846,49.77466830609183],[18.104779464471395,49.77467602355269],[18.10481610416405,49.77470889257756],[18.105508691672387,49.77532895560967],[18.106157462682084,49.77590959786556],[18.106652918658558,49.77635314208962],[18.107485575305518,49.77709851626341],[18.107544085823882,49.777150954088306],[18.10884668681307,49.77831682568612],[18.108888555912365,49.7783543236606],[18.108930929559303,49.77839221142111],[18.109008778944098,49.77865803291979],[18.109019242504854,49.778682547574405],[18.109030784539968,49.77870938014111],[18.109299755437753,49.77933665656973],[18.10959135057937,49.78001693871138],[18.109911005463935,49.78076254023609],[18.110021678343944,49.78102075549506],[18.11037807316,49.781851936290174],[18.110396373538187,49.7818946779548],[18.11045214993035,49.78202466768292],[18.110482095840098,49.78209451828438],[18.110733197929118,49.78268024465036],[18.11084716847979,49.782946047392834],[18.110873838713164,49.78300821981576],[18.11098008886305,49.78325598227289],[18.111318824950423,49.78404607723575],[18.111473240970536,49.784406064767744],[18.111586153040108,49.78466945913474],[18.111537992394464,49.78486265723022],[18.111533680650485,49.78488001115371],[18.111616031323845,49.78500221864572],[18.111685562647356,49.785122341337996],[18.111835217125343,49.78526318769917],[18.1117784860087,49.78534208546907],[18.111678581904513,49.78548115884061],[18.111458852664267,49.78578687074267],[18.111444459532287,49.78580455242065],[18.111402532856317,49.7858565858097],[18.11138358874241,49.7858800551006],[18.11137216892663,49.78591072253128],[18.11118368510829,49.78641713794788],[18.111171134867337,49.78645099009943],[18.111155116651084,49.78649394079839],[18.110928159311637,49.78691422500847],[18.110717462573096,49.78692901700642],[18.110524471056998,49.78694174954274],[18.110407863031355,49.78681722694277],[18.110299733683412,49.78680663852031],[18.110269866565943,49.786903223337625],[18.110119870666527,49.786883748968464],[18.110084090069847,49.78697358841734],[18.110078568481303,49.78698753387661],[18.109994080480927,49.78702757273082],[18.109918097409658,49.787144452505],[18.109766549996188,49.78720810462063],[18.109788772507518,49.78731424856481],[18.10983419714949,49.787349240665016],[18.10971547985081,49.78738777862917],[18.10967172523335,49.787378423967745],[18.109662651402303,49.78732113591894],[18.109556273480447,49.78732328249479],[18.1095599885819,49.78723757131299],[18.10936030987886,49.787245137120934],[18.10908797844271,49.787206770717816],[18.108789706709068,49.78716746564757],[18.108574963249392,49.78713924201921],[18.108550105278297,49.78717952216309],[18.108514384020342,49.78723714350439],[18.10848857732442,49.78723522024145],[18.10846083401676,49.787233186509816],[18.108424941455116,49.787230597686424],[18.108306397854737,49.787306780703595],[18.108276295112574,49.787326183398854],[18.108242380672397,49.78734798607264],[18.10806576459632,49.787350998623374],[18.107922953381216,49.78735350237184],[18.10789333495464,49.78735397895405],[18.107875657933967,49.78737733956694],[18.107863919354163,49.78739291593759],[18.107813938747753,49.78745902002031],[18.107759014373237,49.78746003862441],[18.1075299860442,49.7873902930038],[18.107469887063807,49.78737197235471],[18.107434693341677,49.78742980405205],[18.1073477433146,49.78739469835631],[18.107220145084042,49.78740321370485],[18.10722266213059,49.7874625649476],[18.107055808809477,49.787481927692696],[18.10691923202506,49.78747242090976],[18.10681017973702,49.787446072184615],[18.106715978145118,49.787423278312126],[18.106687251036863,49.78756776315085],[18.10674255876291,49.78759465589352],[18.10682807885385,49.787665872950356],[18.10689553827428,49.787732539562626],[18.106938215858364,49.78777234020904],[18.106982433356045,49.787845894016385],[18.106877486541848,49.787780157431435],[18.10676266882169,49.78782586476089],[18.106692185734463,49.787872567106504],[18.1066664773492,49.78787606440405],[18.106589751377932,49.78784163174535],[18.10655620876024,49.787759300225716],[18.106429731760784,49.78771553048262],[18.106409502937485,49.7876654577474],[18.106397634265075,49.78763589875887],[18.106145979097757,49.78757262135045],[18.10605588897014,49.78761486511848],[18.106013835564752,49.78768313576544],[18.106112946343455,49.78769546987694],[18.10621718464321,49.78778995834749],[18.106073982722076,49.787774837777974],[18.10596664680165,49.787823949713925],[18.10590921636783,49.78790686690057],[18.10583317429862,49.78797698883288],[18.105904543617267,49.788049745782274],[18.105880772678987,49.78805949085367],[18.105815018313603,49.78804174923222],[18.105748451836867,49.788060695298846],[18.105753617020156,49.78812823052365],[18.10568964679071,49.78817828241441],[18.105574069820673,49.788193709707635],[18.10556663878065,49.78834455423609],[18.10554809702981,49.788362991423696],[18.105399872887556,49.78834686149386],[18.105192706720523,49.78832438936123],[18.10515049705805,49.788249414992414],[18.105029013830244,49.78818841910687],[18.104941143758992,49.78820614899827],[18.1049082665668,49.78827151330452],[18.10475243016825,49.7882211924382],[18.10459269155765,49.788258918828404],[18.104486048558865,49.78830599321298],[18.104523483159994,49.7883996490775],[18.104500422847728,49.78840212372947],[18.104396443914958,49.78841324776488],[18.104126102106616,49.788465690710076],[18.104024171936555,49.788429005494805],[18.1039659272524,49.78847180186453],[18.10395995217789,49.788485992024825],[18.10392751012441,49.788562482446316],[18.10384647130035,49.78859043937381],[18.10367919046088,49.78861699368573],[18.10351743977307,49.78861624511992],[18.103435941933437,49.78861583522077],[18.103433742551278,49.788708763537926],[18.103394972123127,49.78873958416042],[18.103220315508313,49.788779345492756],[18.103177974788775,49.788831262656934],[18.103230312402328,49.78890248370704],[18.103236555244774,49.78895798643928],[18.103206537044237,49.788998241947326],[18.103139341436417,49.78901462358454],[18.103024412861462,49.7889904631726],[18.102597651243713,49.78916674030075],[18.10238039852865,49.78930939757763],[18.102392751847287,49.78936813743177],[18.102513561701656,49.789409512044934],[18.10260746050337,49.78943761697942],[18.102634697184488,49.78954061955533],[18.102473949304205,49.789596968768],[18.102433198674124,49.78970475471485],[18.10222526874634,49.78975028705185],[18.10215295367548,49.78987179496439],[18.10226310965097,49.78987573708204],[18.10224439493895,49.79003974690751],[18.102035174216795,49.79009269655576],[18.102023833276863,49.79023122387743],[18.1021612102436,49.79024105239718],[18.101992795058795,49.79041610132399],[18.101975203765825,49.79049407103463],[18.101950278932648,49.79060438499718],[18.10188136748185,49.79061696760269],[18.101693287220698,49.7905842974267],[18.10158985991758,49.79046954357395],[18.101542015578875,49.790468707302566],[18.10140125140935,49.79037321218494],[18.101277911033645,49.79035858836049],[18.1010338065738,49.79026847427229],[18.101012126450822,49.79037644626422],[18.10106114053269,49.790413722764804],[18.101049674990314,49.79048662683089],[18.101044001148843,49.79052213453899],[18.100862897574103,49.79060096663955],[18.100941294570294,49.790680445949334],[18.100948498968503,49.79072887357315],[18.10081975978498,49.7908132227899],[18.10079399594469,49.79088260272222],[18.100865609058562,49.79093308349955],[18.10085846739496,49.79099062013966],[18.100743210135136,49.79105173099788],[18.10062428119537,49.79108555525687],[18.100619120971174,49.791147988615876],[18.100544354635915,49.79118613968846],[18.10037461747334,49.79120505836985],[18.100173738536323,49.79134918889865],[18.100052274644714,49.79130235935593],[18.099984632300735,49.79134552000143],[18.099979669598824,49.791492444456146],[18.09995851837896,49.791564795374754],[18.09980912652645,49.79154182297023],[18.099751105937255,49.791698533771246],[18.099654575217127,49.79178282594017],[18.099768539243666,49.79190107147155],[18.099755240498943,49.791975134396274],[18.099728655084263,49.79199220892632],[18.09965334998237,49.792040437462894],[18.09954328731801,49.79204805130131],[18.099404386103892,49.79195627053352],[18.099204021846163,49.792089417839634],[18.099091773916225,49.79209158133851],[18.098896566743306,49.79216437050977],[18.09877928515882,49.79214413342763],[18.098524041588007,49.792312684647534],[18.09843823303563,49.792369428447294],[18.09845970097844,49.79245332946882],[18.09805443740312,49.792775320952394],[18.09799782621628,49.792820374358946],[18.09808932411902,49.792909088012365],[18.09788373170703,49.793081557360416],[18.09784899890582,49.793111343558216],[18.097625301732705,49.79330308602701],[18.09741776380176,49.79330160975441],[18.09724542781341,49.79344691544289],[18.09747539087505,49.793705279140234],[18.09753383250288,49.79381864016383],[18.09739512598221,49.793938158490505],[18.097218034642914,49.793898437726924],[18.096941315349802,49.79427452250067],[18.096986760787136,49.794349233643786],[18.096937816610463,49.79440961699257],[18.096834603632608,49.794451827128704],[18.096863044276528,49.79453161400701],[18.096761096987386,49.794696464633056],[18.096654993320776,49.794767030538004],[18.096515243301695,49.794798037129446],[18.096412405243647,49.79490498225739],[18.096438750274192,49.794973547975964],[18.096372687519278,49.79510425571354],[18.096269897357207,49.79521084247004],[18.09614763508662,49.79533752689021],[18.096274126327955,49.79539150674344],[18.0961400261112,49.79552626970236],[18.09607554089016,49.795556431506334],[18.09589603385084,49.79573481121749],[18.095883714699298,49.79585992487357],[18.09570201896908,49.796072747554085],[18.09556026088686,49.796059142055704],[18.095482238643836,49.796122105517476],[18.095420025506776,49.79610492192247],[18.095379187609343,49.796093562772306],[18.095264983193594,49.79606194567991],[18.095040832740708,49.79616583885486],[18.095137436317184,49.79622325659519],[18.095125154787393,49.79623356609459],[18.095089075211273,49.79626399676244],[18.095103080708807,49.79634124437143],[18.095016520763767,49.796395235594446],[18.094986182199545,49.79649603338506],[18.09494092534819,49.79653956833814],[18.094846631765485,49.79655620259841],[18.094815571276182,49.79661526057795],[18.094948926607533,49.796646528291554],[18.0950299981314,49.79671253543623],[18.094979089040034,49.79681694135873],[18.095021257151064,49.79684308844144],[18.09500363410898,49.796891541990625],[18.094941790351996,49.796938100420626],[18.094914077470726,49.79701657436043],[18.094826139710634,49.79702544876071],[18.094788843639947,49.79727847275698],[18.094908917234413,49.79726809521754],[18.094974417758213,49.79725198167805],[18.09496959393622,49.7972781511929],[18.094853408647978,49.79731727205232],[18.094840149519715,49.79739711346082],[18.094898465213145,49.79748275977062],[18.09498075741518,49.79750813091369],[18.0949927957519,49.79767750822532],[18.09500629306795,49.797687936934516],[18.095081173343136,49.79774618909536],[18.09508784232008,49.79782202459424],[18.09500762837781,49.79786933854346],[18.094834474805413,49.797848703603066],[18.094836227260647,49.79799023569903],[18.0947740919816,49.79805221131649],[18.09481315675994,49.7981287247127],[18.0947479904154,49.79823746050641],[18.094705582490604,49.79830814493925],[18.09465399075246,49.79893690206529],[18.09458899689615,49.7990044907121],[18.094602916683385,49.79902920411303],[18.09452743449936,49.79927796997894],[18.094509487842434,49.79933696500187],[18.094423616778094,49.79961997617007],[18.094261141573398,49.79983281274953],[18.094240424453933,49.79992540536022],[18.094129806747084,49.799974772247026],[18.09411383985714,49.80000084648943],[18.0939000049175,49.80034893038987],[18.093805674448422,49.80037395599402],[18.093734076794668,49.80048584389472],[18.093731672394235,49.800613870760436],[18.093677805359697,49.80068164366773],[18.09377119475138,49.8007667675619],[18.093805657314967,49.801075338410946],[18.09384296945042,49.801100305614],[18.09388028162385,49.801125272804825],[18.094076754863625,49.80107521641174],[18.094505142976743,49.8009667484338],[18.095012130183076,49.80097414638525],[18.09564860520496,49.800964570943805],[18.096152518028784,49.801020075406186],[18.096607136026837,49.80109758218409],[18.097290704420814,49.8011731819997],[18.097775926175625,49.80111316696258],[18.09839324668255,49.80110600255451],[18.09872758133534,49.801039893816025],[18.098870821307717,49.80143454949824],[18.09887550980622,49.80145232688143],[18.098433709559636,49.801561037348336],[18.0980594353329,49.80165311462893],[18.09802422043325,49.80169559969045],[18.097795398945742,49.8017476960986],[18.097576183236143,49.80163932390062],[18.097274771097286,49.80167869894889],[18.09717090477625,49.8016938862505],[18.097182806199335,49.801815238454054],[18.097080746256022,49.801841720628936],[18.097026258226624,49.80198157400851],[18.096955874880557,49.80206925396357],[18.096881641899724,49.80213505252623],[18.096826191455733,49.802162301483946],[18.096612468365095,49.80224170326277],[18.096139023146034,49.802222419968864],[18.096099831991268,49.80221837598247],[18.095905044615193,49.80219163389245],[18.095376837938282,49.802248734805254],[18.09539943698089,49.802323314056544],[18.094974893788365,49.80242090398193],[18.09490787972715,49.80245010884326],[18.094676744502586,49.802550805791554],[18.094813301364358,49.8027795558928],[18.095005135278942,49.803071303945885],[18.09537778278138,49.803618066495105],[18.09551049440107,49.80364397042637],[18.095676130125614,49.80385280904174],[18.095683089660184,49.80385085996842],[18.09574058459959,49.803930320768565],[18.095786697950366,49.803975646286894],[18.096056131691373,49.8042404157344],[18.09640760659312,49.80458568580549],[18.09682712513064,49.80502618005749],[18.097153926749286,49.80536940606577],[18.097454999771973,49.8056047497235],[18.09731365634397,49.80590291576083],[18.096566538678076,49.80684611028224],[18.0955437960948,49.80780577810753],[18.09532967201174,49.80802902421728],[18.094993100098378,49.80847308115712],[18.095494684036026,49.80867710233482],[18.09555606721591,49.808681060056024],[18.09561482103355,49.80868486754739],[18.097260900095886,49.810498528449244],[18.097322443174104,49.81058417568396],[18.09734270928997,49.81061249997858]]]},"properties":{"id":"obec-599549","code":599549,"name":"Klimkovice","count":1377,"kind":"Celá obec","parts":["Hýlov","Josefovice","Klimkovice","Václavovice"]}},{"type":"Feature","geometry":{"type":"Polygon","coordinates":[[[18.135185484808154,49.728139405419455],[18.13530651788712,49.728018760071194],[18.135827180343536,49.72805830295349],[18.13613024944275,49.728074005868905],[18.136457624837977,49.728055168994054],[18.13677558778593,49.72819744187596],[18.136929518053076,49.72829356197412],[18.13714729918114,49.72848167190914],[18.137259765748542,49.72858788874926],[18.1373483537472,49.72868742262713],[18.13749243305245,49.72888208105499],[18.137930069729105,49.729043429616276],[18.13797512942033,49.72896458212236],[18.13802404917167,49.72877385811698],[18.13807408058383,49.728535813738965],[18.138098430304584,49.72838466823418],[18.138116974621376,49.72825070200286],[18.138194648596876,49.72819834826292],[18.138324320656967,49.72820725520155],[18.138395461658614,49.72828242037773],[18.138458944678963,49.728439913370686],[18.13858260376875,49.728569418959786],[18.138557271271118,49.7287196060541],[18.138472044780187,49.728829834979116],[18.13836438108205,49.72894330093452],[18.13824656258895,49.729057723790056],[18.13817824193228,49.72912532087401],[18.13843989543389,49.729223862773175],[18.138655108176895,49.72954937080139],[18.138865789797403,49.72958833405578],[18.139061342978184,49.729622826732125],[18.139760090108314,49.729552346068715],[18.140071327362612,49.7296281604468],[18.140364249177544,49.729702481695654],[18.140493797688997,49.729642334557205],[18.140480999297534,49.72937770413406],[18.14044673523149,49.72917810018535],[18.14040975315567,49.72908402930871],[18.140323862920795,49.72889141896493],[18.140385887956867,49.72883122485166],[18.140755313770285,49.72884635471579],[18.141020942968204,49.72899890802671],[18.141264539757778,49.72912701326575],[18.141370800176148,49.72924830626944],[18.14145831583117,49.72916022766486],[18.141474625818574,49.72917243626607],[18.14163758567447,49.72892492402646],[18.141603990717556,49.72883564907174],[18.141734054923106,49.728756215713865],[18.1419763817294,49.72874751250566],[18.142060922000564,49.72872054692586],[18.142129457202746,49.72867705791619],[18.142180974151124,49.728592619364846],[18.142233612381677,49.728549310062625],[18.142353109959355,49.72848416760467],[18.14242781154197,49.728443465683135],[18.142448704821284,49.72835485015982],[18.142475396057282,49.728288225017394],[18.1424850338833,49.72826431381503],[18.14248581171654,49.728261650392824],[18.14250115531899,49.72821098720596],[18.142501933150566,49.7282083237836],[18.14253477216009,49.72821876379392],[18.14254808436685,49.728191360951655],[18.14293494273818,49.728323631452106],[18.143013683788077,49.72804091726588],[18.14307789237598,49.727951152494924],[18.14298740259626,49.72793048763881],[18.143006301291802,49.72792046014681],[18.143163591406374,49.72783733757357],[18.14323772098933,49.72779055571539],[18.14329529296355,49.72774987293212],[18.14333681993656,49.72776504824915],[18.143425948649856,49.727696915978065],[18.143526746789103,49.72761455472138],[18.143619811562818,49.72752760238171],[18.14375715895613,49.7273993925559],[18.144107597386597,49.72710584881187],[18.14438391115767,49.726887877962824],[18.144648472730097,49.726663101774875],[18.14497358884531,49.72647236065834],[18.14561701031341,49.72615357662719],[18.146441486325013,49.725695160209945],[18.14715986444034,49.725322231409095],[18.148539031845626,49.724640692758754],[18.149128121951616,49.72437025189313],[18.150103529305348,49.72392769150042],[18.150872501212273,49.72360030427779],[18.151172283670064,49.72346280400625],[18.151192030452115,49.723481524014794],[18.151244620287482,49.72353847989001],[18.151437078275226,49.72374732683202],[18.151753088692033,49.72401652396726],[18.15200453099318,49.72418241690761],[18.15244104335318,49.72435104819741],[18.152817610204085,49.7244800852347],[18.152863625836854,49.724493977550175],[18.15326712593901,49.72461533525255],[18.153757688479484,49.72471157604735],[18.154838347839966,49.7247349671983],[18.156454786979367,49.72467943432064],[18.156823155463325,49.724668101422054],[18.157154012131233,49.72466754665419],[18.157362162431514,49.72473241654602],[18.157452640580107,49.72480785289627],[18.157560271987776,49.72503065108327],[18.157594929176426,49.72518757932637],[18.15761467024084,49.72536839105898],[18.157589154189655,49.725688604047605],[18.15762409340391,49.72568038631878],[18.157710496994394,49.72551461744427],[18.15772736007098,49.72524409423835],[18.15754722348396,49.724802294682355],[18.15754156307662,49.72478852615742],[18.157717033922847,49.72475921439644],[18.157906605407916,49.724727542932314],[18.15812678745581,49.724690837541246],[18.158334736950042,49.724656055641205],[18.158423180851784,49.72464130400821],[18.15847572691434,49.724681105617556],[18.158521449087058,49.724639383531226],[18.15854557852466,49.72461737597376],[18.15883019754484,49.72450959304905],[18.158949618659477,49.724464376863544],[18.159175614311607,49.724369064407846],[18.159295020408624,49.72431879292864],[18.159413110343515,49.72426898825633],[18.159543440386578,49.724214101075894],[18.159616215775046,49.72418338842922],[18.159780185355945,49.724364251084765],[18.160513664584467,49.72411168730211],[18.1610450555372,49.723919599070115],[18.16105368999725,49.7239164782588],[18.16112495879022,49.72389073349834],[18.161310338496186,49.72406874560828],[18.161427567551122,49.72408829409806],[18.161777084251206,49.72412380159401],[18.162014369099204,49.72423074661219],[18.162141305555917,49.72435075324881],[18.162125905978005,49.72444536735041],[18.16224170857509,49.72456122320398],[18.16254134301313,49.724627024590326],[18.162641975953168,49.724618917000704],[18.162747679270108,49.724610374546614],[18.162926128497865,49.72452174795156],[18.163238357391677,49.724341241705005],[18.16345576569236,49.72418045376804],[18.16361543450184,49.72410926409273],[18.16367349248024,49.72408340131152],[18.1639505617275,49.723998464092844],[18.164031806338233,49.72398339087577],[18.16404994415102,49.723979995851664],[18.164279252736442,49.72393747865591],[18.16432922618898,49.72392821527232],[18.16468345002637,49.72390089470831],[18.165012128443568,49.72386788460763],[18.165163634000223,49.723850020693725],[18.16520521853545,49.72384515547726],[18.16560794906385,49.72379774542284],[18.165630297250733,49.7237951300905],[18.165810939075683,49.72377386113889],[18.165850995339017,49.7237627720563],[18.16607852975293,49.723975201898746],[18.16612934065042,49.724022753399225],[18.16620984709617,49.72409788843867],[18.16636771436125,49.724132007017985],[18.166436428074608,49.72414690818606],[18.166538970209853,49.724169049436306],[18.16661391878156,49.724185206010844],[18.166655177138797,49.72419413028032],[18.166675064534996,49.72419841503507],[18.1670216377968,49.72427336034941],[18.167030217173018,49.72432438685484],[18.16740593337432,49.72480620948566],[18.1680616408456,49.72542021297994],[18.16808525570833,49.72544230744003],[18.1681842703067,49.72553924616304],[18.168240146505845,49.7255140699456],[18.168253486123024,49.72550805614032],[18.168568137851434,49.72536630120991],[18.168664032217713,49.72532308325647],[18.168777111493757,49.72527217373282],[18.16860200386467,49.724733390827765],[18.16856019633234,49.72460449230134],[18.168209308815698,49.72404781693863],[18.16812086943527,49.723907524211235],[18.167831789397106,49.723030523609104],[18.167655001729777,49.722737938738405],[18.16729305193988,49.723126558125934],[18.167209623045117,49.7230886224572],[18.167149290390086,49.7230631854669],[18.167197922178474,49.72300186014573],[18.16727174450221,49.72291371221351],[18.167271544866296,49.72288418868647],[18.167300253226866,49.7227547688345],[18.16730717276069,49.7227344027333],[18.167345391284236,49.722688372105054],[18.16736070683675,49.722660448941404],[18.167401518258977,49.72258586512879],[18.167495646723445,49.722416196347915],[18.167534996027538,49.72234523004187],[18.16760096600753,49.72225645693769],[18.167649960425397,49.72215625364753],[18.167706019562967,49.722000494387494],[18.167690678190255,49.7218156934655],[18.167693157298217,49.72173217071582],[18.16771570319952,49.721717743298484],[18.1679128983901,49.721705802066616],[18.168024468935027,49.72171978925048],[18.168213076076427,49.721737505332726],[18.168297520377553,49.72173894606442],[18.168360390684736,49.721735194483756],[18.168413014669966,49.72171759593159],[18.16893514730278,49.721534878661075],[18.169151579699356,49.72144622760962],[18.169363046722587,49.72123626820315],[18.169417538948316,49.721182042713004],[18.169454337772148,49.7211454978411],[18.16951842246961,49.72087115082958],[18.169546245382826,49.72082579482335],[18.16957592182289,49.720645708294995],[18.16963695320589,49.720407469453804],[18.16966188419383,49.720343267746514],[18.16968505896465,49.720224906120016],[18.169882217640055,49.719824428133705],[18.17000395989385,49.71970803472323],[18.170199961185705,49.71960459805153],[18.170542027781586,49.71944706325279],[18.170605544326044,49.719417806121285],[18.170671631868007,49.71938806268814],[18.1714091455065,49.71905588415747],[18.17152812417855,49.71877796404111],[18.171571206596848,49.71861921314713],[18.171645466930837,49.71840049452936],[18.171689562950682,49.71834486776752],[18.171717979760565,49.71825577319958],[18.171545618921485,49.718152610901285],[18.171296399305053,49.71812614491655],[18.170964005530337,49.71814262449719],[18.17083457913174,49.71816517375446],[18.170663881009162,49.718080695877866],[18.170610738881205,49.71800187751117],[18.1707955158732,49.717890765463395],[18.170845022602897,49.71776495893279],[18.17087240330317,49.71767219579632],[18.170950369020215,49.71767931524757],[18.171136861500134,49.71760611510478],[18.17121248068711,49.71755931187604],[18.171276562987227,49.717496874090465],[18.17130100109051,49.71742596569098],[18.17129857709328,49.71733332102767],[18.171275163987286,49.71723425411645],[18.171263594630897,49.71719921374161],[18.17122190478303,49.717186295301836],[18.17117215598848,49.71718257770361],[18.17112229011822,49.71720971938549],[18.170991862231578,49.717320387484676],[18.170938292858917,49.71735435912689],[18.17087546784614,49.717387806985755],[18.170782180611425,49.71740454927222],[18.170689472049208,49.71741699217347],[18.170613799411925,49.71741352208874],[18.170546764657804,49.71739655183235],[18.17047793719791,49.717373252741666],[18.170311986305872,49.71724319510586],[18.170121285546365,49.71714603196756],[18.17001019014611,49.7171027413736],[18.170012624043054,49.71699367496237],[18.170131132255,49.716820601324656],[18.17023450860903,49.7167692325667],[18.1703590294365,49.716772759928],[18.170474824297262,49.71681008883614],[18.170549376427587,49.716842556580886],[18.170599581012723,49.71688321304914],[18.17068666637041,49.71693218394556],[18.170850502442065,49.716977646193904],[18.170922042232373,49.71698079204163],[18.170971558347237,49.71695624794445],[18.170985895082364,49.71692005621275],[18.17098135318443,49.71687313928673],[18.170927607222218,49.716667483752076],[18.170907567508063,49.71662402186842],[18.1708890694725,49.71649878929523],[18.170898897334823,49.71644645818801],[18.170899947840912,49.71633731356162],[18.170941631669585,49.716188952752596],[18.170853495331233,49.71594615291181],[18.170836220488766,49.71580149520664],[18.170808453419838,49.715704798936265],[18.170785248885974,49.71568588675138],[18.170722904528684,49.71567441646268],[18.17068205122595,49.71568528118526],[18.170611231004994,49.71573677787109],[18.17055991743598,49.71581500985316],[18.17068259223084,49.716024566604396],[18.170629886238892,49.716173115863995],[18.17057341652231,49.716159360701646],[18.17055291023701,49.71614935556327],[18.170398349525893,49.71604638600781],[18.170362589213944,49.7160090738869],[18.170340795411626,49.71597968204351],[18.17032149720179,49.7159203777228],[18.1702955006551,49.71591186683514],[18.170220229856795,49.71592610837106],[18.170169773905048,49.71595763853952],[18.169990419534876,49.71605849683683],[18.169887000217177,49.71609054908557],[18.16981580597538,49.71608381202521],[18.169732901854918,49.71608444452041],[18.16961748294048,49.716032966535074],[18.16965230372944,49.71594594949121],[18.169757298662272,49.71586290431971],[18.16976518745423,49.715834289860325],[18.169695320284855,49.7156770883892],[18.169636477296,49.71561996794271],[18.169479871355794,49.71554151983512],[18.1691521056104,49.715583706187786],[18.16908317381291,49.71549090648862],[18.16922555997589,49.71540203622041],[18.169168869864325,49.715318593647815],[18.169074305131307,49.71504194456474],[18.169121855492463,49.71495032336891],[18.16921280698178,49.71498191548662],[18.16931798014874,49.71503813894474],[18.16946522047128,49.71510549784292],[18.16964117714749,49.71508982604136],[18.169772395360102,49.71501359005917],[18.169950538080844,49.71496203121903],[18.169971696899086,49.71484517989007],[18.169716961596418,49.71472850680559],[18.16936760598293,49.71472019408453],[18.16928209158346,49.71470921642648],[18.169284684252915,49.71468995910521],[18.16927057865664,49.7145931330098],[18.16929386600713,49.71452044494087],[18.169380924183677,49.714449651853364],[18.169683455205664,49.71457417550316],[18.169885499415106,49.71453633416953],[18.169921402799044,49.714502265724164],[18.169932203953838,49.71446235415924],[18.169889326894793,49.7144272562641],[18.169801094528793,49.71437650471623],[18.169616200926118,49.71409465300432],[18.169655343871128,49.71398585924878],[18.1696874232509,49.713959516564664],[18.169723220448223,49.71395621794593],[18.169740824856987,49.71396605904895],[18.169774443639472,49.714029603731845],[18.169799107420825,49.714058345957426],[18.170107685452482,49.714087273569795],[18.17014545485127,49.71407966412143],[18.17020921369615,49.71400926658224],[18.170350928842574,49.71378470935209],[18.170384444644966,49.71370736547928],[18.17044590717635,49.7136033545953],[18.17056749815154,49.713528287888565],[18.17062919900704,49.71352383776054],[18.170680275370433,49.71350732437712],[18.17069544871416,49.71346594544151],[18.170610617336237,49.713328926026804],[18.170692959674593,49.713191801215146],[18.170747652512283,49.71308740709403],[18.170795630460276,49.71304427466148],[18.17082103156428,49.71302721067821],[18.170842488582768,49.71301876811851],[18.170961409640828,49.71298317037749],[18.17098071230008,49.712971086067476],[18.170990983747092,49.71295578310979],[18.17098255700908,49.71290774371762],[18.17090322802631,49.712830150560634],[18.170838876150253,49.71274365779994],[18.17077712298804,49.71269783496354],[18.17070276476213,49.71267431281619],[18.1705516155804,49.71261639075534],[18.170510899470663,49.71258592787027],[18.17050410739828,49.712524713954835],[18.170600585852625,49.71248522913419],[18.170660715130776,49.712401449326116],[18.170762383649087,49.71238337697373],[18.170906765676555,49.712339563438256],[18.170981757134925,49.712307706935526],[18.171128897848078,49.7122340857999],[18.171072852494017,49.71219652823467],[18.171043592028177,49.71216057674114],[18.171049056281007,49.71203931728887],[18.171084087131543,49.71199102975111],[18.17113632067636,49.711875936926596],[18.171162392212086,49.7117628833123],[18.17114787195218,49.711648434996334],[18.171118405437383,49.711555071911725],[18.17099956532072,49.71146910547493],[18.17067600420606,49.71153093651778],[18.170524794145273,49.71155414685813],[18.170439446909565,49.711531626987075],[18.170297332434878,49.711476923252164],[18.170078825408297,49.71144794910137],[18.170118397693756,49.71136282547169],[18.170120892971454,49.71127397866074],[18.170084704360626,49.711129242542],[18.170012581544984,49.7109785013149],[18.16989546818267,49.71077530418524],[18.169689697447012,49.71060418169199],[18.16969001188523,49.71050672771347],[18.169737536652924,49.7104659166521],[18.16980695056998,49.71042688614927],[18.169970038631792,49.71036400678682],[18.170027992093654,49.71019815568645],[18.170054060609292,49.71017715862786],[18.170178279340057,49.710163161262855],[18.17030422942698,49.71016938787454],[18.17040838363927,49.71021553539623],[18.170475947580222,49.710259521533445],[18.170552902953787,49.71026992408805],[18.17074113927519,49.71022182435392],[18.170618359719693,49.710058649705694],[18.170610065646088,49.7099144997678],[18.170668934027663,49.70988452887207],[18.170683558008896,49.709871006582034],[18.170665319511244,49.70977385637379],[18.170576574921597,49.70968146989831],[18.170414559896287,49.70955027948521],[18.170422346400645,49.70951931265879],[18.17045118957162,49.709484934847886],[18.170546925025857,49.709430246048264],[18.170715621760763,49.709347376724644],[18.170765528535753,49.70933124859264],[18.170828571606805,49.70933436551183],[18.170899022328065,49.709355861716645],[18.170955388325574,49.70938170505273],[18.171001371127808,49.70943196037707],[18.171063098847434,49.70946036339863],[18.1711507486516,49.709470919640225],[18.171173333602447,49.7094985512973],[18.17114188166914,49.70955128317442],[18.171144568651822,49.70960784244932],[18.171194571438303,49.709654083361656],[18.171319192492142,49.70972395129603],[18.17135178266687,49.709751697881465],[18.171433402821425,49.70973880825485],[18.171485790320737,49.70960910333011],[18.171493440618097,49.70949744393331],[18.171490946232655,49.7094642707232],[18.17146413965108,49.70943594896366],[18.171384692080462,49.70939029806005],[18.171401225232263,49.709214701786536],[18.171388132317706,49.709167210522025],[18.171388808248427,49.709135299739735],[18.171399680922462,49.70910414653644],[18.171424154098112,49.70907638033341],[18.1715190992348,49.709037891384405],[18.171535438449055,49.70902816639412],[18.171542411053323,49.70900220755618],[18.17155797726188,49.70898891900826],[18.17167096085086,49.708991161454435],[18.171722587974298,49.7090563566447],[18.171793262090958,49.70911342403702],[18.171897952613207,49.70914109910477],[18.171993816989648,49.70919092772316],[18.172000637646395,49.709194021239895],[18.17204886243206,49.709216244526225],[18.172078825062943,49.709225250426336],[18.172100338538858,49.70922051123724],[18.17216717322874,49.709205791714034],[18.172329730789823,49.709184034075975],[18.172358475238784,49.70920416214529],[18.172397637107082,49.709293741499316],[18.172496846503282,49.709292857151475],[18.172628500591614,49.709257708002816],[18.172877244508978,49.70916221736414],[18.173379852831683,49.70896935833387],[18.17390710711122,49.70876706151097],[18.174037567187238,49.70870973181004],[18.174768696574183,49.70838846168173],[18.175770745801305,49.70805913542208],[18.17693425079324,49.70767674856354],[18.176973078901813,49.707664323562504],[18.177477704409313,49.707502789566774],[18.177922124299453,49.7073605025312],[18.17805518309442,49.707317936390304],[18.178144765687232,49.7072892474516],[18.179299560282782,49.706970334441124],[18.179791311205044,49.70679885794496],[18.180157639189865,49.70664005540523],[18.180460147066807,49.70650878126142],[18.181447907379546,49.70613086054792],[18.18167222345771,49.70604498316178],[18.18177783457579,49.705995356830925],[18.18182774228388,49.70597191414024],[18.181982960356066,49.70589900844351],[18.182354154614913,49.70572459068688],[18.182450551658935,49.70567931671516],[18.183059055394004,49.705241417253795],[18.183167961009683,49.705163095847546],[18.183959200062485,49.70468452500769],[18.184867062912456,49.70413528289356],[18.18465722888813,49.70384193977407],[18.18571927085879,49.70311945689471],[18.185902273198295,49.70299495864265],[18.185697545784034,49.70280659597121],[18.185866159025622,49.70265556383924],[18.18557661780827,49.702379651253494],[18.185026779809352,49.70227332615254],[18.184894836527036,49.70218546020619],[18.184796326875777,49.70218332521499],[18.184743193162877,49.702182128828824],[18.18439603541265,49.702185080731326],[18.184311332737394,49.70211639851669],[18.184035361730707,49.70189287120644],[18.183879250037787,49.70176636512823],[18.183616568999035,49.701524725049374],[18.183559233003745,49.70147193813734],[18.183158445100403,49.70136554090869],[18.18283585511141,49.701279896177795],[18.1822879548318,49.70113440757143],[18.182137609430665,49.70109450420412],[18.181814094922807,49.70095465378261],[18.181225852668426,49.700700383982266],[18.181160340735644,49.700674299049375],[18.18108584741239,49.70064463791132],[18.181061280484954,49.70063485603609],[18.181002234633702,49.70061139274516],[18.180417236565276,49.70037860093252],[18.17996874735541,49.700118866605195],[18.17899426964123,49.699120109038944],[18.178357925664784,49.69885750718629],[18.177943059139253,49.69868630589195],[18.177815928172436,49.69824293239678],[18.177797734219816,49.69817953989369],[18.17735913770006,49.6974862441176],[18.17736884555675,49.6974543929498],[18.17737405711422,49.69743735945096],[18.17741852621938,49.69729285512266],[18.177427188009805,49.697264645093],[18.177436637292352,49.69723368181076],[18.17745470016238,49.697174866776216],[18.177094223978013,49.69699870510204],[18.177066412949735,49.69698512868098],[18.1769917380728,49.696948595049726],[18.176917189351865,49.696912158750756],[18.17636467187619,49.696436147135515],[18.176277129025465,49.696360798945825],[18.17614372070367,49.696245762765834],[18.17615362811348,49.696149302884876],[18.17616285471029,49.696058941589065],[18.17616568136657,49.69603067227522],[18.17616671215933,49.696019900408906],[18.17616861639793,49.696001596828495],[18.176110964081722,49.695981277945315],[18.176061295765972,49.69596366697361],[18.175972560342487,49.69593238398576],[18.175688700226857,49.69583221099935],[18.175415466364655,49.69573579724798],[18.175399370286044,49.695720987855154],[18.17535070399075,49.69567626751541],[18.17529658842019,49.69562654576332],[18.175262655960168,49.69559538444519],[18.174633686243073,49.69557225200831],[18.17410854361551,49.69555300596738],[18.174015925831792,49.69554956996982],[18.17346188533683,49.695481393781876],[18.17316136304413,49.69538929641461],[18.172659267724953,49.69536421820468],[18.172534748074256,49.69535798258583],[18.172169098281934,49.695321852733684],[18.171564966476925,49.6952196046705],[18.17105633548179,49.695133500070305],[18.17049161770467,49.695100264153545],[18.170341654193322,49.695060816783716],[18.16998016271257,49.69496589038682],[18.16949566705892,49.69503854521292],[18.168907420135074,49.69492066625285],[18.168748917171943,49.6948888558281],[18.168660702329145,49.69485064695272],[18.16819559150905,49.694649034291466],[18.168005238704605,49.69456650201181],[18.167808184219652,49.69444487148504],[18.16762218549298,49.694330003981094],[18.167542843094637,49.69416801906549],[18.167191249409484,49.69415053913281],[18.166872087226444,49.69414328890993],[18.166278066888783,49.69417380493736],[18.166230007029952,49.6941763166797],[18.166093519881528,49.69419078581732],[18.16603889556486,49.69419761869074],[18.165608558955686,49.694251394506836],[18.165229391506024,49.69430229214797],[18.164530791665197,49.6943334618634],[18.164040733844345,49.69434097749103],[18.163814322333426,49.694329950347544],[18.16304345900275,49.69429230416505],[18.16292603883178,49.694277796238794],[18.162379179410063,49.69421638086753],[18.161536553695235,49.69418575749655],[18.161413239162812,49.694188152166994],[18.161099843019255,49.69412570740184],[18.160876080189684,49.69409812782138],[18.159782516916806,49.69393187172862],[18.15960551718923,49.693912447127545],[18.15799424760299,49.69363892244931],[18.156522446488683,49.693377439901454],[18.1559980346933,49.69336013789297],[18.15587212625023,49.69336526755045],[18.15574487660532,49.69336589852828],[18.155662423030897,49.69336862022941],[18.155183391567835,49.69338105622723],[18.1544833409437,49.69333013273282],[18.153797181144405,49.693368081376605],[18.152961254094034,49.69348073783749],[18.15227133662624,49.69348669494121],[18.151597157561984,49.69342756583557],[18.150816803164854,49.69330157164471],[18.149029427398247,49.6928272103091],[18.14872139768561,49.69275916924857],[18.147295536776454,49.69231244618878],[18.146001991896807,49.69192972381011],[18.14570058085073,49.69189824258769],[18.145524211465858,49.691939122054954],[18.145331591689523,49.691890176476825],[18.14526373564631,49.6918734130935],[18.144833382275415,49.69186438457213],[18.144437691056257,49.691821222888144],[18.144191573001905,49.69182329689211],[18.143971006600797,49.69182366409815],[18.143913128022678,49.691824705857925],[18.14386825625862,49.691822154809614],[18.14378174942158,49.69182192994285],[18.143416661707246,49.69182102920253],[18.14333062302592,49.69182660695128],[18.142794391082102,49.69189070476634],[18.142194184053963,49.69200197592363],[18.14215501291652,49.69201283541576],[18.141552118678426,49.69217999921741],[18.14138557525585,49.692234608813465],[18.141156226063032,49.6922989136795],[18.140797718556314,49.69241399644332],[18.140461311579514,49.69255804372554],[18.14014397081822,49.692706153128796],[18.13881293358681,49.69337179159092],[18.138695034884403,49.693431872990935],[18.13864003255152,49.69346204796293],[18.138614489761405,49.69347602841214],[18.138266561356833,49.69366607679963],[18.138001649813692,49.693812200186535],[18.137890742283297,49.69387303970866],[18.13787944471145,49.69389279465138],[18.13781198100512,49.693930744258],[18.137298869745166,49.694218704925035],[18.13670835447121,49.694470939826225],[18.136648650440915,49.69449985360115],[18.136610900234754,49.694519727610086],[18.13645347738326,49.69460246827967],[18.135453982069762,49.69467401427785],[18.13546369569391,49.694946779061226],[18.135369206640775,49.69504871494164],[18.13533543494909,49.69507928474085],[18.13519255219339,49.695208791848],[18.13515270724036,49.69524208460133],[18.135096713947068,49.695288808821864],[18.134952227993956,49.695299537848804],[18.13489372940546,49.69530821186619],[18.134810540598664,49.695338946900826],[18.134720577739145,49.69538581310433],[18.134682178761533,49.695414584981464],[18.134688957277223,49.695443672264936],[18.13469513279014,49.69547001754067],[18.134719449601533,49.695537108167834],[18.1348121263046,49.69560799996822],[18.135094445196284,49.69564293425192],[18.135341765759822,49.695675334166474],[18.135473987492084,49.6957336743303],[18.135481359550166,49.69582832109334],[18.13541216922581,49.69591499971455],[18.135377825140697,49.69600122485483],[18.13533685069109,49.696089148472055],[18.135351980812732,49.69614804422131],[18.13540384299112,49.69634992017508],[18.135453665505697,49.69656070555566],[18.135536880072486,49.696589450055555],[18.135658206031724,49.69658435160067],[18.13577850022102,49.69657350818021],[18.135985812921586,49.696648666974],[18.136137557896046,49.69663573217024],[18.136257718238934,49.6965610698056],[18.13639846682189,49.696475123735475],[18.136410220560254,49.696375879516985],[18.136365306129004,49.696285143501854],[18.136366351917747,49.69621877476766],[18.13644726239358,49.69616065170416],[18.13665744486351,49.696118910979926],[18.13693682596397,49.69606756942127],[18.137128119977216,49.69603070989452],[18.13715278265572,49.69602633695757],[18.137625306709957,49.69594193967108],[18.13763083949967,49.69594938468777],[18.13769285094748,49.69603306018201],[18.137717445803798,49.69606622961498],[18.137767987287464,49.69611639935998],[18.137794847182423,49.696143108988785],[18.137864933408693,49.69629466474449],[18.13787508352374,49.69632249946337],[18.137888448336593,49.69637389329281],[18.137908191499523,49.69643368278114],[18.13794992813642,49.69650781069651],[18.137959903863543,49.69652561710715],[18.13798138419917,49.69660445908456],[18.138009182303897,49.69667671083171],[18.13802640608959,49.696698539845265],[18.138060877929778,49.69674201873118],[18.138108435901643,49.69678236115802],[18.138292640236802,49.6970325601632],[18.13838931305097,49.69715421906665],[18.13855973678578,49.69717294037418],[18.138973574536823,49.69723655682567],[18.13948354338957,49.6972673717442],[18.14064548844666,49.69720385451265],[18.140705166189193,49.69720499218664],[18.140833911897772,49.69721809058053],[18.141029026542107,49.69723532426878],[18.141129713507702,49.697223360266484],[18.141328008643452,49.69720367943248],[18.141336613209464,49.69720281492381],[18.141615364620574,49.69716848457065],[18.14177998291823,49.69735989011686],[18.141790957729945,49.69737134479872],[18.141918469456275,49.69750477213297],[18.14199776708399,49.69758518568158],[18.14206594569909,49.69766550845678],[18.142122605913006,49.69777649476027],[18.142073235148896,49.697882354673396],[18.142017657973277,49.69796412458245],[18.141831372600087,49.698146136560595],[18.141657104195684,49.69824128416012],[18.141041140544583,49.698555002825245],[18.14049565545061,49.69882182304154],[18.140351776647226,49.69889387710331],[18.139995852817247,49.69911299083293],[18.139958367075362,49.699136039990236],[18.139724090768624,49.69921080402932],[18.139660577531288,49.69925448523875],[18.13954304262,49.69934780277343],[18.139479715958384,49.699401422600516],[18.139423507574143,49.69947855265994],[18.13927008268381,49.699695283430295],[18.1391723834296,49.699826101876056],[18.13901044181726,49.699990541379826],[18.13880654998334,49.700194563106706],[18.138567056106886,49.700284191303524],[18.138509688189664,49.70041206886549],[18.138539905071138,49.70050864624549],[18.138639462151726,49.700566838373106],[18.138566117044334,49.70058441755288],[18.137914044629312,49.700740828900685],[18.13773243327496,49.70079548036954],[18.137629884846298,49.700826289657265],[18.137466401663602,49.70085904725155],[18.137191066427516,49.70091423197645],[18.13692159827225,49.700968215586606],[18.1366315416496,49.70102626188638],[18.136467243288518,49.70105166107293],[18.13646345694769,49.7010395318746],[18.13643782715262,49.700956392102995],[18.136372325440437,49.700966383565785],[18.13609424145487,49.701008954121825],[18.135819994507845,49.70105093011088],[18.135626887550888,49.701080465007514],[18.135604449001004,49.70113523676733],[18.1355573640706,49.701143839026386],[18.135292871720708,49.701191874604724],[18.13500886645907,49.70124322153434],[18.134523281832145,49.70133219303609],[18.134007048104003,49.70142654813243],[18.133542059871957,49.70151650771426],[18.133010386574192,49.70161900526971],[18.132891505251578,49.70164193107499],[18.132498703474127,49.70169511066054],[18.132293020775055,49.70172293146731],[18.132003497373226,49.70175536451804],[18.131710875123666,49.70180657418974],[18.13174259114505,49.70184367036672],[18.131672487059497,49.70184960648967],[18.13158223835349,49.70187380048544],[18.131475316000444,49.70190191874178],[18.12995507791438,49.70234748742158],[18.1298666844439,49.702379547905494],[18.12982753595884,49.702392210294924],[18.12978809913671,49.702404946504835],[18.129726255708526,49.702424890493994],[18.128516270721178,49.702815277133396],[18.127905797225257,49.70300207593238],[18.12729889281831,49.70318817261489],[18.126671087296835,49.7033744291899],[18.12628906445364,49.703485516326474],[18.126035878245478,49.703548527368916],[18.12542620440566,49.703708734134814],[18.124723774508453,49.70389614312742],[18.124386848882235,49.70397937862063],[18.124275644540962,49.70401437698909],[18.12391798944883,49.704126304537006],[18.1234756088366,49.704281146597616],[18.123207597442793,49.704375438203876],[18.123033026633735,49.70443642693364],[18.12260356265322,49.704587309101676],[18.121904019904292,49.704848697379816],[18.121930115540298,49.704882046219616],[18.121070021239515,49.705229224916046],[18.12008619101422,49.70568929196516],[18.119975945426532,49.70574076813826],[18.119968825263314,49.706023137838],[18.1200327820161,49.70647410057492],[18.119798953681972,49.70686520543648],[18.11964327338061,49.707193165075715],[18.119571389026813,49.70745739929802],[18.11956203038506,49.70755307963137],[18.11962118425531,49.70768850013693],[18.119628764200883,49.70791890779537],[18.119628957993005,49.70792568813743],[18.11966174103087,49.70801953016514],[18.119751696652614,49.7082767494803],[18.11969638552307,49.708706106784355],[18.11966312139343,49.708781018235996],[18.119605994719414,49.708783536191106],[18.119592777613143,49.70886148651403],[18.11957330033668,49.70897635595332],[18.11957063745981,49.70900932843274],[18.11958801998798,49.70905048436058],[18.119602741979648,49.70909175929826],[18.119607112545488,49.70912007856271],[18.11960401871664,49.70915212388741],[18.119592096868768,49.70921949774455],[18.119582217167512,49.70927489362888],[18.11960272966825,49.709311444449064],[18.119661142713106,49.709437977253074],[18.119713879767204,49.709541712235904],[18.119736610577064,49.70963579306048],[18.119745325137988,49.70975317306068],[18.119714121606826,49.70980365213475],[18.11966882348474,49.709865692494766],[18.119586637809604,49.70990929228519],[18.119437622796006,49.70997254693772],[18.11938904314709,49.709989000703544],[18.119311410890106,49.71000415828711],[18.119236232670936,49.710020719404845],[18.119084216118452,49.71006710486501],[18.118962932997267,49.71010341961972],[18.118789398504592,49.71018838067142],[18.118533508007648,49.710313049862386],[18.118170713800207,49.710490106394985],[18.117739834811623,49.71070732301391],[18.117483821500663,49.710917998403154],[18.1173901824486,49.71099776835226],[18.11725214661958,49.71112879843658],[18.1171898303065,49.71118697881091],[18.117044069574618,49.71137903317822],[18.117034235767242,49.71139201066966],[18.117002284652948,49.711430532590754],[18.11699295797271,49.71144182412673],[18.116968985478334,49.711470782732405],[18.116868949510337,49.71159152521645],[18.1166786229016,49.711837086119345],[18.116641353133737,49.71188505227219],[18.116316245927546,49.71214016097757],[18.116013097755836,49.71237702648609],[18.116001876782725,49.712385863169466],[18.115713963114125,49.712622243577506],[18.115623721310502,49.71269949857676],[18.115595239078985,49.712730907325],[18.11549652453978,49.71283674160583],[18.115369064820516,49.71299129895543],[18.115268659479703,49.713205977348196],[18.11519560535971,49.71336066110664],[18.11511758039172,49.713521198643456],[18.115066949196876,49.71362553482684],[18.114983415672043,49.71380101142812],[18.114920278073146,49.713924670941225],[18.11487148288292,49.71401855173698],[18.11485346617848,49.714043607850506],[18.114805368859678,49.714110812247476],[18.11477419875233,49.7141507321651],[18.11472260722796,49.71421701504594],[18.114650085269556,49.71429392701585],[18.114526622680312,49.71441694124257],[18.114557273503223,49.71450389376268],[18.1144896608477,49.71451285120685],[18.114411973721435,49.714523219250026],[18.11428214982269,49.714638739844936],[18.114261729483992,49.71465688938259],[18.11413013889059,49.71477619007733],[18.114035532596713,49.71480454623468],[18.113995199966542,49.714816594960574],[18.11399785689275,49.7148298339633],[18.11400570950011,49.7148683708769],[18.11386649244298,49.71493515740799],[18.113798203180938,49.714978825029725],[18.113756385283104,49.715010013760896],[18.113693832007826,49.71505346721318],[18.11351228655195,49.715186974426636],[18.113520357727175,49.71522389922704],[18.113547732031417,49.715348302425106],[18.113572329596607,49.71545214888711],[18.113557244475,49.71565039593885],[18.113541239680373,49.715736490604854],[18.11351603461726,49.715854462542616],[18.113421370425176,49.715941662958926],[18.113414043577954,49.71594846531322],[18.113281228543098,49.715998828897476],[18.113381849232656,49.716184546426284],[18.113358213032864,49.71627968248477],[18.113264148005776,49.71636348724011],[18.113160745343453,49.71637355999804],[18.11303321768687,49.71631013962626],[18.11270472485583,49.7161869582571],[18.112526212522752,49.716137143660085],[18.112343864769578,49.71614325006013],[18.11224484575932,49.71619689595769],[18.112227235924138,49.71624661534791],[18.11220157392799,49.7163699765535],[18.112243848284493,49.716468695113875],[18.112450111754345,49.71662885491434],[18.112569320303876,49.71668178236617],[18.11274412872462,49.71678553987304],[18.11297642948732,49.71697642844745],[18.113079373976053,49.71706200263052],[18.113278872384523,49.71716130189054],[18.11343864774026,49.717183058499266],[18.113752677895068,49.717227248755364],[18.11390823806754,49.717332342498025],[18.1141391469623,49.71757044374554],[18.114405134683576,49.717640411299996],[18.114605364916244,49.717625664438664],[18.114988250058378,49.717548232894245],[18.115067824608943,49.71750656237002],[18.11511207509284,49.717383629998345],[18.1151307436434,49.71727584505052],[18.11506927967139,49.71714308889426],[18.115012546911327,49.71696727916144],[18.114994241978675,49.71691036520462],[18.11497803258369,49.716765208882144],[18.11497226492625,49.71662209257585],[18.11499543411916,49.71652422200739],[18.11505356705646,49.716429249394196],[18.115149309454885,49.71636485417797],[18.115297234423245,49.71629648704888],[18.11548915235462,49.71621474499754],[18.11567547066781,49.71618963548371],[18.115821869203113,49.71613968340044],[18.11610746856729,49.71597690999879],[18.11624353482695,49.715983590968456],[18.116317118517156,49.71605782926693],[18.116301719444795,49.71622257263038],[18.116190952748646,49.71647357568182],[18.11589724384667,49.717001699315794],[18.115903138392127,49.71710492893087],[18.116074160634952,49.71736894223381],[18.116186338913018,49.71740088586201],[18.11690438789771,49.71744474301843],[18.11706851622908,49.7175298325885],[18.117185045861007,49.71780770322938],[18.116957574882232,49.71806215758989],[18.116859366342982,49.71826062590443],[18.116868770230234,49.718322627498324],[18.116969016882198,49.71841481301168],[18.11720975557375,49.7185190749734],[18.117745583060383,49.71853637428118],[18.11811339737298,49.71869517772614],[18.118198787638903,49.71875221693518],[18.11822202087091,49.71876771249534],[18.118567712306046,49.71883616887348],[18.11876037936395,49.71879715551014],[18.11914153835451,49.718676017774214],[18.11942858096017,49.71840103906026],[18.11958793922905,49.71822889148222],[18.119520281614765,49.7180842324084],[18.119374701642258,49.71799885063126],[18.118852373652743,49.7179364779052],[18.118661323533964,49.717787127014844],[18.118431569642205,49.717386458908315],[18.118172393022242,49.71702517865906],[18.118138788455692,49.71697840403828],[18.118300014429607,49.71678325886721],[18.11851853955045,49.71666133104602],[18.118669165094758,49.716599702691546],[18.118943558982846,49.71652049338095],[18.119070307664256,49.71651788459155],[18.119272213904765,49.71656153164973],[18.11950496140319,49.71663744408506],[18.119702347550188,49.716711339374534],[18.120285616760878,49.71699858407825],[18.120417169404497,49.71702522012413],[18.120534674687853,49.71702713696883],[18.120912083204896,49.716971487480194],[18.120983326978518,49.71693782239906],[18.121372541163733,49.717059928189066],[18.12166615347823,49.71726701926358],[18.121723648624762,49.71736244915526],[18.121704460266063,49.71746596259893],[18.121572593333088,49.717902507098465],[18.121598580706046,49.71797673550314],[18.12171393132473,49.71809207095982],[18.12193435987971,49.718203468434346],[18.122187333127496,49.71835923150382],[18.122411858941238,49.71852050256817],[18.122586150970957,49.718642626573626],[18.12266082597249,49.718719178621974],[18.122814749747256,49.71907571044166],[18.12301636488888,49.719504547856474],[18.123144832619104,49.71974085053812],[18.12322343882738,49.71980896149748],[18.12362277680059,49.71996954264566],[18.123929883681093,49.71999309200109],[18.12421231372682,49.71990909295212],[18.12450838631438,49.71980249433211],[18.1248371070418,49.71971896558971],[18.125193708919763,49.719678271680756],[18.12527456277486,49.71967538734207],[18.12536911103675,49.7197070390064],[18.125543294385306,49.7197653406168],[18.125574278956933,49.719789399232106],[18.125747574516957,49.7199240968149],[18.125838386854205,49.71999461607459],[18.126070813812248,49.720228172810266],[18.126236576393378,49.720313702076695],[18.12648703775255,49.720453245615325],[18.1265433055239,49.72052495526181],[18.126887558628848,49.72068635753997],[18.127082954739,49.72089018403204],[18.1270756782022,49.721122629735916],[18.126954806217306,49.72143723618745],[18.126973222751406,49.72161157650105],[18.127201930627248,49.7218202783804],[18.127350797765626,49.72187027525684],[18.12773015352074,49.72188366849608],[18.12792656381427,49.72182526752397],[18.128207056901925,49.72160865295237],[18.12848645270559,49.72133538501304],[18.128692757776886,49.72119776037895],[18.128825535720274,49.72119593498193],[18.128927393851235,49.721312388765654],[18.128929913798313,49.72152499410503],[18.128917305083082,49.721668414403226],[18.128892552782563,49.72174733243847],[18.128695531852262,49.721894511758535],[18.128563379286586,49.72196568910231],[18.128183405499932,49.72221680294395],[18.128044017292282,49.72235986255988],[18.128014631717623,49.72250070281957],[18.12803417443829,49.72258764898834],[18.128294360287207,49.72274904170206],[18.128550842962962,49.72282475073984],[18.128817909580714,49.72282542763959],[18.128971890336793,49.72277913984148],[18.12930236229508,49.722571776747095],[18.129749786686627,49.722356089335],[18.130172128454557,49.7222587414593],[18.130545424718257,49.72221410713534],[18.130773107485652,49.72226912782202],[18.13089598906164,49.72232702715831],[18.1309124929173,49.722357299673085],[18.130924527402094,49.72240618114203],[18.13088345277179,49.72262208051179],[18.130800871909845,49.722762058906646],[18.130635605744388,49.72303352562612],[18.13062380069133,49.72304359398564],[18.130586521439884,49.72307522728148],[18.130326130084054,49.7232966019077],[18.130015498910453,49.723517823470345],[18.12970642391847,49.72378200431747],[18.129518821113226,49.72389867356008],[18.129311892734965,49.724028502566476],[18.129245610287743,49.72410875646592],[18.12931943539798,49.7242780372786],[18.129395303654533,49.72434797276356],[18.129487870609438,49.724383027509404],[18.129670432769462,49.724395046319884],[18.13006039779224,49.724491618561856],[18.1304638361413,49.7246038485512],[18.130841638055525,49.72479846492156],[18.131114923819847,49.724866369146206],[18.131270008278413,49.7248849442364],[18.131706469566883,49.72494047358375],[18.13182088364013,49.724969459093444],[18.13195128191959,49.7250089212619],[18.132263052801843,49.72522342124418],[18.132772063846755,49.72551124012693],[18.13318388689185,49.72575598011797],[18.133617023588247,49.725893715376095],[18.133918735970028,49.72597487276176],[18.134059519873336,49.726052830283514],[18.134128838470517,49.72608791206818],[18.134267381272963,49.72623487705486],[18.134440216697175,49.726527568792534],[18.13454173217937,49.72661998871244],[18.134807386350325,49.726898645517316],[18.135020831158492,49.72713822967647],[18.135093966714194,49.727385807116946],[18.13507808241405,49.72768725704431],[18.13505204580381,49.727948507603486],[18.135107520362805,49.728067369784],[18.13513672225186,49.72811803920231],[18.135185484808154,49.728139405419455]]]},"properties":{"id":"obec-599743","code":599743,"name":"Petřvald","count":589,"kind":"Celá obec","parts":["Petřvald 1-Petřvald","Petřvald 2-Petřvaldík"]}},{"type":"Feature","geometry":{"type":"Polygon","coordinates":[[[18.08990634442381,49.74337873437108],[18.089970841565307,49.743166166173026],[18.0899654230796,49.74290861744748],[18.090111755009417,49.742843614654426],[18.090307232527625,49.742665352112034],[18.090476968830927,49.742547172350314],[18.09064418836857,49.742453579291826],[18.090668176722843,49.74233788655653],[18.09069571574892,49.742336123515706],[18.09082024908074,49.74232781837709],[18.090950684457344,49.74231912890122],[18.091133124656697,49.74230800070734],[18.091239667354458,49.74229884579571],[18.09137635134706,49.74225350735486],[18.091416756914608,49.74224011516987],[18.091429201519276,49.74222340753089],[18.09145001705822,49.74219535512569],[18.09145440764758,49.74219073246279],[18.09147375875388,49.74217035850201],[18.091778496319225,49.74232264847643],[18.0920316937971,49.74248011090812],[18.092415246029557,49.74277256905089],[18.092591893024284,49.74291535931303],[18.09259598633252,49.7429149617632],[18.09264330939404,49.74291008833296],[18.092663694805857,49.74290665178947],[18.09270479910269,49.74289835363556],[18.0928482409181,49.742837153631314],[18.09294584961015,49.742795443966074],[18.09303580990643,49.74273831357456],[18.09326440489349,49.74259290072398],[18.09360369322157,49.742377192012356],[18.09368267646332,49.74232701480464],[18.09374105422458,49.742288023926356],[18.094085610127433,49.742074510894895],[18.094611177926488,49.74174887264426],[18.094867945220326,49.74158981531724],[18.094951767087775,49.74153783827229],[18.095043104527942,49.741483854169196],[18.095206522964876,49.74139761955207],[18.096018493087126,49.74096921930618],[18.096250187597693,49.740845911666554],[18.096306654085527,49.74074218528942],[18.09649043708735,49.74062092035591],[18.09649917125503,49.740538382128996],[18.096620291683763,49.740349539468376],[18.09667798790695,49.74014984827395],[18.09677590153943,49.740092538608884],[18.096856956082355,49.74012732107109],[18.096976291542877,49.74014281148529],[18.097055019290572,49.74024786230524],[18.09727403598238,49.74038738245268],[18.097227375885325,49.740486615556996],[18.097251829155162,49.74062204787673],[18.09721915715428,49.74080060582665],[18.097291816217595,49.740812162606694],[18.09741941270351,49.740832457330555],[18.097568492576517,49.74076453450304],[18.0975870089678,49.74065719315189],[18.097785936921117,49.74056071100127],[18.09789021070144,49.74054158242064],[18.098053624549642,49.74051157496376],[18.098253640121634,49.74045107710897],[18.09827521507851,49.74044093832087],[18.098420321471774,49.740372516542706],[18.098411842996594,49.74023736632922],[18.098500694826694,49.74017908585493],[18.098532813126308,49.740157996867396],[18.0985148680095,49.74007600902197],[18.0984025478236,49.73999774053721],[18.098297040486415,49.73985307035191],[18.098322054001482,49.739786987523416],[18.098350241808756,49.73973543728776],[18.098527683521027,49.73980695978975],[18.098682904656098,49.73982892319429],[18.098968793567746,49.73989464178836],[18.099015707302996,49.73995617265591],[18.09903958325378,49.74002324585566],[18.099289857049992,49.740160307065594],[18.099585771753546,49.740216849336036],[18.099646093064912,49.740166594501744],[18.09960525465904,49.740095212125766],[18.09969437184953,49.73998585988964],[18.099800588499065,49.73988696232781],[18.100108102983217,49.73971093951857],[18.100109543993106,49.739652263853166],[18.100252253813576,49.73964950123634],[18.10056269728875,49.739511282474695],[18.100898271558687,49.739491293483],[18.101315696931017,49.73940097775225],[18.10146765201816,49.7393865573301],[18.101640506769716,49.739308616307724],[18.101712902529577,49.7392269188831],[18.101802901276084,49.73914379057674],[18.101916091362423,49.738938334309104],[18.101896239513863,49.738924563554605],[18.101902997080916,49.73890048987605],[18.101972774764267,49.73865175571671],[18.10197710638523,49.73863629840375],[18.10185725035229,49.738464997905176],[18.101821570332017,49.73842938258636],[18.101793357226683,49.73840132442159],[18.101645023479946,49.738301143874196],[18.101663885477123,49.738221892355156],[18.101674974347176,49.73817622381041],[18.1016834584164,49.73813843934328],[18.10169550810566,49.73811845899443],[18.101735741484998,49.738053065138295],[18.10190064273625,49.73805707494526],[18.10196559823325,49.73808939933686],[18.101997289525336,49.73810520066373],[18.102097158382442,49.73813681272071],[18.102296446666042,49.73816444923496],[18.10264229879002,49.73820190572452],[18.102741105946183,49.73816865134335],[18.10278747550496,49.73815333998952],[18.10297446109305,49.73813424072111],[18.10303967827993,49.73817488314743],[18.103114024774364,49.7382211016728],[18.103125996496825,49.738242635372046],[18.10316258634031,49.73830637243345],[18.103163325929163,49.738348023568165],[18.103164377588293,49.73838021546097],[18.103231351915387,49.73842944239697],[18.103308405784613,49.738558130614116],[18.103371274618212,49.7386406084919],[18.10342050646657,49.73867284578815],[18.103456631090758,49.73867039714764],[18.103482232897814,49.73866852055232],[18.103684221857492,49.738608758796715],[18.10382112873395,49.73857082094252],[18.103888851636377,49.738469179231494],[18.103910218252945,49.73843086719092],[18.10396267565835,49.73833701794585],[18.104028465732593,49.73822091475774],[18.104153386919148,49.738161532467835],[18.104306966644888,49.738211916257285],[18.104511103085027,49.73822132308403],[18.104756557819915,49.73816142553941],[18.104907358994616,49.73812473162651],[18.104942991875138,49.73809517716183],[18.10508217824655,49.73797902455243],[18.105306409698514,49.73779254563354],[18.105416870713587,49.73770020435171],[18.10542445390854,49.73769359745876],[18.10561830789378,49.73760656149015],[18.105984786392124,49.73757117527744],[18.106027900598566,49.737540874537935],[18.106183439787728,49.737437568937715],[18.106247719971687,49.737375533130994],[18.10630891956617,49.7373156680318],[18.10632382513268,49.73730027307023],[18.10643476682705,49.7371828668504],[18.106502488645106,49.73714467499119],[18.106635510570605,49.73702464872602],[18.1068886909506,49.73679622642109],[18.10696541568272,49.73683725307918],[18.107110051449418,49.73678747821345],[18.107288873667713,49.736725936503824],[18.10736243679136,49.73670008206632],[18.10738952353594,49.73669034683659],[18.10743652993839,49.73675124745914],[18.107562052989273,49.736913749102776],[18.10755329828103,49.737289532311294],[18.10763354394165,49.73739583510691],[18.10769955298926,49.73748291230184],[18.10777636406129,49.737584776717284],[18.10788250437667,49.73764607547687],[18.108049564975424,49.7375768207723],[18.108358845973854,49.73745097245451],[18.108584473315787,49.73740573022916],[18.10878387491573,49.7376230829308],[18.108852303902335,49.73772618277871],[18.108896355155103,49.737791426755344],[18.108852474935677,49.73788269861883],[18.10865696256249,49.73806495663188],[18.108618683074923,49.73808019058342],[18.108530740612416,49.73811551415754],[18.10852766677381,49.738209838009226],[18.10852496848026,49.73829217908436],[18.108554434597412,49.738327437274584],[18.10878401969548,49.738395512757386],[18.108874821868707,49.73840882038799],[18.108905157093503,49.73840080462472],[18.10906341694178,49.73835839387716],[18.109209896611873,49.73831043647471],[18.109371792627407,49.73820848269037],[18.109507761443414,49.73812616868975],[18.10963859636218,49.737989407167255],[18.109757963512138,49.73786426582256],[18.109767693003466,49.737808049522314],[18.109727343790926,49.73774527371999],[18.109614509328182,49.73756824594086],[18.109660134491353,49.73743645777128],[18.10973162267677,49.73736643790637],[18.109786615093224,49.7373388899707],[18.10995174734148,49.73726022619225],[18.110021368243455,49.73725517498759],[18.110088087156473,49.737249958076525],[18.110157053598694,49.73724459866038],[18.110387318248243,49.73722669497456],[18.110426772390895,49.7372335502991],[18.110512606652083,49.737248558835475],[18.110525527727777,49.73725083078389],[18.11059454991716,49.737240961441145],[18.110596256873038,49.737240697850424],[18.110746493262678,49.737217322644376],[18.110986229181712,49.73714201341391],[18.111278958137135,49.7371573679893],[18.11175932173284,49.737220526405615],[18.111782010164237,49.73721035865994],[18.11187765693147,49.73716852278176],[18.1120911911748,49.736897573374264],[18.111880813442628,49.73666867940423],[18.111756511697717,49.73597436842793],[18.11174336860021,49.73590096140551],[18.111615695168428,49.735809554899255],[18.111180478707738,49.735367094301715],[18.111272334638684,49.73508974247036],[18.111261991825625,49.7348399522711],[18.111400388810786,49.73454801782524],[18.111408443700793,49.73453178002823],[18.11140958918368,49.734529498726815],[18.111496221284366,49.73436539204418],[18.11145873440664,49.73435124815097],[18.111444947651755,49.73434612887796],[18.11036738139891,49.73402557928676],[18.11041149539164,49.73395201084546],[18.110664628066882,49.73354947320245],[18.110864367201838,49.73324163576378],[18.111043035672516,49.73296382428444],[18.111187861874487,49.73275060034685],[18.11128121367142,49.732619008984],[18.111325281946666,49.73256727993964],[18.11140929455571,49.73246855055782],[18.11146729912065,49.73242185906473],[18.111475258714794,49.73241554411959],[18.11159483490267,49.732319476437134],[18.111614532622518,49.73230363243921],[18.111809153561662,49.732180980162944],[18.11206771554033,49.732060172014194],[18.112085640100883,49.73205532836982],[18.112137105626264,49.732041387738384],[18.11217338140812,49.73203163452218],[18.112875870448672,49.73176106260994],[18.113467717528824,49.73158535125383],[18.11394873705239,49.73139004549815],[18.114169337256094,49.73126878196496],[18.114436760548966,49.731086739082585],[18.115626586736237,49.730239688178195],[18.11570993638811,49.730175486897586],[18.116186170595235,49.729821409361364],[18.116212264660707,49.72984663538448],[18.11623048862967,49.72986419192497],[18.116296990143976,49.72992818661092],[18.116576836050257,49.730198131759224],[18.11687533687594,49.730454789241975],[18.117012416049715,49.73054149204313],[18.117187830477647,49.730652493944376],[18.117497435118334,49.7308130276952],[18.117611300111502,49.73085842207331],[18.11784615167749,49.73095214377024],[18.118253739359307,49.73111302810686],[18.11866294810485,49.73127634995794],[18.118877353893872,49.7313689035046],[18.118952247306186,49.73142958404455],[18.11897239508192,49.731466835380715],[18.119145050004537,49.73166594722874],[18.119164766139495,49.73165199855106],[18.119185445007584,49.731637111941666],[18.119222423343228,49.731610879787354],[18.119351595165895,49.73151887227122],[18.119418726362397,49.73144282284219],[18.119588665460782,49.731321278924796],[18.119626480052816,49.73129401126785],[18.11969996807545,49.73124088820986],[18.119823808996006,49.731164551710584],[18.11988180434085,49.73113735142811],[18.12041848372553,49.73088562491731],[18.120466257714078,49.73086704783877],[18.120511329368128,49.73083965209675],[18.120641100045287,49.7307698805634],[18.120740703929595,49.73071616977323],[18.121077819893785,49.73055595675913],[18.12112752942794,49.730532345167504],[18.121611658789096,49.730391792517665],[18.121748003602004,49.73035154733788],[18.12210105418243,49.73024729611153],[18.122253378146315,49.7301590422863],[18.122316539591047,49.73012247796061],[18.12248947552467,49.73009577985679],[18.122675277913267,49.73006250399928],[18.1230460394173,49.73006684459948],[18.123168059663993,49.730071631643355],[18.123221082469136,49.7300779925194],[18.1232539322444,49.730074990567694],[18.123602922883133,49.730028357817915],[18.123920758421786,49.72994655426513],[18.124284618864994,49.729865206001875],[18.124596325752943,49.729786481288436],[18.124650097801418,49.72977293767396],[18.124886695971433,49.72971312894901],[18.124929996130348,49.72970801422117],[18.125136619177038,49.729699838545],[18.125362486294733,49.72973355434692],[18.125507559047875,49.72973775680176],[18.126154114416156,49.7297567145164],[18.126229690334522,49.729754881764585],[18.12695208647969,49.72973717867931],[18.127007823580026,49.72973584018299],[18.1270822819261,49.729734033494076],[18.127437015117575,49.729788802904665],[18.12751242831107,49.72980049838587],[18.127877993188754,49.72984315720489],[18.127973672012857,49.729854291510236],[18.12798344025626,49.72984591244534],[18.128032095289015,49.72983929639294],[18.128071755204928,49.72982918969634],[18.12817596355969,49.72980615143009],[18.128247538207,49.729786579988065],[18.12825679848144,49.72978503139287],[18.128575547992334,49.72973133723136],[18.128658480411648,49.72971836908952],[18.128895896064442,49.72968125321574],[18.129091574412982,49.72963977504455],[18.12914643273439,49.72963053329484],[18.12949708914588,49.72957152310703],[18.129838976582345,49.72965533809604],[18.129893150154274,49.72966862083865],[18.129928993587708,49.72967743040059],[18.129959730184837,49.72968179750056],[18.130375407966696,49.72951384757308],[18.130722722274765,49.72923794092361],[18.130782235721842,49.72925188823358],[18.131376567279037,49.72939113334931],[18.13147357437545,49.72932255489419],[18.13163462276041,49.72920879307695],[18.13199558716414,49.72917437024564],[18.132229049723453,49.72915200528517],[18.132443147709846,49.729116353512545],[18.132883746390004,49.72904701814461],[18.133097114181187,49.72897973445471],[18.13333332222285,49.728922685197176],[18.13334502807431,49.72892055332599],[18.133577377711852,49.728878627407155],[18.133921160100236,49.72886515321594],[18.13408073085986,49.728808525940664],[18.13423420625095,49.728730071057164],[18.13443150779444,49.728646708305085],[18.13444356517466,49.72864197893925],[18.13463520304884,49.728566506872376],[18.13494318630165,49.728481136154336],[18.135017845790568,49.72843565269713],[18.135061704753326,49.728408905000656],[18.13509706241583,49.728387359761285],[18.135047088467815,49.72829985813864],[18.135079630648747,49.728251798367715],[18.13514020005226,49.728182859426205],[18.135185484808154,49.728139405419455],[18.13513672225186,49.72811803920231],[18.135107520362805,49.728067369784],[18.13505204580381,49.727948507603486],[18.13507808241405,49.72768725704431],[18.135093966714194,49.727385807116946],[18.135020831158492,49.72713822967647],[18.134807386350325,49.726898645517316],[18.13454173217937,49.72661998871244],[18.134440216697175,49.726527568792534],[18.134267381272963,49.72623487705486],[18.134128838470517,49.72608791206818],[18.134059519873336,49.726052830283514],[18.133918735970028,49.72597487276176],[18.133617023588247,49.725893715376095],[18.13318388689185,49.72575598011797],[18.132772063846755,49.72551124012693],[18.132263052801843,49.72522342124418],[18.13195128191959,49.7250089212619],[18.13182088364013,49.724969459093444],[18.131706469566883,49.72494047358375],[18.131270008278413,49.7248849442364],[18.131114923819847,49.724866369146206],[18.130841638055525,49.72479846492156],[18.1304638361413,49.7246038485512],[18.13006039779224,49.724491618561856],[18.129670432769462,49.724395046319884],[18.129487870609438,49.724383027509404],[18.129395303654533,49.72434797276356],[18.12931943539798,49.7242780372786],[18.129245610287743,49.72410875646592],[18.129311892734965,49.724028502566476],[18.129518821113226,49.72389867356008],[18.12970642391847,49.72378200431747],[18.130015498910453,49.723517823470345],[18.130326130084054,49.7232966019077],[18.130586521439884,49.72307522728148],[18.13062380069133,49.72304359398564],[18.130635605744388,49.72303352562612],[18.130800871909845,49.722762058906646],[18.13088345277179,49.72262208051179],[18.130924527402094,49.72240618114203],[18.1309124929173,49.722357299673085],[18.13089598906164,49.72232702715831],[18.130773107485652,49.72226912782202],[18.130545424718257,49.72221410713534],[18.130172128454557,49.7222587414593],[18.129749786686627,49.722356089335],[18.12930236229508,49.722571776747095],[18.128971890336793,49.72277913984148],[18.128817909580714,49.72282542763959],[18.128550842962962,49.72282475073984],[18.128294360287207,49.72274904170206],[18.12803417443829,49.72258764898834],[18.128014631717623,49.72250070281957],[18.128044017292282,49.72235986255988],[18.128183405499932,49.72221680294395],[18.128563379286586,49.72196568910231],[18.128695531852262,49.721894511758535],[18.128892552782563,49.72174733243847],[18.128917305083082,49.721668414403226],[18.128929913798313,49.72152499410503],[18.128927393851235,49.721312388765654],[18.128825535720274,49.72119593498193],[18.128692757776886,49.72119776037895],[18.12848645270559,49.72133538501304],[18.128207056901925,49.72160865295237],[18.12792656381427,49.72182526752397],[18.12773015352074,49.72188366849608],[18.127350797765626,49.72187027525684],[18.127201930627248,49.7218202783804],[18.126973222751406,49.72161157650105],[18.126954806217306,49.72143723618745],[18.1270756782022,49.721122629735916],[18.127082954739,49.72089018403204],[18.126887558628848,49.72068635753997],[18.1265433055239,49.72052495526181],[18.12648703775255,49.720453245615325],[18.126236576393378,49.720313702076695],[18.126070813812248,49.720228172810266],[18.125838386854205,49.71999461607459],[18.125747574516957,49.7199240968149],[18.125574278956933,49.719789399232106],[18.125543294385306,49.7197653406168],[18.12536911103675,49.7197070390064],[18.12527456277486,49.71967538734207],[18.125193708919763,49.719678271680756],[18.1248371070418,49.71971896558971],[18.12450838631438,49.71980249433211],[18.12421231372682,49.71990909295212],[18.123929883681093,49.71999309200109],[18.12362277680059,49.71996954264566],[18.12322343882738,49.71980896149748],[18.123144832619104,49.71974085053812],[18.12301636488888,49.719504547856474],[18.122814749747256,49.71907571044166],[18.12266082597249,49.718719178621974],[18.122586150970957,49.718642626573626],[18.122411858941238,49.71852050256817],[18.122187333127496,49.71835923150382],[18.12193435987971,49.718203468434346],[18.12171393132473,49.71809207095982],[18.121598580706046,49.71797673550314],[18.121572593333088,49.717902507098465],[18.121704460266063,49.71746596259893],[18.121723648624762,49.71736244915526],[18.12166615347823,49.71726701926358],[18.121372541163733,49.717059928189066],[18.120983326978518,49.71693782239906],[18.120912083204896,49.716971487480194],[18.120534674687853,49.71702713696883],[18.120417169404497,49.71702522012413],[18.120285616760878,49.71699858407825],[18.119702347550188,49.716711339374534],[18.11950496140319,49.71663744408506],[18.119272213904765,49.71656153164973],[18.119070307664256,49.71651788459155],[18.118943558982846,49.71652049338095],[18.118669165094758,49.716599702691546],[18.11851853955045,49.71666133104602],[18.118300014429607,49.71678325886721],[18.118138788455692,49.71697840403828],[18.118172393022242,49.71702517865906],[18.118431569642205,49.717386458908315],[18.118661323533964,49.717787127014844],[18.118852373652743,49.7179364779052],[18.119374701642258,49.71799885063126],[18.119520281614765,49.7180842324084],[18.11958793922905,49.71822889148222],[18.11942858096017,49.71840103906026],[18.11914153835451,49.718676017774214],[18.11876037936395,49.71879715551014],[18.118567712306046,49.71883616887348],[18.11822202087091,49.71876771249534],[18.118198787638903,49.71875221693518],[18.11811339737298,49.71869517772614],[18.117745583060383,49.71853637428118],[18.11720975557375,49.7185190749734],[18.116969016882198,49.71841481301168],[18.116868770230234,49.718322627498324],[18.116859366342982,49.71826062590443],[18.116957574882232,49.71806215758989],[18.117185045861007,49.71780770322938],[18.11706851622908,49.7175298325885],[18.11690438789771,49.71744474301843],[18.116186338913018,49.71740088586201],[18.116074160634952,49.71736894223381],[18.115903138392127,49.71710492893087],[18.11589724384667,49.717001699315794],[18.116190952748646,49.71647357568182],[18.116301719444795,49.71622257263038],[18.116317118517156,49.71605782926693],[18.11624353482695,49.715983590968456],[18.11610746856729,49.71597690999879],[18.115821869203113,49.71613968340044],[18.11567547066781,49.71618963548371],[18.11548915235462,49.71621474499754],[18.115297234423245,49.71629648704888],[18.115149309454885,49.71636485417797],[18.11505356705646,49.716429249394196],[18.11499543411916,49.71652422200739],[18.11497226492625,49.71662209257585],[18.11497803258369,49.716765208882144],[18.114994241978675,49.71691036520462],[18.115012546911327,49.71696727916144],[18.11506927967139,49.71714308889426],[18.1151307436434,49.71727584505052],[18.11511207509284,49.717383629998345],[18.115067824608943,49.71750656237002],[18.114988250058378,49.717548232894245],[18.114605364916244,49.717625664438664],[18.114405134683576,49.717640411299996],[18.1141391469623,49.71757044374554],[18.11390823806754,49.717332342498025],[18.113752677895068,49.717227248755364],[18.11343864774026,49.717183058499266],[18.113278872384523,49.71716130189054],[18.113079373976053,49.71706200263052],[18.11297642948732,49.71697642844745],[18.11274412872462,49.71678553987304],[18.112569320303876,49.71668178236617],[18.112450111754345,49.71662885491434],[18.112243848284493,49.716468695113875],[18.11220157392799,49.7163699765535],[18.112227235924138,49.71624661534791],[18.11224484575932,49.71619689595769],[18.112343864769578,49.71614325006013],[18.112526212522752,49.716137143660085],[18.11270472485583,49.7161869582571],[18.11303321768687,49.71631013962626],[18.113160745343453,49.71637355999804],[18.113264148005776,49.71636348724011],[18.113358213032864,49.71627968248477],[18.113381849232656,49.716184546426284],[18.113281228543098,49.715998828897476],[18.113185239647454,49.71586716915924],[18.113098152201967,49.71572121522142],[18.1129848247767,49.71541996418691],[18.11307569266284,49.715271533243985],[18.11309123657751,49.71524624591081],[18.113043476924215,49.71510488366939],[18.113010778729006,49.715080181780216],[18.11274099446067,49.71487632169014],[18.112669565351844,49.714767815518165],[18.112646361676443,49.714614767587115],[18.112613776875644,49.71440062111667],[18.112601012859017,49.71432958162264],[18.112561723761345,49.714109456336935],[18.112389780030178,49.713958024816854],[18.112363186352606,49.71395397920651],[18.11222546882345,49.71393284809266],[18.11192051931784,49.71393059918657],[18.111418671343827,49.71426712581496],[18.111251266694538,49.7143477338321],[18.11112595848602,49.71437153645722],[18.11073291884105,49.71441317386813],[18.110484529408335,49.71446794523633],[18.110237309348875,49.714418805729025],[18.110124421736536,49.714382934125894],[18.11001796037208,49.71432639933351],[18.109979955683933,49.714200394688774],[18.110049755990346,49.714110783871135],[18.110054661919612,49.71410438498604],[18.11006506206014,49.71408828127001],[18.11013093876332,49.713985539426346],[18.11016978162148,49.71392502864307],[18.110213562471998,49.71385685718092],[18.110284302178513,49.713740854331206],[18.110302047031812,49.713724989572874],[18.11032343101418,49.71370590285463],[18.11035545926988,49.713570539989405],[18.110323198986613,49.71346372743943],[18.110286547034505,49.7134240867588],[18.110180979952457,49.71330974767555],[18.109886494437603,49.71303785831439],[18.109557565720085,49.71282997920457],[18.109075898628312,49.71257122318614],[18.108913863439643,49.712501674167584],[18.108641104151264,49.71235783484363],[18.108564481395717,49.71231735406167],[18.1084569335118,49.712260665099095],[18.108140224876653,49.71210429484331],[18.108011721478185,49.71207276353862],[18.107872862694165,49.71212358778654],[18.107782666933968,49.71222602213695],[18.107802953478387,49.71231130200064],[18.108050994526398,49.712622694639],[18.108075597867817,49.71290976772579],[18.1081722578125,49.713061959922335],[18.108286896329965,49.713120769053575],[18.108528607755904,49.71333332685215],[18.108546673270222,49.71339501243085],[18.10847824220433,49.71357595173034],[18.10830458417981,49.71368309539348],[18.108149080720604,49.71372935892544],[18.10807324214852,49.713719971578385],[18.107858008170425,49.71367518136959],[18.107771691348688,49.713613838192224],[18.10783926006642,49.713412632029936],[18.107834468856012,49.71327272875022],[18.10780620079895,49.71317345417738],[18.107658149348254,49.71308908774579],[18.107454454895567,49.713108949083264],[18.107062941256306,49.7132684481293],[18.106904567095732,49.71329793843021],[18.106779020063797,49.713274337085906],[18.106628682854826,49.71323957102693],[18.10654146028026,49.71321563227434],[18.106439403414416,49.71307143381019],[18.10675086436718,49.71270825213849],[18.10676738349049,49.71247199705037],[18.10666648960406,49.7123294898001],[18.106354337181084,49.71220722170797],[18.10613180647436,49.71223665457485],[18.105825490596057,49.712570163001196],[18.105670573735,49.712733973314855],[18.105556796006642,49.7127886655487],[18.105439096480108,49.7128036002861],[18.105302931720868,49.71277415536195],[18.104895660778126,49.712618466328294],[18.104730133431744,49.71254699664852],[18.10434926990041,49.71245202471679],[18.104036546436205,49.71237493712779],[18.103858880860333,49.71232109466821],[18.103411713137323,49.712192723865435],[18.103263657950535,49.71217396915943],[18.10301416222255,49.71199633507143],[18.10284175454757,49.71183321730017],[18.102768123379835,49.7117472324581],[18.102759963230305,49.71165984655247],[18.102796562286965,49.711592349748585],[18.10298006843472,49.71153975179851],[18.103545677527208,49.71156577375042],[18.10372031411901,49.71154461918295],[18.103900342165698,49.71149507031935],[18.103979540554537,49.71147152775194],[18.10398201029552,49.71147076636284],[18.104060190211715,49.71138407465638],[18.10403586316051,49.711360299688245],[18.103905595236842,49.71123325920343],[18.103531369041644,49.71109876894019],[18.10339756286658,49.71103461637826],[18.103371485373863,49.71100938727209],[18.10317409515477,49.71081812472822],[18.103081955499917,49.71070653127644],[18.103081423873274,49.71062138675678],[18.103175227016685,49.71040137399017],[18.103132978301783,49.71023712403872],[18.103122067704092,49.71019452978504],[18.10281919918672,49.70992737455938],[18.10227443009758,49.70954764135263],[18.10199445545943,49.70933838510556],[18.101783711335305,49.709180924869756],[18.101607045477827,49.70910448023706],[18.10138115861827,49.70898776249695],[18.101134506652468,49.70892753210883],[18.10070262242352,49.70882213623793],[18.09981667139047,49.70871919379738],[18.099635629348562,49.708746564533435],[18.099535523085063,49.70882559071382],[18.099548137267917,49.708923160665336],[18.09959691900912,49.709208102207214],[18.09954378936046,49.70930091794092],[18.09945846711056,49.709345949840035],[18.09909865205007,49.709339985237484],[18.09884003039028,49.709314537045664],[18.098482698028455,49.70918803572976],[18.098091753195106,49.709157180235245],[18.097959447768307,49.70925187299883],[18.09788629581385,49.70943452393832],[18.097904588203335,49.70962637929087],[18.098034269507984,49.709925338405675],[18.09812106267371,49.71004340014464],[18.098222808074077,49.71024490476763],[18.09820818285638,49.71041375558881],[18.09809051007617,49.710514430739465],[18.09795663797555,49.710549011488176],[18.097826686485348,49.710535347126026],[18.09745745587865,49.710494179534386],[18.09713181946894,49.710489623816414],[18.096726183803213,49.71058094736795],[18.096371021103067,49.71062253722155],[18.096103526982525,49.71058655665629],[18.09602592071669,49.71049510412502],[18.096039856405003,49.71037125323418],[18.096239401100895,49.71018347218643],[18.096267375558675,49.71012622414347],[18.096352666931526,49.709880003830946],[18.09638260704788,49.709650833405775],[18.09639370198161,49.70953250625412],[18.096405432114864,49.70920499357625],[18.096386194316555,49.709119319111906],[18.096409715067555,49.70890765261742],[18.096365358426095,49.70864146512711],[18.09628382281182,49.70854924606556],[18.096058158801046,49.7084217889794],[18.09549654366501,49.70824296675383],[18.095013768185154,49.70815061133512],[18.0948371857964,49.70812272020254],[18.094389987744183,49.708115618666405],[18.094245722203244,49.708136602434884],[18.09420662486979,49.70814979819402],[18.09401812057662,49.70821355909144],[18.09393579460408,49.70832446799831],[18.09391611311286,49.70842199513895],[18.094025351444042,49.708549920668325],[18.094151607503527,49.70861726321214],[18.094502239388465,49.708782658084885],[18.09465641751434,49.7088166681431],[18.094845509710783,49.708889683467596],[18.09489184573988,49.70893168962993],[18.094887481105467,49.70901077813624],[18.09485035724067,49.70907797224417],[18.094762780775287,49.709122149820566],[18.094559769965063,49.7091626064883],[18.094354158613108,49.709208871076484],[18.093944126403034,49.709370335726184],[18.09377201820706,49.70940768657705],[18.093702150489996,49.70941379492219],[18.093626496597253,49.70939799976386],[18.09355431321853,49.7093679616937],[18.09327030696542,49.70922741008476],[18.092999347152283,49.70903705921682],[18.092750591231738,49.7089565620925],[18.09256448976225,49.70896278234323],[18.092286443775667,49.70903910340514],[18.09201791372779,49.709119128007764],[18.091830958152563,49.70915716005085],[18.091735684401794,49.70915052946645],[18.091612144443648,49.70910617562497],[18.091599673876463,49.709079195586526],[18.09157102525628,49.7090177120576],[18.09170218480367,49.708779265954696],[18.091932957791276,49.70860754139863],[18.09195087666575,49.70859656316235],[18.092216729875833,49.70843397803023],[18.09236091420095,49.708268485536486],[18.092408324326165,49.708116585349146],[18.09239109741196,49.70802335281318],[18.092256430709213,49.70781851146565],[18.092059670126403,49.70761995160023],[18.091758695005655,49.70742526013734],[18.09138694523995,49.707279135184386],[18.09110694287947,49.70718492950759],[18.09081228960138,49.70712165538442],[18.090583964486303,49.70712319658218],[18.090082318939622,49.70718480589458],[18.089623803713874,49.7072536683172],[18.089265935798775,49.707282534388696],[18.088987633524788,49.70732092329825],[18.088500946502204,49.707389159953735],[18.087989221981257,49.707432762685514],[18.0878871638234,49.70742998214535],[18.08759823776069,49.70736043900787],[18.08742675440354,49.70728598323014],[18.08714823112342,49.70701349718371],[18.08693404968293,49.70676013319785],[18.086846578290064,49.706675869988615],[18.086569046056148,49.706463552628385],[18.086650217667856,49.70641125137501],[18.086695229429722,49.706382240456485],[18.086725291412574,49.70636284276591],[18.086747565693294,49.70634850454131],[18.08684441586325,49.70646300132398],[18.086898208685,49.70652069276725],[18.086946994892198,49.70657223022681],[18.087001048850112,49.70662596510107],[18.08721584369447,49.70684316959329],[18.087280902278913,49.70691215733584],[18.087471927101582,49.707015804609675],[18.08766419157355,49.7070470432379],[18.087799145675305,49.707068859020396],[18.088018481211016,49.70706996715439],[18.088093304442157,49.70707037435273],[18.088343144296154,49.70707232757679],[18.08842512888214,49.70707124951673],[18.088507159059546,49.70706575124296],[18.08864578818905,49.707054470484316],[18.088765159551983,49.707045606109645],[18.088980342927986,49.70698933956838],[18.08910215586378,49.706956424955564],[18.08922381879721,49.70683676126224],[18.089212476213913,49.70669936657762],[18.089060958187204,49.70653354021101],[18.08903570354955,49.70650438297747],[18.088999025701007,49.706462024894364],[18.088961616943752,49.70641890282469],[18.088925292505117,49.706377016265186],[18.089054714117374,49.706290291213165],[18.08906772164224,49.70628164952536],[18.089200211140717,49.70635422950184],[18.089375135165646,49.70644530732191],[18.08964654003804,49.706557618634285],[18.08978639095087,49.70656391716609],[18.08996648031658,49.70648939123563],[18.0904032212094,49.70608071351538],[18.090886700183127,49.70562822812069],[18.091165741213914,49.705388145736286],[18.091323568982222,49.705239953907494],[18.091434677850483,49.70517726988992],[18.091487023128117,49.70513423581168],[18.091395598326784,49.70510859951117],[18.091228467088488,49.70506147654234],[18.091085721097805,49.705023332228485],[18.090989712207143,49.704990482910226],[18.091040427877914,49.70495430570557],[18.091208970562867,49.70482450922894],[18.091269385716952,49.70478455512256],[18.091440904893467,49.70470646756296],[18.09152815500909,49.70466669674473],[18.091671229765115,49.704587972257904],[18.091802290699498,49.704502421710444],[18.09192381005094,49.7044194835739],[18.092136167349757,49.70427450482995],[18.09205189289562,49.70418411059795],[18.091933521998964,49.70412028536845],[18.09174615880082,49.70407254553991],[18.091580465726082,49.70401693051516],[18.09143939317209,49.70396958549856],[18.091204501271275,49.703848809008015],[18.091073802117997,49.70367524188049],[18.090858044395087,49.703440568941026],[18.09072572987688,49.70329931222508],[18.09055519740008,49.70313212701665],[18.090303683171964,49.702896396818524],[18.090200426700022,49.70278397274499],[18.090140074863044,49.70267942268212],[18.090073355848617,49.70250004272851],[18.089921070018285,49.70241450454857],[18.089720755724468,49.702252470915695],[18.089432298241192,49.70206426456405],[18.089415047394795,49.702052986230804],[18.089402389458414,49.702044769188284],[18.089297081361646,49.701955603995884],[18.089226519103512,49.70184532323686],[18.08895822705334,49.701593915208456],[18.088935511008568,49.70153592953385],[18.088768493807798,49.70139818684295],[18.088669878594892,49.70130281547627],[18.08869565033692,49.70129138530547],[18.088776028109006,49.70121520876862],[18.088872583043496,49.70117452924602],[18.089166914123982,49.70092323351489],[18.08904312073295,49.70085945485982],[18.088869459180323,49.700752110276504],[18.088800039178196,49.70067023640651],[18.087719752582853,49.69948844690029],[18.087524044144615,49.699194710651376],[18.08734123347859,49.69903611198926],[18.08714215706292,49.69890293664236],[18.086870364464616,49.69877849911212],[18.08682767265554,49.69868127726293],[18.087011974066204,49.698621620883614],[18.087502847060783,49.69840154538471],[18.087054282014567,49.69806199083048],[18.086750646637896,49.697873085802385],[18.087007140445532,49.697705374276566],[18.087109215075813,49.6975873884039],[18.087245056081336,49.697351291144045],[18.087208044763013,49.6971388608241],[18.087248971124612,49.69710708857],[18.087723544030748,49.69673895291969],[18.08700051637952,49.696209999428284],[18.086017892989243,49.69579613033452],[18.085829202144055,49.6956113761213],[18.085804359756963,49.69476961857155],[18.085807933857964,49.69469030330172],[18.085822012459275,49.69466051209332],[18.085801610155332,49.694077156334615],[18.08575855711823,49.693772311669214],[18.085754954153693,49.69374565845515],[18.08577276888939,49.693698661077406],[18.08591475011856,49.69332048494941],[18.08625042060437,49.69284320722954],[18.086275142088546,49.69281086718143],[18.08736098728491,49.69321016719546],[18.08842462439408,49.693615313526124],[18.0889426464287,49.69383085660838],[18.089326582013037,49.69404710576147],[18.08943957945732,49.69412055623771],[18.08964245194666,49.694252321592735],[18.0898720304525,49.694422985167215],[18.090134047982154,49.69461906540048],[18.090433698680723,49.69484329673246],[18.091025463328773,49.69531650742008],[18.09153818241699,49.695755128437966],[18.091846987920658,49.696034848531575],[18.092568034532874,49.69649794602586],[18.093483017634572,49.696948137677765],[18.093893345525053,49.69712210440471],[18.09406869814896,49.69719144879155],[18.094338678935564,49.697290402217014],[18.09434427192238,49.697279981560044],[18.094361587003455,49.69724784768943],[18.094498303401075,49.696994825309666],[18.094571815234364,49.6968595832018],[18.094592968237347,49.69682071906509],[18.094609174690707,49.69678445996633],[18.09468145569631,49.69664598821483],[18.09471930616443,49.6965713443791],[18.094720252524166,49.69656950311029],[18.095228988147223,49.69667987119604],[18.095280269184656,49.69658117476348],[18.095373216434332,49.69641148272601],[18.095463978273322,49.69624148497696],[18.095564649259565,49.69605490516628],[18.095656238212484,49.69588495468561],[18.095747964606687,49.695715012029595],[18.095839678182745,49.69554515885423],[18.095914885948204,49.69540559053445],[18.096248668992306,49.695513157624795],[18.09625861961461,49.69548502463901],[18.096265885651068,49.69546332693256],[18.096304981600674,49.69534678308127],[18.096344536310397,49.695228911587286],[18.09633535213434,49.69519823883075],[18.096396596234875,49.69506924355536],[18.09645232528303,49.69502883875162],[18.096698262176005,49.6948503950711],[18.096698871361145,49.694848985787395],[18.096799524501712,49.694616461826755],[18.09688663762297,49.694393452258545],[18.097037692489714,49.694014433312624],[18.097518271036424,49.6940718227758],[18.097529633050776,49.69407319531309],[18.09757192996136,49.69407832453409],[18.097574801617128,49.694050057006315],[18.097720476318347,49.69392941486117],[18.09804207857657,49.69379609801075],[18.09855548010074,49.69365922725937],[18.098600091443352,49.693647339206606],[18.09863022218688,49.693629387199906],[18.09872771651537,49.69356934867703],[18.09876542855191,49.69354885200432],[18.09878001063915,49.69353984832141],[18.098818477951617,49.69354755597218],[18.098843991465973,49.69350217139037],[18.09893210093308,49.693436450738744],[18.09903226198268,49.69329542094827],[18.099104549124025,49.69304935781803],[18.099118034247674,49.692987037949834],[18.099137415241646,49.69289671391258],[18.099041383272496,49.692709704611836],[18.099024875956015,49.69256407305071],[18.099041052944173,49.69244206489397],[18.099140281810964,49.69230377979772],[18.0992999692123,49.692218146703496],[18.0993800067416,49.69210331374077],[18.099385650123157,49.692032150857685],[18.099362913961347,49.69196198120876],[18.099355490914075,49.69193881084006],[18.09930164326764,49.691934735986244],[18.0991632173705,49.691923383123004],[18.099017052027136,49.69190960138091],[18.09865581745377,49.691844426212135],[18.098332387470634,49.691824558286505],[18.09773543711089,49.691776936054495],[18.097117909588963,49.69170773376367],[18.095782136909534,49.69157537550646],[18.095425471052007,49.69154005700842],[18.09492260216863,49.6914902261533],[18.094248445077824,49.6914251662159],[18.094125943230267,49.69141336545818],[18.093723132071194,49.69137260029704],[18.092655687576066,49.69125918647504],[18.09174541261964,49.69116253124299],[18.08947763622353,49.690921630637945],[18.08910021653993,49.690935558630294],[18.089004779553733,49.69094877174219],[18.08887213099074,49.69096653089328],[18.088827699597037,49.690992416040395],[18.08879761567428,49.69101000729959],[18.0886014971043,49.69108514412633],[18.088226170893964,49.69077831080781],[18.08803366548553,49.69065228101914],[18.08771456158552,49.69044344342388],[18.087095717213575,49.6900634313024],[18.087057805752327,49.69004248297141],[18.086959273422682,49.689981412259236],[18.086933781553142,49.689966320972395],[18.085398480893833,49.68905553532686],[18.08492176102634,49.688841619380554],[18.08467247026894,49.68874852052644],[18.08449632706586,49.688684258818704],[18.083526524495593,49.68833066567426],[18.083229811891965,49.688207854234555],[18.082837619738253,49.68804553442552],[18.08224238980555,49.68775810216886],[18.082056160920228,49.687665817920816],[18.08190668793267,49.68759170942849],[18.08125545028766,49.68725800206498],[18.080677125262437,49.68695997737745],[18.07987398979856,49.686582339527185],[18.078999342029427,49.686127296276986],[18.078661235822064,49.68598684059734],[18.078312830491512,49.68587702321857],[18.07767997126355,49.68576991441333],[18.077643112318466,49.68576373580334],[18.077095141147343,49.685645251474035],[18.076944892543644,49.68578492339831],[18.076686631832708,49.68599737105922],[18.076381695715575,49.686240895474306],[18.075950123976718,49.68656415818099],[18.075577962641525,49.68682006652381],[18.074945081402873,49.68720640882091],[18.07457696393771,49.687417325166734],[18.07430799846006,49.68757147557258],[18.07373740080753,49.68792131420958],[18.07265964174609,49.68855666205875],[18.071875034356385,49.689028776003994],[18.071458365701766,49.689274081890716],[18.070894251324393,49.68961281805087],[18.070650564039997,49.68970089753414],[18.070255600963776,49.689970554901386],[18.070152030762877,49.690041234263056],[18.07001723567981,49.69003492915979],[18.069965117207033,49.69003247442703],[18.069950417286307,49.69004128748508],[18.069754858222765,49.69015794752137],[18.069470562716937,49.69033954975714],[18.069265318123154,49.69046801830898],[18.069067536526603,49.69058157089961],[18.068998386672614,49.690621282371666],[18.06893465930949,49.69065796585215],[18.06883788413443,49.690713509642315],[18.068723126503,49.69077948281222],[18.068223629637618,49.691069661044686],[18.06819945544737,49.69108569175644],[18.06800114190186,49.69121735516963],[18.06739500318661,49.691619913698126],[18.067275295013307,49.69169968205982],[18.0670863804669,49.69182565655725],[18.066996613488282,49.69179323415833],[18.06691821343256,49.691840536283856],[18.06695777653507,49.69190229538295],[18.066869082188624,49.69196281573516],[18.06633938973633,49.692324093163265],[18.066184020774585,49.692405149167726],[18.066127168027204,49.69243527649157],[18.066073471472667,49.69246368980434],[18.06592572129747,49.69254193426507],[18.065809256974642,49.69253685965381],[18.065521769206438,49.692346654799124],[18.065287760878984,49.69229555303997],[18.06506965432271,49.69222686155596],[18.06476073266363,49.69213444074811],[18.064582653517466,49.692065072449886],[18.064447772093892,49.692012541208726],[18.06419847802751,49.69191551598842],[18.063779724321606,49.69168101594754],[18.063425150292808,49.69141473368368],[18.063191664723238,49.69122248460679],[18.06305289042836,49.69106718763291],[18.062909308647583,49.69088498588595],[18.062781337982003,49.69066189009956],[18.06269458336909,49.690426362888836],[18.06266661850136,49.69023303263418],[18.062634466373414,49.68982002945673],[18.06258801415037,49.68957265007001],[18.062562731523773,49.68943805543083],[18.06254154026868,49.68920639157326],[18.06254671124911,49.68912075778514],[18.062554275891024,49.688805990973734],[18.062514983785736,49.68882268493258],[18.062507165217706,49.68882593575263],[18.062385178488157,49.688877586249774],[18.06237749794901,49.68888084500671],[18.06236272579436,49.6888871256239],[18.061905183405464,49.6890840129783],[18.061659550715593,49.68930013772182],[18.06146316167989,49.68946647273385],[18.061413770145055,49.68944611826772],[18.061349361998335,49.68947553755758],[18.061291806197023,49.689501650445855],[18.06069433287327,49.68983345689654],[18.06056076005862,49.68990772689894],[18.05951846367456,49.690521177860695],[18.058819184580862,49.690923658318155],[18.05877055332184,49.69095163802388],[18.05867767227723,49.691012182391226],[18.058114537227375,49.691376464435045],[18.057941277618994,49.69148852372121],[18.057536291130155,49.6917229944193],[18.056717872738954,49.692210852659784],[18.056702019532466,49.69222095176514],[18.05635940702577,49.69243879259958],[18.056131710734203,49.69258354887477],[18.056072892186105,49.69262086988968],[18.05503470637424,49.693228837177486],[18.054686120792528,49.6934393793624],[18.054607994636715,49.69348659959493],[18.05405369250182,49.693821496519405],[18.05363501371569,49.694067262271176],[18.053594920340924,49.69409076759147],[18.052941548509295,49.694474290437164],[18.052609315700426,49.69467909022482],[18.052675778836928,49.69474041954974],[18.052724194988624,49.69478518314825],[18.052771377808885,49.694828792460946],[18.052804712469367,49.69483838614532],[18.052904326875936,49.69486696415484],[18.053183366423475,49.69511457477873],[18.0534712446987,49.6954378845127],[18.05354201409778,49.69549521890624],[18.05353907515468,49.69549838934806],[18.05319060685796,49.69589587354922],[18.052888800194115,49.69631229378389],[18.052680994359733,49.696796233142514],[18.05262384894237,49.69687309500571],[18.05247990571202,49.69695578628386],[18.052443093463083,49.696946172703306],[18.052305907792043,49.69684745968387],[18.05197219022119,49.69675312517722],[18.051807404658632,49.69677666425889],[18.05170054245562,49.69687106002797],[18.0516020393658,49.697082198867555],[18.05151488158281,49.69736999473985],[18.051256011203385,49.69774303212243],[18.051226062294848,49.697737153606795],[18.05121768378669,49.697758695313844],[18.051167198244183,49.69799209901743],[18.05136171242274,49.6983600384052],[18.051752886761566,49.69879690127137],[18.052025058388804,49.69899826288017],[18.052138789846914,49.699047783704685],[18.052351914989497,49.69914076331766],[18.052638948890895,49.69940941463229],[18.052671051011693,49.69943310869782],[18.05258665135379,49.6994366395181],[18.052471091677276,49.69946852299292],[18.052437248315183,49.69946973187772],[18.0523159664132,49.69945398666285],[18.052097206354446,49.69947324260292],[18.051988804309932,49.6994985877441],[18.051872205711277,49.699503511846025],[18.051836141813695,49.6995249924446],[18.051743576155456,49.69957390659109],[18.051675003999183,49.6996102125124],[18.051695555870108,49.6996166324081],[18.0517286507465,49.699616824829405],[18.051672781931135,49.699666048680896],[18.05155615039023,49.69970066775173],[18.051465916153617,49.69982905895371],[18.05140982239854,49.69986671583048],[18.051270891629862,49.69987414332695],[18.051166833475666,49.69991246551857],[18.05099862708489,49.700005581730494],[18.05090455831126,49.700128425943426],[18.050788500693166,49.700230956689005],[18.050504876277575,49.7006331661627],[18.050461015691152,49.70073083195694],[18.05038535397179,49.70082088758174],[18.05020321474231,49.70085822832461],[18.049909179737607,49.700864114655786],[18.04978923602881,49.70083959815997],[18.049336304192273,49.7008787469835],[18.048968060170225,49.700848308300536],[18.048252765854194,49.700826741430674],[18.0478991312262,49.70089887072649],[18.047808411312232,49.70097893982025],[18.047790240634438,49.70096733091652],[18.04772653594388,49.70092646787469],[18.047605196294878,49.70092127562478],[18.04726563213692,49.701052164887436],[18.046862634793065,49.701260994626814],[18.04659532443802,49.70124043188744],[18.046377866165628,49.701328264281614],[18.04630548685024,49.70134864163574],[18.046133780573633,49.70139713917649],[18.045987278570095,49.70143842486023],[18.045912686671535,49.70145768144155],[18.045020892178805,49.70176811072752],[18.044718672882514,49.701813319351686],[18.044528616396786,49.70168609207274],[18.044451879792348,49.701634726586015],[18.044390686984432,49.70159382601995],[18.044345639755093,49.70161785530575],[18.044293826174567,49.70164555613052],[18.0442670985104,49.70165981050133],[18.044191590603628,49.70171313361036],[18.04408167873637,49.70168548915534],[18.04389105692076,49.701637481362724],[18.04387303340037,49.70163292102824],[18.04378921881537,49.70160678211223],[18.04375918291894,49.701597466667096],[18.043608381838702,49.701438743417626],[18.043602175178236,49.70143224720227],[18.04342902765635,49.70124975800326],[18.04328189779377,49.70119414901352],[18.043005379735984,49.701089550752705],[18.04299201133523,49.70108453678085],[18.042955169065817,49.70101425994889],[18.042884576246447,49.70086233062411],[18.042774247684754,49.70062470237609],[18.0427150362621,49.700497350152],[18.04277136710739,49.700350489006595],[18.042859232922257,49.700121861597964],[18.04262064092558,49.699925483951745],[18.042599170199622,49.69987098791535],[18.042557354550848,49.699764949302825],[18.042518548044793,49.6996663958716],[18.042470232872663,49.69963309746987],[18.04239136265536,49.699584134573406],[18.04214372647391,49.699430380774885],[18.042023517191378,49.69936422792631],[18.041502446318773,49.69907743409184],[18.041346922921736,49.69895526283156],[18.041035375316376,49.69871052955883],[18.04097581277718,49.69855941569228],[18.040891546817207,49.69834594598287],[18.04082103647426,49.69816712009132],[18.04066988295983,49.69811759336188],[18.040338145210693,49.698008896629105],[18.040148903895933,49.69795906571482],[18.040138831450392,49.697956408032496],[18.039669434566413,49.69783272027159],[18.0393638476995,49.69772616238421],[18.039351900993257,49.697721952138835],[18.038699313989817,49.69749425605145],[18.038658813979005,49.697480092243225],[18.038397698170158,49.6973618377047],[18.038300741446633,49.697317965106734],[18.038154740169787,49.69722080087051],[18.037767899291662,49.69696313314261],[18.037719580519504,49.696930915383334],[18.037145560856928,49.696744305487336],[18.03711129657207,49.696729327816165],[18.036569313908497,49.69649184969163],[18.036265842912965,49.69634261857132],[18.03585305510846,49.69615647019131],[18.03576099668776,49.696112426865184],[18.035713585177064,49.69615671652389],[18.03537963683456,49.696468610112525],[18.035141111499755,49.69636429011645],[18.03487856392504,49.696249464491146],[18.03472600289958,49.69633894927856],[18.034631979672056,49.696301110171504],[18.03422291018779,49.696136563787654],[18.033833479746168,49.69598001112012],[18.033557344428797,49.69586891026117],[18.033513573406214,49.695855277576605],[18.03317443457794,49.695750012305105],[18.03277391772163,49.69562558187012],[18.03238848975581,49.695497689364345],[18.03198736334575,49.69536455509343],[18.031684196204804,49.69526389213084],[18.031413119730004,49.695177811360004],[18.031336770093745,49.695139998183286],[18.031175022012558,49.69506845210329],[18.030638093154124,49.69483096495004],[18.030371593207978,49.69471869777602],[18.029302057349952,49.694266077823094],[18.02923071601332,49.69423234397272],[18.028963363806767,49.69437638385426],[18.028779276154403,49.694475501791985],[18.02875073115354,49.69449082106139],[18.028707137166062,49.69451438691527],[18.028677076143136,49.694530611425705],[18.028638919911778,49.69455106161147],[18.028596089962402,49.69457413001684],[18.028445357802404,49.69465531794623],[18.02840748980281,49.69467569447162],[18.028391099731017,49.694684585596285],[18.028321341394523,49.69472234447208],[18.028303802870706,49.69473351611469],[18.0279577141589,49.69495324755014],[18.02784946220525,49.69502199797551],[18.027822164381316,49.695039375086495],[18.02767427408924,49.69513327377584],[18.02758522659012,49.69518986559202],[18.027049983194967,49.69552926958412],[18.02696964095617,49.69558022642933],[18.026922861577614,49.69561480063391],[18.02663539507417,49.69582708821427],[18.026427985098593,49.69598036836104],[18.026175208359923,49.69616704015422],[18.025953792345867,49.69635940761341],[18.025690341983953,49.69658824793532],[18.025461764158702,49.69673046264375],[18.025387817870772,49.69677637262707],[18.02535311267891,49.6967980145559],[18.025308672332685,49.696825682691504],[18.02512789053261,49.69693807593256],[18.02510293260616,49.696953602029296],[18.024951399772082,49.69690998954228],[18.02442475991153,49.69678491095155],[18.02378969049196,49.69657402778535],[18.02342935907961,49.69645396650685],[18.02330480301284,49.69641254508174],[18.02306949936651,49.696355776210005],[18.022860716174087,49.696374291177804],[18.022604194612057,49.69641206763416],[18.022330388170808,49.6963640809954],[18.021466370833384,49.69602709409886],[18.02116387335066,49.69589638226901],[18.020933251236485,49.69592798185252],[18.020329321936266,49.696010719495604],[18.020326711485218,49.696035753229495],[18.020276068427876,49.6960478050139],[18.01999452097538,49.696114727522506],[18.019534290980666,49.69622410783172],[18.019237929577088,49.6962945035465],[18.018878108466875,49.69638613695936],[18.017966779986025,49.69661832510851],[18.017526044630213,49.69678010004126],[18.0172334154224,49.696984034268375],[18.017068929493654,49.697117399993246],[18.016886306627487,49.69734810771457],[18.01682002973964,49.697419100554555],[18.016764842819743,49.69747827881687],[18.016750335375054,49.6974936866498],[18.01669638755055,49.697567108887135],[18.016552892469207,49.69776226065793],[18.016474646901912,49.698032324821384],[18.01643950752637,49.69802171325276],[18.016044861814247,49.697902258431306],[18.016003983202445,49.697889869856354],[18.015978387576308,49.69788170680131],[18.0157468722836,49.69807428489946],[18.015502850926772,49.69802421715418],[18.015478091526273,49.69804029452648],[18.015449082310482,49.69819432737549],[18.01546440343664,49.69821444251847],[18.015611298672248,49.69823613424291],[18.01557358830813,49.69843010335298],[18.015595825593312,49.69844547392255],[18.015819265274484,49.69842673729935],[18.015841607438002,49.69852218240177],[18.01583466008592,49.69858171837167],[18.01583107042258,49.698612833668655],[18.01600225898083,49.699580776588434],[18.016062420566886,49.69978258315304],[18.015985285417358,49.69992732807689],[18.01592011946354,49.70031053458541],[18.01588197992797,49.700534899382205],[18.01584719790175,49.70056917205448],[18.0158320729136,49.70058400243152],[18.015828585728876,49.700595174242096],[18.01578917096398,49.70072269695999],[18.015859321338972,49.70079338010675],[18.015791845043527,49.70086394206437],[18.015737580162924,49.700922451345136],[18.015664335153872,49.70094799591693],[18.015431139726356,49.70102736988443],[18.015377065755835,49.701123893279316],[18.015358270033925,49.70115728682369],[18.015419309664093,49.70178313720391],[18.01500358114753,49.701938772050426],[18.01497054267768,49.70200482994848],[18.014951294632212,49.70204352310388],[18.014903841519594,49.702138444124834],[18.014810510006633,49.70248354956729],[18.014733014180507,49.702680358223304],[18.014744386134357,49.70272813758027],[18.014658629825938,49.70304551805483],[18.014636733624492,49.70312666462152],[18.014668137337104,49.7031957347858],[18.014610398495854,49.70326225687421],[18.014590070964434,49.70338555962859],[18.014654700758612,49.70345086832042],[18.014663412991318,49.703614940338575],[18.01480175740716,49.70389683291152],[18.014812391100868,49.7040348382466],[18.014926259233725,49.704115547323106],[18.014880540720068,49.704254439528704],[18.0147531223122,49.704281177509564],[18.01473851093235,49.70434884482639],[18.01466129446046,49.70435872296753],[18.014639395833143,49.70443382137665],[18.014538213008837,49.70445702443067],[18.01459321301486,49.704520511238734],[18.01460829132287,49.70461716022682],[18.014691503945436,49.70464256359051],[18.014705539282303,49.70469121937865],[18.014615942608003,49.70471518419319],[18.014620557800924,49.70477159883511],[18.01468404793207,49.70481084390817],[18.01460555665264,49.70488654440727],[18.01464487110916,49.70496185008568],[18.014601295554563,49.70501041707943],[18.01464712101893,49.70507382349683],[18.01462471113659,49.705129394217636],[18.01466730687045,49.705164720403985],[18.014691281769302,49.70526549562584],[18.014587243758434,49.70531850260218],[18.014667515522163,49.705347075431504],[18.014698466211254,49.70539923892723],[18.01464191470938,49.70542782677495],[18.014659911090448,49.705468948962434],[18.014548958591327,49.70549637025892],[18.01434450188086,49.70554680756498],[18.014161995934295,49.70554904931164],[18.014132874843344,49.705590690722715],[18.014093878710206,49.70567066571254],[18.014075605142907,49.705708332043244],[18.01402689493214,49.70570930044769],[18.014012125663573,49.705721533506456],[18.01398204296892,49.70573883684565],[18.013941995157705,49.705761791214975],[18.01383152811101,49.70582507676069],[18.013814785574585,49.705862741525024],[18.01381015350557,49.70587312480036],[18.01374061168751,49.70604042480798],[18.013619472008926,49.706160954011125],[18.013400865621897,49.706205966110446],[18.013377656345455,49.706210759237564],[18.01330034086443,49.70627587549246],[18.013208051512912,49.70627188054364],[18.013141440463837,49.70631486936509],[18.012916889719726,49.70639997657464],[18.012868913783137,49.706436011447266],[18.012857261339363,49.70644481428696],[18.013003922455777,49.706511809230065],[18.012132725435688,49.70679458395165],[18.011799427572537,49.70690922217137],[18.01169371218021,49.706940013783736],[18.011516683785345,49.70699537667059],[18.011407436294732,49.70702957404248],[18.011096725859357,49.70712674394839],[18.009775131162623,49.707558511548285],[18.009635353359588,49.707603123387024],[18.0094737503932,49.70765459367568],[18.009049533176395,49.70779455364285],[18.00892976373366,49.70783436728475],[18.00820329754935,49.70807865903345],[18.0078044260569,49.70820636399783],[18.006919588755114,49.70848966621624],[18.0068007132492,49.70852095412746],[18.006717088718187,49.70854291295903],[18.006343117010964,49.70854757611657],[18.006156557760406,49.70854984172971],[18.00584966326464,49.708553610634304],[18.004691785894533,49.7085679386658],[18.00390801816588,49.708577609075995],[18.003833848622946,49.70857844989847],[18.002511900643782,49.70859343465021],[18.002448889668692,49.70859410990507],[18.002160156679984,49.70859738883835],[18.002151573341713,49.70861620835239],[18.00211632906562,49.708694051355565],[18.002075613170923,49.708784304790996],[18.00199769054209,49.70895652996746],[18.001949938392222,49.70906145000373],[18.001823023575596,49.70934050908941],[18.001810441858225,49.70936812347447],[18.001532129879177,49.709979523720165],[18.001420938583703,49.710145664822235],[18.001004476507724,49.71062735968427],[18.000767283687363,49.710892432698316],[18.000753294958713,49.71090804966521],[18.000591979775407,49.711088341030774],[18.00050790970109,49.711140691003344],[18.00038931399858,49.711154747652834],[18.000138387617646,49.71109784099839],[17.999930249776877,49.71105064002225],[17.999905006546644,49.71104493150604],[17.999902887880765,49.71107035494823],[17.99989990155543,49.71110710205313],[17.999896680266094,49.71114555064766],[17.999891156818343,49.71120571094987],[17.999889040208355,49.7112321274827],[17.999867558716048,49.71150764853132],[17.999868278327927,49.71153973623629],[17.99988094113347,49.71214663580007],[17.99990042577348,49.71237651180203],[17.999965626066395,49.713146330115876],[18.00000211331481,49.713793428663635],[18.000024575877468,49.714216474768854],[18.000032630769585,49.71433456436934],[18.000010166568188,49.714698853826036],[17.999986307857075,49.71480407747823],[17.999967375410225,49.71488774180337],[17.99992571710625,49.71501802000708],[17.999874694723726,49.71524533643399],[17.999859593837407,49.71531234271844],[17.99982272574109,49.71547647949663],[17.999788444335145,49.715628941081285],[17.99977757301954,49.71567741676927],[17.99977215616068,49.71574083290822],[17.99976838406967,49.71577419434888],[17.999757022431094,49.71587662305652],[17.999760100296776,49.71591381248715],[17.999768484569344,49.71601540175456],[17.999777897063304,49.71605007034597],[17.99980074602312,49.71613462599021],[17.99988813033237,49.716378915255575],[18.00027349834697,49.71701602803117],[18.000777721976835,49.71708186003922],[18.0008210338403,49.71712914826917],[18.00093135269192,49.71724974387251],[18.001084721396467,49.71744171426954],[18.001225336610574,49.71756271413721],[18.001428835807694,49.71765279066049],[18.002435875016648,49.71786939378862],[18.00253255251356,49.71789016997303],[18.002561955855274,49.71790207691293],[18.002821723433257,49.71800715141569],[18.003349736108813,49.71815893466294],[18.00387458339739,49.71835485398149],[18.00463057390287,49.718541523695166],[18.005200417895338,49.71871612569823],[18.00569349760243,49.7189385376571],[18.00639571314905,49.71928699741609],[18.006874847240358,49.719494512829975],[18.006932392338424,49.719519424594175],[18.007296749287587,49.71965266972766],[18.007330148070885,49.71966489730724],[18.0076539891188,49.71981935176709],[18.00833594445482,49.72019677311842],[18.008924161746567,49.72045339146497],[18.008987075739267,49.72048077981225],[18.009025331305686,49.72049716999161],[18.009403577200704,49.720659015776896],[18.00946729804717,49.720687624103],[18.009917832432624,49.72088967604237],[18.009902749829685,49.72089909235044],[18.00993878590246,49.72091643675289],[18.010644040860875,49.721256377649276],[18.010728920664093,49.72126382499412],[18.010776389935163,49.721267930421156],[18.010821256788184,49.7212868695825],[18.01087138951684,49.721308009578884],[18.010987834588395,49.721359170900506],[18.010988506772325,49.72139468542358],[18.010989727108917,49.72145550692672],[18.01120962459112,49.721482424004996],[18.011465684662276,49.72149952102277],[18.0116381266035,49.721452555359946],[18.011697743567744,49.72136754721458],[18.01189400313092,49.721396252508264],[18.011965977107927,49.721441766470576],[18.011972377373457,49.721445838380525],[18.011981983947148,49.72145190146834],[18.012038353260888,49.721487393954526],[18.012043596796588,49.721490766947554],[18.012054360129845,49.72149752894216],[18.012328840795497,49.72167086299639],[18.01273982363531,49.72214177709152],[18.01272002958476,49.72217123113846],[18.012834878540172,49.72228954782097],[18.012903876463316,49.722360705371536],[18.01311369048716,49.722576958881355],[18.014072016947345,49.72310151367885],[18.01496190327331,49.723613609891714],[18.01567983835141,49.724026735335585],[18.015901096801024,49.72415400926493],[18.016198387683964,49.72430852362629],[18.01703026348906,49.72474069469832],[18.017514160835812,49.724992125633094],[18.017585940970914,49.72502597968352],[18.01857816423637,49.72549414100079],[18.018755120889956,49.725569106580146],[18.01885985205192,49.725613442603425],[18.019058002070846,49.72569730721688],[18.019105101220077,49.72571727462707],[18.01912825488266,49.72572710000587],[18.019627999744536,49.7259202227162],[18.019648097175075,49.72592797546915],[18.019695682745784,49.72594643621882],[18.019799601466204,49.72598657196907],[18.019815199403137,49.725992619989206],[18.019866894885524,49.72601258227798],[18.01991502086159,49.726031164472666],[18.02003808777495,49.72608089336179],[18.02030269231786,49.726215089409486],[18.02086666943187,49.72650101737457],[18.02160545585835,49.726875589525704],[18.021954055926535,49.72698738063102],[18.021705923862516,49.72717341714256],[18.02259505991947,49.727370369703124],[18.022804102405342,49.72741667428458],[18.02321976904807,49.727064577171745],[18.023307050953168,49.727132542271214],[18.023277469998558,49.7271926640435],[18.023241717712807,49.72726524674045],[18.02323532200867,49.72727832655953],[18.023289067419718,49.72735725985097],[18.02332162462442,49.727404998805724],[18.02343371439467,49.727500124881175],[18.023462130414774,49.72752433534646],[18.02355263161165,49.72769638370905],[18.023544417743228,49.72785721570186],[18.023556559956592,49.727945025687006],[18.023578694053747,49.728099850118426],[18.02366248068122,49.72811634097274],[18.023850545006187,49.72815321571115],[18.023992939253354,49.72824873986739],[18.023971000701472,49.72843847577023],[18.024048976860694,49.728465823328804],[18.02405541239935,49.72853642320272],[18.024071009879336,49.728707388171955],[18.02420199078259,49.728822110523126],[18.02420276868293,49.72885591532686],[18.024203844369687,49.72890779072822],[18.02434582814122,49.72896483683197],[18.024677649294897,49.72903376426072],[18.024660510156465,49.729281728947925],[18.024836116249073,49.72940814807992],[18.025134659816846,49.72955295946756],[18.025268291479925,49.72970005881185],[18.025346368470267,49.729784369459736],[18.025357765206344,49.729796672886515],[18.02539961928503,49.7298639046014],[18.02541525597678,49.72988891000045],[18.025438765704774,49.729899205844255],[18.02551807073198,49.72993412119703],[18.02553159828652,49.72994004861146],[18.025665325885928,49.72993063047831],[18.02571886670071,49.729957466462906],[18.025817473641297,49.73000694739893],[18.025854900516876,49.73013367943416],[18.025872372556,49.730192911663366],[18.02587542564267,49.73020310779149],[18.026196405026454,49.73032863240625],[18.02626956795528,49.73034342366572],[18.026411835492386,49.73037213953953],[18.026444475804798,49.730483068671724],[18.026446173988735,49.73048894391292],[18.026512595068844,49.73052338439734],[18.02653481523207,49.730534959429434],[18.026530461934936,49.73059392260954],[18.026504059910266,49.73061577523374],[18.026497619122654,49.730621089656566],[18.026423287276096,49.73068259650565],[18.026369074190512,49.73077803325804],[18.026347975435087,49.73146166580772],[18.026298737301026,49.731519929564776],[18.02623619106241,49.731593942672156],[18.026242933507476,49.73177062306226],[18.026289801962267,49.73184292826495],[18.026333025294463,49.73187088236406],[18.026387910838597,49.731863674870155],[18.02665878570691,49.73182815376535],[18.028115893695976,49.731570814402154],[18.028180838828103,49.73155931315807],[18.02824753867399,49.73155125315346],[18.028865915029748,49.73147686770921],[18.028867105823306,49.731485421557885],[18.02887188132034,49.731519547397916],[18.028932372721826,49.73151916190624],[18.02899271364334,49.73151885795313],[18.029020165334874,49.73151872937538],[18.02913179282382,49.73151813968848],[18.02912765001805,49.73149054960278],[18.02929422840736,49.731493406202965],[18.02941092384431,49.73149545604813],[18.02985382690968,49.731459578553064],[18.030039439309594,49.73147490750026],[18.03018017153133,49.73148646944355],[18.0302640281573,49.73149339091026],[18.030309611581735,49.73149710794806],[18.031539678511162,49.73159841442828],[18.032202803390987,49.73154997561257],[18.032394263605706,49.731535941084765],[18.032566623295,49.731512949855194],[18.03261151747982,49.73151256421114],[18.033121088787812,49.731508327148994],[18.03317658170311,49.731507831306004],[18.03379253014162,49.731502694453745],[18.03391709246544,49.731493098509674],[18.03412918922413,49.73145353429414],[18.03469178088988,49.73141814156421],[18.03514256166471,49.73138973994508],[18.035190829163813,49.73139216579429],[18.035896555673546,49.73142785647871],[18.036345994995056,49.731396032998816],[18.03664496792484,49.73137483887224],[18.036768282337714,49.731355058187305],[18.03752606713102,49.73123379393116],[18.037835192462907,49.731184297947244],[18.03833056728316,49.73110493080148],[18.03874532078635,49.731070103674284],[18.039160073694244,49.7310352750793],[18.03929365850099,49.73101978536844],[18.03936129828627,49.731011953956745],[18.039464741370978,49.73099996015519],[18.04033452795871,49.73093812674021],[18.04071000843132,49.730911407434554],[18.04110382667935,49.730924558752136],[18.04133386916973,49.73090939585126],[18.041406389718798,49.73090455278799],[18.042008840813214,49.73086474532404],[18.042054655783943,49.73086170126789],[18.042104264890455,49.730863479545654],[18.042364757249295,49.73087299825502],[18.04250401465964,49.73087805146376],[18.04253172060802,49.73087910785048],[18.04269592078722,49.730885057839956],[18.04275301521884,49.730887087024435],[18.04290196856435,49.730892518430835],[18.043462068253046,49.73086804317967],[18.0440557958473,49.730758850344685],[18.04499069988033,49.73068106015553],[18.045254964680073,49.73065901686445],[18.045818304928485,49.73060276379641],[18.046113250405238,49.73057328032947],[18.046260116961516,49.730553313180316],[18.046332495560534,49.73054340414015],[18.046551590000796,49.730513609132956],[18.046732705129944,49.73048658913056],[18.04688522648624,49.730468030344845],[18.046976852229665,49.730456883437554],[18.047120887215534,49.730439279443296],[18.047361450926093,49.7304082832686],[18.047396448735704,49.73040389160499],[18.047641964196753,49.73037841559397],[18.047824333698085,49.73035949977678],[18.04786346395625,49.7303554364004],[18.04817670545695,49.73031842721658],[18.048830008251752,49.73027221870877],[18.049467415254615,49.73023122871474],[18.050170719114,49.73011180126096],[18.051374230661455,49.72992008788548],[18.05245482120697,49.72968942037417],[18.052962525050603,49.72958579091435],[18.05317311798677,49.729542767249164],[18.05327224642701,49.729522569971984],[18.05344935915216,49.72948709554554],[18.053725688756984,49.72943178937374],[18.053930434938284,49.729390774611396],[18.054428055871323,49.72931291553603],[18.05509972263504,49.72920770531962],[18.05614617732706,49.7290480635179],[18.05627234395946,49.729017505420344],[18.056400392359762,49.7289864236656],[18.056581451348897,49.72894548530299],[18.056843420835136,49.728886186408424],[18.057239466920507,49.728796512347145],[18.05756092557825,49.72872375643832],[18.058052716261876,49.72852567769429],[18.058516437502366,49.72833527904669],[18.058967057603045,49.728095112100966],[18.059823342786423,49.72761859608768],[18.05985927385193,49.727642958205514],[18.06034458448571,49.727359831504856],[18.060830533157613,49.72708522451143],[18.06096078014587,49.72701157034325],[18.06146959360636,49.72674992022122],[18.06184852151285,49.72658062851719],[18.062061042073935,49.726485709559846],[18.062281886211352,49.72642051410439],[18.06253039425604,49.72640447767809],[18.062672001739227,49.72642074502588],[18.0628593965494,49.72644226290343],[18.062963532866803,49.72647289311004],[18.06322160529753,49.726548751040006],[18.06447127599476,49.72721435147573],[18.064797294614426,49.7273879848274],[18.06547202624073,49.727734296335186],[18.066443503949188,49.7281782630448],[18.066864632167697,49.72840284816514],[18.067472291982035,49.728725614573044],[18.068824405922882,49.72958172384992],[18.069500825533723,49.73011368368613],[18.070010017305375,49.730507139374325],[18.070453817889515,49.73082995259149],[18.070494723501366,49.73085974159527],[18.070522081966153,49.730879636066106],[18.070524018024162,49.7308481556677],[18.07054222960093,49.73085958174947],[18.070601446665478,49.730946926249615],[18.07056567583242,49.73097736597424],[18.07059786676011,49.731039329134674],[18.07082914702734,49.73124929251015],[18.071078822699004,49.73143675345513],[18.071498105149637,49.73171491832065],[18.072410277440497,49.73221878477843],[18.07282466301032,49.73246155111378],[18.073621445672458,49.73282050115161],[18.07454144198001,49.73315934867167],[18.07548133134787,49.73350862670533],[18.075970620366427,49.7336864486551],[18.07695376442983,49.734089283391135],[18.077733278354675,49.73446697816219],[18.078457474170946,49.73474708114375],[18.07944362442602,49.735207741274216],[18.080869989980485,49.73590006033433],[18.081531806967504,49.73629462550018],[18.082678905139332,49.73693561533441],[18.083281360128577,49.737284704759716],[18.08366171929742,49.73750805602644],[18.083672418861433,49.737514355642105],[18.083740115146323,49.73755406878554],[18.083753785270495,49.73756207306512],[18.083874601838545,49.73763299171594],[18.083900165151835,49.737610989201656],[18.084206423040218,49.737347561744315],[18.08509579059676,49.73778438845117],[18.08588780268728,49.73817338798186],[18.087384544673057,49.7389084600314],[18.08739645209018,49.73891509922159],[18.08714963415894,49.739119569893774],[18.08706703989154,49.73918803922072],[18.086600097986885,49.73957377710604],[18.08653866614432,49.739625948082946],[18.08674235221495,49.739847018665294],[18.086755843332707,49.73986042784119],[18.086769334457777,49.73987383701546],[18.08681958075953,49.739924101613674],[18.086825103200884,49.73992956275656],[18.086829654462118,49.73993397541084],[18.086836468776454,49.739942218343806],[18.086843977888513,49.73995149393213],[18.086878504561888,49.73999345673176],[18.08717483810576,49.740354229875884],[18.08732287895808,49.74051461635651],[18.087456677193877,49.740662001771256],[18.087519269150157,49.740731024985145],[18.087570593708605,49.740783607391485],[18.087597958708905,49.740811711038404],[18.08761044178875,49.74082740909051],[18.087624489362675,49.74084491167815],[18.087636574608545,49.74085842071297],[18.08766413827637,49.74088915324184],[18.087971404513517,49.74123213682267],[18.088123330415574,49.741401860624656],[18.08816550378052,49.741449044573045],[18.088472854160404,49.741792482458415],[18.08861063696509,49.741948488366205],[18.088811515734683,49.742175982177365],[18.08883226857647,49.74220560223805],[18.088845809760013,49.7422186529176],[18.088859363162598,49.742231614035525],[18.088875874760934,49.74224943802965],[18.088912916216117,49.74229443229169],[18.088922748671525,49.742316296512996],[18.088963551709778,49.74235311203978],[18.08899989129436,49.742392018702226],[18.0892465973924,49.74265526078791],[18.08957417983824,49.742961763814954],[18.08975675895958,49.743190734885935],[18.089790911337758,49.74323854190145],[18.08986529173169,49.74334271731953],[18.08988563941197,49.74337123080589],[18.08990634442381,49.74337873437108]]]},"properties":{"id":"obec-599921","code":599921,"name":"Studénka","count":1818,"kind":"Celá obec","parts":["Butovice","Nová Horka","Studénka"]}},{"type":"Feature","geometry":{"type":"Polygon","coordinates":[[[18.00021760070681,49.8070756405637],[18.000497675365384,49.806956649718],[18.000533828189415,49.806941323044136],[18.000596520424622,49.80691462597922],[18.000698188656802,49.806821945660964],[18.000828942753714,49.80678619364838],[18.00096854588608,49.80674797540662],[18.00110960144713,49.806635732334],[18.001189708999874,49.806571861249346],[18.001330027850884,49.80653350356152],[18.001343515347973,49.80652977164447],[18.001446985561138,49.806422030421516],[18.00152341135627,49.80634242000938],[18.001552713848348,49.806299977309315],[18.00170129468013,49.80608490476699],[18.00170571197533,49.80597431341803],[18.002048121357337,49.80588456633888],[18.002158838395165,49.80585550546278],[18.002204432042596,49.80584451644092],[18.00225108608883,49.80581779220268],[18.00236310069472,49.80574304123454],[18.002556849251754,49.80561380999013],[18.0027750487546,49.80546812205101],[18.00284373350497,49.805422273530645],[18.00296842743778,49.80533751482255],[18.003038629533847,49.80528976823694],[18.003135951281912,49.805272838745566],[18.00323482191377,49.80523361283417],[18.003424595756695,49.80515830997234],[18.00349431133126,49.80519376053034],[18.003603101814946,49.80517054442181],[18.003725833529273,49.80514434446872],[18.00389812758562,49.805053224853495],[18.004109296257027,49.804898823096515],[18.004117834821848,49.80489254762844],[18.004149045728283,49.804803998635585],[18.004237307386077,49.80481425534611],[18.00434895948841,49.80470274341351],[18.004554596575915,49.80479715545894],[18.004649833289513,49.80479933075784],[18.00473407743293,49.8048013207443],[18.004921746300226,49.80468572533646],[18.00496038440964,49.80466954845679],[18.005177524315275,49.80457885767984],[18.00526116581523,49.80449036572355],[18.005294177974008,49.804455358417776],[18.005403606258785,49.80444869641896],[18.005633967968745,49.80434911201097],[18.005758861015813,49.80429514302818],[18.00595754797728,49.804057422266354],[18.006124009188014,49.803858094131904],[18.006343171587574,49.803605400751074],[18.006457219245238,49.80344925393678],[18.006744277090245,49.80342073996502],[18.006857557299735,49.80334380199399],[18.006870536362513,49.80333263826647],[18.006985210426603,49.80338386835847],[18.00714766812821,49.80332548335506],[18.007256820830563,49.80335409783739],[18.00734855994293,49.80335128454019],[18.007455822694986,49.80331687404763],[18.007506959953012,49.803367675186266],[18.007672250065447,49.803366501527016],[18.00771101280551,49.80342308540303],[18.007882113442395,49.8033273783068],[18.00802449311208,49.80333354354591],[18.008391874129437,49.803287920831686],[18.008726656262244,49.80336921962947],[18.008920088708727,49.80344901661527],[18.009084190212373,49.80340092422498],[18.009333291566595,49.80331803375544],[18.0095840677802,49.80329671068649],[18.010293630226947,49.803143518481406],[18.0105200426156,49.80287147004626],[18.01079612693365,49.80275574683685],[18.01106325112236,49.80285433672639],[18.011224125887473,49.80284270270613],[18.011429386667245,49.80278435138969],[18.011758467556277,49.8027342461108],[18.012032415792063,49.802706676269494],[18.012248841163593,49.80285630920126],[18.012472729336857,49.802857976981265],[18.01259861790331,49.80275630855137],[18.012683146478658,49.802730959060206],[18.0128944554977,49.802774232913926],[18.013138485884266,49.802805768872766],[18.01336243653111,49.802605966370855],[18.01355745568839,49.80240963538141],[18.014229747239668,49.80235852158735],[18.014758792424733,49.80258941360939],[18.01503983806486,49.80266397612199],[18.015214293401193,49.8028348256769],[18.015633894127152,49.80294023501087],[18.015642772330985,49.80321542490106],[18.01589549544188,49.803375994858534],[18.015891366468555,49.80349887762794],[18.016126929510147,49.80358371542441],[18.016080064214055,49.803669646240714],[18.01652292993653,49.80384806717725],[18.016747446039233,49.80388866699142],[18.01705407979322,49.80408006166324],[18.01740745647986,49.80417125525408],[18.017744233800606,49.804436331168674],[18.017899777913225,49.8044138187103],[18.01791244450241,49.80446555037575],[18.018188588912697,49.80453025301721],[18.01831265414647,49.80458427049359],[18.018585571246543,49.80454904314658],[18.01878757353174,49.80455674504445],[18.018905512088335,49.80451364410526],[18.01914140879932,49.80458197606181],[18.019252656271146,49.804554013654524],[18.01937975345354,49.804486979784485],[18.019601308132234,49.80458851179595],[18.019898471694006,49.804633302843094],[18.019932257627243,49.804645184041256],[18.019906992919886,49.80473633568735],[18.019911379041382,49.80476014815064],[18.02039366555829,49.80485110773633],[18.02052680812078,49.80478776173133],[18.020535723329925,49.804647283713756],[18.02063211133657,49.80456222680794],[18.020806276546395,49.804597833457414],[18.021190855182688,49.804853203159915],[18.02128309335515,49.804967119498535],[18.021466821841543,49.80498901571495],[18.021504703390743,49.80496917942802],[18.021527137664417,49.80485908913837],[18.02161813053466,49.804819213083874],[18.02221610808174,49.80481864009329],[18.022394531573205,49.80487597309806],[18.02252984442904,49.804860590362594],[18.022721837045296,49.80474061525099],[18.022968053868556,49.804755376640976],[18.023112006987756,49.80486243914334],[18.023235993328058,49.80493224269774],[18.02350263192364,49.804994126677975],[18.02357303074296,49.80486487190503],[18.023898819016676,49.80476173790127],[18.02399208379887,49.804827780808004],[18.024104619195953,49.804851158287406],[18.02412934370079,49.8049136044293],[18.02429354645732,49.80491324691833],[18.024412731172493,49.804959212963105],[18.024707233761376,49.80496971799609],[18.02475455185594,49.80486016159835],[18.024935973737367,49.804923079503354],[18.025115022058984,49.80491012862192],[18.025267238305165,49.80480852371597],[18.025746026723724,49.804846995938085],[18.025955099971064,49.80473052943419],[18.026695618431635,49.804771379039],[18.027067968347815,49.8049041656687],[18.02714225537263,49.805020921829986],[18.0273891729004,49.80502858338651],[18.027624192602808,49.80497481033461],[18.028014405631755,49.805295831329715],[18.027968524309237,49.80534743202507],[18.028065288439375,49.80542152615405],[18.02800466913425,49.8055304963914],[18.0281980318714,49.80567280774486],[18.02819791434685,49.80578400567448],[18.028412176557914,49.805807020762515],[18.028521597029435,49.80559588986794],[18.028611915636294,49.80559225569203],[18.02869016110067,49.805635764467475],[18.028790647966712,49.80557350401877],[18.028713945240067,49.805472225413496],[18.02875591720214,49.805384203223966],[18.02926899495425,49.805425902786595],[18.029476465763373,49.805388860024046],[18.029663944412178,49.80529343648368],[18.02996852521984,49.8052115382837],[18.030209926736212,49.80519748317612],[18.030474102605204,49.8051132528072],[18.03059517054294,49.80499874237443],[18.030815849315342,49.80495893905482],[18.031128047180758,49.80488144904403],[18.03128371640521,49.80493393511316],[18.0314641282739,49.8048776366759],[18.03162040943501,49.804790971690394],[18.031861448981484,49.80482915484735],[18.031986404392295,49.8048170453368],[18.03209415752403,49.80468272014236],[18.03241068728837,49.80447649074272],[18.032479970017455,49.80433895374368],[18.032696941371796,49.80431084806741],[18.032803178079362,49.80435669035713],[18.03298136971522,49.8043175020192],[18.033018970135085,49.80416189042524],[18.033067124644358,49.804020787954606],[18.033170714023925,49.80389235979055],[18.033114617046287,49.80378622499077],[18.033426702511797,49.803590929711916],[18.033718564261104,49.80336016765341],[18.034073639325374,49.80326690987122],[18.034003830553278,49.80315095863621],[18.034438987385123,49.80298044878079],[18.034430760479967,49.80284060840791],[18.03461899335838,49.80270713052694],[18.03482324953786,49.8027176429635],[18.035656966314352,49.802115452371346],[18.03578277749899,49.80215077661124],[18.035976105642874,49.80194474849606],[18.035788351055025,49.801831567351506],[18.035846575271663,49.80173274613965],[18.036176583724945,49.80157322918779],[18.03629676432595,49.801463988385414],[18.036484966849695,49.80143403775311],[18.036460671765163,49.80133289696782],[18.036547144479304,49.80124463977875],[18.037228654400717,49.80108452948111],[18.037409511518366,49.80105929911128],[18.03748456760788,49.80101650762938],[18.037474382189032,49.800959777211496],[18.037448848638665,49.800953792517824],[18.037414518986928,49.80094585667164],[18.037711795989473,49.80084375215353],[18.037842650303826,49.80071770447858],[18.03787541685978,49.80057986614904],[18.037948779518256,49.80055647357839],[18.038115618029348,49.8004851225213],[18.038144703850207,49.80047136373893],[18.038338557408384,49.80036176336623],[18.038448584964748,49.80030600301567],[18.038480238339254,49.80027560326546],[18.03855698058421,49.80017288372721],[18.0385257211511,49.80001285203116],[18.038690353469573,49.79981861599942],[18.038878261677755,49.799776549825715],[18.039083153853213,49.79973266384526],[18.039272033727944,49.7997180026251],[18.03945402408245,49.79969969470422],[18.039543127825205,49.7996368608463],[18.03957826846534,49.79943507268834],[18.039693822693398,49.79941717899696],[18.039837792902425,49.799393430564905],[18.039912411748393,49.799379135542566],[18.039967637217966,49.79935984188305],[18.040017076442442,49.79934003431582],[18.040153210123478,49.79931141117578],[18.040299790844216,49.79895023093669],[18.040430367187145,49.79887074040023],[18.040449062377697,49.798680009659996],[18.040627783075575,49.79866313652925],[18.040655398077263,49.798572840188605],[18.04067704372129,49.79849248988326],[18.040690221135204,49.798363180797836],[18.040724150996713,49.79823506721021],[18.040961051743363,49.79813985776667],[18.04105234197152,49.798082384182834],[18.041191802736023,49.797946358918814],[18.041177830014217,49.79772748000338],[18.041371412220652,49.79754871890837],[18.041576511044056,49.797484983401574],[18.04146420368754,49.797292663985665],[18.04157060965966,49.7972489683372],[18.041579762015115,49.79718847813922],[18.041773882173317,49.79711228562095],[18.041862832262453,49.796974433500935],[18.041887041130906,49.796924107569765],[18.041917461935274,49.796797145622484],[18.04206587101179,49.79678060083491],[18.04219304154304,49.79676842885941],[18.042451667136007,49.79670479637129],[18.04240250966415,49.79664446803915],[18.042382625092436,49.796617688275475],[18.04237441910473,49.796598260555385],[18.04236956377792,49.79651286351721],[18.042431927152453,49.79642131885228],[18.0425389295199,49.79638036469452],[18.042625404300505,49.79629093073146],[18.042632945505023,49.79619649934932],[18.042634823923564,49.79610065867475],[18.042629809747798,49.79600424049954],[18.04271956754603,49.79591120456739],[18.042931294808188,49.795876281547464],[18.04291828090017,49.79567776732037],[18.042988534645865,49.79560590274863],[18.043033735360257,49.79556211108936],[18.04306404225949,49.79553334783494],[18.043101317424128,49.795488377617325],[18.043120264876272,49.79545805753032],[18.04313732178322,49.79542627462931],[18.043173154697392,49.795357301825504],[18.04319767752684,49.79531177770132],[18.043226437200346,49.795261803933585],[18.043288338289162,49.79520606646564],[18.043367324584835,49.795136600136935],[18.043317474250582,49.7949829010018],[18.043620173817082,49.79475066746167],[18.04359460963381,49.79465360753388],[18.043698846517454,49.79452620258469],[18.043708089334768,49.79436660956472],[18.04365812656826,49.794255327344395],[18.04360386024683,49.79414289462772],[18.04361717598223,49.794045997642506],[18.043631997896593,49.79389349554906],[18.04364500342464,49.79376435704829],[18.04374643966972,49.793676596522836],[18.043912902569616,49.79354077002166],[18.04406591882496,49.79342872034762],[18.044205557409473,49.79332980056204],[18.044313266980918,49.79320042893705],[18.044297379928874,49.79306845330225],[18.0443789756523,49.79295256145545],[18.044734462320655,49.79286065438042],[18.044719422896172,49.792726561358165],[18.044800978875422,49.79258963590732],[18.044965730439127,49.792701660003466],[18.045024003025453,49.79282452236588],[18.04524694181297,49.79279312994083],[18.04545510574301,49.7927657606204],[18.04560300830649,49.79267769536087],[18.04578458841521,49.79271595000517],[18.045935471365258,49.79269042706547],[18.04599648082783,49.79258327802413],[18.045875266902062,49.792408051163264],[18.04599944746561,49.79232620182106],[18.045890469337436,49.79209743179483],[18.04611548621825,49.79178697687508],[18.0462809138895,49.79151343837795],[18.046034813948474,49.79136432866097],[18.04604556184655,49.79124345458215],[18.04607178049874,49.791240360635605],[18.04620951360783,49.79122527306932],[18.04627294444884,49.79120401237562],[18.046460978616004,49.79111302146952],[18.04632389625614,49.79092442516456],[18.0464828423243,49.79072443806077],[18.046399847777153,49.79059681348295],[18.04645131561297,49.79047891540899],[18.046478245334495,49.790387405447916],[18.046505114474293,49.79027603432727],[18.046635503930077,49.79019968699951],[18.046571792577915,49.79014077889524],[18.046531022055596,49.79008842660827],[18.046498738824194,49.79003620185139],[18.046483419745158,49.7900056237127],[18.04644772241872,49.789934608386616],[18.046412750500572,49.789866432929344],[18.046392842125712,49.789835771092],[18.04633273776088,49.789767863714324],[18.04626900496942,49.78966851668948],[18.04614773764728,49.789568835905214],[18.04600972843826,49.78954942707082],[18.045918777989314,49.789384336335345],[18.04553379345519,49.78925882025646],[18.04548970246768,49.789068265259644],[18.04541272383373,49.789053181994035],[18.045227615287423,49.78907014377688],[18.04517467356027,49.78902927544446],[18.045061369483605,49.788992423089724],[18.044991989344066,49.789020471157656],[18.04487143681076,49.78909828572975],[18.04459491886107,49.789084438576225],[18.04422268291377,49.788910819997305],[18.04393804791679,49.7888982187512],[18.043804928620045,49.788881796644354],[18.043657173533504,49.78881867809638],[18.04358784443764,49.7887966326178],[18.04341034113042,49.78875824729456],[18.04316510967935,49.78870747597901],[18.043125091265384,49.788678092198396],[18.043097801164627,49.788679860028054],[18.043066974246635,49.78872258386419],[18.0430806284459,49.78874801201806],[18.043097109694486,49.78878127532257],[18.043067193869653,49.78881331039373],[18.043013768835717,49.78882061333176],[18.042909803868323,49.788820311470104],[18.042756267699417,49.788736369099944],[18.04277168009276,49.788663783127],[18.04272355299633,49.78856253438999],[18.042568845649456,49.78855813587543],[18.0424760097303,49.788503233935664],[18.042472744051015,49.78846612839589],[18.042170228071228,49.788366562571426],[18.04201162138336,49.788357064463945],[18.041991923871997,49.7883370648046],[18.04202739756281,49.788283867636665],[18.041982339534567,49.78820797856626],[18.04152657321512,49.78811068445185],[18.041498516288602,49.78802268652485],[18.04142649523632,49.78796952440886],[18.041230315826564,49.78795749936691],[18.041017167561694,49.78787824336628],[18.04099129490705,49.787823046245705],[18.04080347704827,49.78775526846837],[18.040698046017766,49.78763988513965],[18.04059776370838,49.787616866504045],[18.04055924252581,49.78759993397792],[18.04048361738035,49.78754764665309],[18.040636329931882,49.78738702288862],[18.040564543121825,49.78721553895258],[18.040361168121176,49.78704594987051],[18.040299173705645,49.786903643299176],[18.04009383073166,49.786886304085485],[18.039991455396905,49.78682173349141],[18.039849001772282,49.78672317079046],[18.039868419269446,49.78650486045318],[18.039743012546815,49.786314760347786],[18.039520116017048,49.78630850358335],[18.039185760147948,49.78617802906007],[18.039422003763182,49.78601824958924],[18.03937452801599,49.78590421897614],[18.03917444544242,49.78585676238908],[18.039109377833704,49.78579768081344],[18.03915908318921,49.78571804519018],[18.03916098297551,49.78567076655225],[18.039144276772767,49.78559759316321],[18.03911162345196,49.7855136619359],[18.03907606402219,49.78549852422193],[18.038887249233344,49.785551637780344],[18.03886676525831,49.78543699630986],[18.038786240699018,49.78530580591239],[18.038705151005846,49.78517467311461],[18.03870068246541,49.7850986847277],[18.03867599732359,49.78496999073333],[18.038392293987418,49.78495381772245],[18.038305472349936,49.784927240001515],[18.03816492680442,49.78488583101252],[18.03803951065067,49.78485504244591],[18.037914561697622,49.78482491251181],[18.03775943402927,49.784709097762544],[18.037777473685658,49.78459920414348],[18.037899843764414,49.784558870488844],[18.03804237568436,49.784508777149576],[18.03805728768511,49.78441756824434],[18.037976750212426,49.78431995420697],[18.03804147313633,49.784159496448396],[18.037885672926894,49.78392693248027],[18.038039941944593,49.78384520161891],[18.038059407857077,49.78378575712272],[18.03794339905621,49.78368961836032],[18.037815952184033,49.78365537253285],[18.03777429388192,49.78366533696517],[18.037746419294802,49.783734225631385],[18.037603728199674,49.78372365235469],[18.037512908673925,49.78363898456484],[18.03734112119731,49.78358656622427],[18.037335117244332,49.78355318366226],[18.03744836540921,49.78344941108806],[18.037418919158334,49.78341720435379],[18.036981631589935,49.783309581355965],[18.036871104573148,49.783194892327394],[18.036696389561907,49.783182020030125],[18.036525153787274,49.78304857551961],[18.036367898697822,49.783017212560324],[18.03613221910595,49.782988457780746],[18.035901956344095,49.7827946520068],[18.03596210099647,49.78269386600298],[18.03596065374523,49.782657767372974],[18.035813149778733,49.78260214340589],[18.03555301649776,49.78254038481213],[18.035223621067534,49.782484559954256],[18.03517647295867,49.78241080317876],[18.03513965214114,49.78230352233217],[18.035252107986782,49.78222579222433],[18.035136477090724,49.782086435555264],[18.03496046245048,49.782012106115666],[18.035002899479114,49.78193060851367],[18.035023872570655,49.78178017513528],[18.03495354754804,49.78166717063693],[18.034815284914714,49.7816062110221],[18.03484743493605,49.78142925291737],[18.034781679799686,49.781277969204574],[18.03466191736554,49.78114333799803],[18.03467214507675,49.78072447210287],[18.034618832819433,49.78057192008778],[18.034577733336427,49.7804126708528],[18.03452163426766,49.78027024806097],[18.03439249299643,49.78031831094056],[18.034151209231055,49.78016827442991],[18.03404931670487,49.7801743113684],[18.03387897635663,49.78018443303522],[18.033553713067214,49.77999434746269],[18.03359285370485,49.77980307965274],[18.03338709628571,49.77971096423111],[18.033337808802244,49.77960720549501],[18.03321825991161,49.779569347571424],[18.033147677401246,49.779514998198984],[18.033062849785388,49.77950947208792],[18.03295085355769,49.77954335821751],[18.0328881393441,49.77950679334876],[18.032874710278822,49.77942812063991],[18.0330184182101,49.779370429298005],[18.032980666870213,49.77930136548073],[18.03299885605362,49.77916512335049],[18.033266898745556,49.77904058905678],[18.033285124066136,49.77899019008924],[18.033119429976256,49.77893820603886],[18.03305971544151,49.778818049249715],[18.03313947208219,49.77876316700372],[18.0330261352795,49.778634590722845],[18.033062330624126,49.77846878797758],[18.03268785007583,49.77836702597109],[18.032674208944034,49.77817036572889],[18.032765636027186,49.77807219854567],[18.032745065626557,49.77798363594203],[18.032574281850533,49.77786230511122],[18.032507456873855,49.77773812696517],[18.03289139942807,49.77739525323825],[18.032740602467232,49.77731000800377],[18.03274714914928,49.77714998637837],[18.03281376021979,49.777055893397545],[18.03282740622628,49.77694051084687],[18.03279608390567,49.7768500640794],[18.032803652341208,49.77677783815332],[18.03284728104494,49.776695778123646],[18.032816369807996,49.7766357740876],[18.032869702035544,49.77658550537118],[18.032861416523414,49.77651200357464],[18.032947349970065,49.7764375296579],[18.032907036491682,49.77636380454247],[18.032711503463407,49.77629069072285],[18.0325957433282,49.77620611284015],[18.0326723648273,49.77611422237111],[18.03263766691495,49.776011846347544],[18.032658498666574,49.77595870939215],[18.03261543128623,49.77589791350855],[18.03250596357716,49.77586587128589],[18.032438044780097,49.77577701328222],[18.032466805476787,49.77571386325342],[18.032412496379376,49.775646641625364],[18.032329563664508,49.77561928970452],[18.032256192193444,49.775526506311884],[18.032184247559513,49.77544969170748],[18.03209468745958,49.77539352387671],[18.031967215167466,49.7753910416],[18.031902892740153,49.775242635748555],[18.031780576150513,49.77520876801296],[18.031591701003524,49.77504477890143],[18.031273925877958,49.774695257945794],[18.031242738786826,49.77462512771773],[18.03112135171123,49.774617940821024],[18.03110152071477,49.77458682838988],[18.031047594384162,49.77459888017616],[18.03101176645581,49.77461513584831],[18.030882358484416,49.774667240793434],[18.030204871024374,49.774941350922575],[18.029675231062125,49.77515593362431],[18.029494655790614,49.77524254302395],[18.02899501684696,49.77548214331902],[18.028839560971026,49.77556243939577],[18.02878876256159,49.77557909380434],[18.028771698239204,49.775585600498516],[18.028316337951214,49.77576068820011],[18.027515044552985,49.77610869330845],[18.026114545221287,49.776848135001856],[18.02419487987744,49.77784479176937],[18.023262561158027,49.77835616348129],[18.02286445923,49.77855439939764],[18.0220262848115,49.77900955171514],[18.021826060796418,49.77908174628742],[18.021599858942235,49.77919576648692],[18.02130713878703,49.779296824885385],[18.02107567487864,49.77935394368055],[18.0203968543973,49.779685335561425],[18.020003402141047,49.77986180700691],[18.01977178735871,49.780036259866655],[18.019468627138536,49.780163429213545],[18.01915420161879,49.78033083684258],[18.017940768853922,49.78086933656995],[18.017714876913992,49.78094256806963],[18.0173631299586,49.781027747634035],[18.017286550817253,49.781064480199795],[18.01725812899504,49.7810390966606],[18.01716629040118,49.781004539417815],[18.016470157142567,49.78098810888286],[18.01607304014922,49.780886789082],[18.015722099274456,49.78074481124348],[18.014870729599206,49.78034912013868],[18.014438885249678,49.78018332108352],[18.01372471965721,49.77998448551672],[18.013378406200328,49.77993835946298],[18.012673404891878,49.77980043543551],[18.01235789072158,49.77965237264702],[18.012161031080783,49.77954755360953],[18.011434086008634,49.77935355980561],[18.011098585246874,49.77923520744259],[18.00985550102881,49.778674449653366],[18.00945111367648,49.77847456456057],[18.00878296777426,49.77807399668325],[18.0083737033088,49.77779240416523],[18.00806883271965,49.77763709131968],[18.007940350754502,49.77760148705117],[18.00768456608524,49.77759037385163],[18.00737797869198,49.777698809832344],[18.0071413458019,49.77789316914348],[18.00704204853813,49.77793489804404],[18.006979450615205,49.777963226697594],[18.006697584494002,49.77764946997648],[18.006677387394877,49.77741423764781],[18.006985113651734,49.77694435011683],[18.00708336326497,49.77671643011781],[18.007158406713657,49.77625788767794],[18.007085471951402,49.77625510727151],[18.006522477220415,49.776771769944226],[18.005841399579086,49.777463026501316],[18.0051272250442,49.77815155006656],[18.004708031868653,49.77851495940786],[18.0043271119588,49.7788222726811],[18.004343482469686,49.778829901042656],[18.004718061537375,49.77900731622093],[18.004950035596973,49.7791171621894],[18.00500261591662,49.77914521263746],[18.00503636907659,49.779163235797604],[18.005351185773524,49.7793313187276],[18.005409550825767,49.77936593253325],[18.005838876534924,49.77962035376425],[18.005562341536773,49.77991674781884],[18.00545244947975,49.77998467119837],[18.00526298120899,49.78010187369585],[18.005020652521267,49.78026466733446],[18.00506660473878,49.78029630540302],[18.005064563154665,49.78034538268833],[18.005342540985502,49.78044417208464],[18.00564882746502,49.78065589995037],[18.005640707669354,49.78084381682508],[18.005703943338435,49.78091987425513],[18.005653752221182,49.780978438484205],[18.005658759677107,49.781008787482925],[18.005672798625422,49.78109282694417],[18.005862317187013,49.78122954758675],[18.006129183809335,49.7813825733256],[18.00639610936781,49.78162902800411],[18.006480066310683,49.781796281190864],[18.006460593544542,49.781880726282125],[18.006482406090278,49.782022535251436],[18.00657649237142,49.78215986479716],[18.00664379275855,49.78229835078092],[18.00655791403927,49.78232966387746],[18.0068094641171,49.782533071908105],[18.00693294975113,49.782757315652],[18.006877876065076,49.782774526203674],[18.006948197584197,49.78289720963035],[18.00808176080034,49.78217528015147],[18.008144738993774,49.78213514775792],[18.008350737626134,49.781972952123496],[18.008510280221586,49.78184733215906],[18.008797006885302,49.78160225178705],[18.008846236083816,49.78165258253961],[18.00867301049069,49.78181369777392],[18.008776125708,49.781955339226535],[18.008843755228945,49.782048077487254],[18.008223007907485,49.78273525958795],[18.008455488657077,49.78284666078679],[18.008372929822926,49.78300029818118],[18.008241049332955,49.783191067659395],[18.00852689745822,49.78320274516012],[18.008657198911195,49.7832081235703],[18.00847215839765,49.78332856655866],[18.00819092413517,49.78351159046781],[18.00734035326826,49.78418194059133],[18.007447874867683,49.784420874867266],[18.007480694016706,49.78464753946219],[18.00753315818813,49.784916683773815],[18.00767585948981,49.78508363620886],[18.007714141681756,49.78519002073812],[18.007642845027497,49.78532869388594],[18.007670211088428,49.78553933608331],[18.007730017331,49.78561808165776],[18.00776889881642,49.78579481849158],[18.007732637939284,49.78579894713865],[18.007702045525356,49.78580241108684],[18.00768915006655,49.7858039210123],[18.007047916004446,49.78587700274978],[18.006740247235822,49.78589095830647],[18.006300797098152,49.78589303795386],[18.00561427177102,49.785896330293625],[18.004642358633202,49.785892563537985],[18.004136267837076,49.78589059381188],[18.003432442862028,49.785887906394116],[18.00289597785085,49.78588579611806],[18.002679159097617,49.78588496635898],[18.002607544296726,49.78588866948787],[18.002023639270448,49.785919100505794],[18.001120936312773,49.785874543098906],[18.001091924328684,49.78587060477269],[18.000893457485617,49.78592761361643],[18.000833951005525,49.78596776341108],[18.000788719482852,49.786016593908236],[18.00076140158628,49.78605283241201],[18.000703294113464,49.78608286303715],[18.000452361029808,49.78613312892925],[18.000403325409803,49.78614292380688],[18.000319648941293,49.78617436059512],[18.000281573470037,49.786212773682635],[18.000219790717956,49.78640245462078],[18.000169652890236,49.78643231515568],[18.000094652067872,49.78645847763968],[17.999972340579617,49.78647792559492],[17.999898175902928,49.78651921109923],[17.99982882659216,49.78665068210163],[17.9998549931708,49.78671249772094],[17.999808643196,49.786762346294076],[17.999711678076896,49.78686667057053],[17.999668013196764,49.786890045871765],[17.999656634858066,49.78691989661223],[17.999572465596902,49.78698109265754],[17.99955972688279,49.787021786886115],[17.999422543138213,49.78716891300825],[17.999327504462496,49.78726332904633],[17.999058420236118,49.78743367901066],[17.998954751320998,49.78747758623598],[17.998894929690888,49.7875068848564],[17.99878802750767,49.787580212231425],[17.99866979369538,49.78763970343133],[17.998623030164236,49.78777013657142],[17.998607806870584,49.78782576135854],[17.998582288066093,49.78791852100978],[17.998535174656194,49.78809885178753],[17.998440177205005,49.78825140196547],[17.99832766114458,49.788505389944504],[17.99825379334361,49.78855255924739],[17.998235364417607,49.78866965086181],[17.99821218347904,49.788762636297044],[17.998220754996403,49.788889146798574],[17.998217879173556,49.78901878475725],[17.99821649361621,49.78916385460135],[17.99818022150749,49.7893897671459],[17.99826669652687,49.78945607296146],[17.998238909401962,49.78994317001836],[17.99832206373922,49.79030057631565],[17.99822949209891,49.79053432732473],[17.998285471509455,49.7907918565812],[17.998370842094005,49.79089438559825],[17.998539176481046,49.79116321315443],[17.99857139512417,49.79121454770018],[17.998641887112548,49.7914236319783],[17.998660775228597,49.79147960964377],[17.998622254479656,49.791536320898906],[17.99867015939113,49.79166375757441],[17.998604495180075,49.791794719721175],[17.99853405608275,49.79184226874214],[17.998449955940544,49.7918625773278],[17.998430335935883,49.79190260171071],[17.998363199999506,49.79209458946747],[17.998399528266575,49.79209001596954],[17.99736390726448,49.79273116477352],[17.996374933147106,49.793005816799294],[17.996298224850626,49.793076470678116],[17.996243338744343,49.79323125577871],[17.996140879630662,49.793520217723305],[17.99598602202834,49.79365277597793],[17.99596745963944,49.793707304239874],[17.99592772474168,49.79378786534839],[17.99610717365467,49.794026740189274],[17.996396666769343,49.794460926488334],[17.99662626161244,49.79477781084139],[17.996785661119915,49.7950165143804],[17.997624228027018,49.79526580366891],[17.998938429167282,49.795640238869986],[17.999029572172102,49.79566583252085],[18.000931654046592,49.79624023189649],[18.001425224532706,49.796388979582346],[18.00200559377186,49.796563515748744],[18.003126826559537,49.79690893602276],[18.004019575811874,49.79717927742327],[18.004089665125612,49.797200849003744],[18.00392511713075,49.79735415854743],[18.003657883722546,49.797508831275486],[18.003435747164886,49.79760762313392],[18.003258703616535,49.79766569889707],[18.002801882630333,49.79780776207385],[18.002215896135663,49.79797727320163],[18.00171223864043,49.79811309840647],[18.001152675528882,49.798257868041475],[18.00105181375557,49.79828334588389],[18.001017162104056,49.79829189908715],[18.000751203882878,49.79836061554172],[18.00009235367298,49.798517409212344],[17.999396090548892,49.79869360471322],[17.99875117540683,49.798867537412306],[17.998226961719624,49.79916084678791],[17.997786271050355,49.799424965730026],[17.99740792986871,49.79966679150872],[17.996267815844217,49.8002182932244],[17.995886673446183,49.80039360589687],[17.995683108164386,49.800505106133976],[17.994784708687703,49.8011356955287],[17.99473694860695,49.801181489379054],[17.99462773427243,49.8012863644973],[17.994672045283828,49.801320889210615],[17.994658302310107,49.801328486996134],[17.994887509178497,49.80172388272492],[17.995550901680442,49.80277091259492],[17.99602309125151,49.80343621260582],[17.996295179225342,49.803682170744175],[17.99666145666816,49.803996324793395],[17.99686311169283,49.80422519906971],[17.997043136761825,49.804454172868006],[17.99706228732444,49.80448308538454],[17.997098859455434,49.80455642636752],[17.99721036120836,49.80476355424365],[17.997465231735937,49.80499090850709],[17.997707339335008,49.80524902537622],[17.998015782572455,49.80556902840181],[17.998239790555598,49.80584207185101],[17.998451511613013,49.80607793471705],[17.998499022187193,49.80613575125381],[17.998562139198356,49.80621081061215],[17.99864934841139,49.806331497034186],[17.99869123600245,49.806388626487646],[17.998738206085463,49.8064463212917],[17.998844044051896,49.80658559894856],[17.998900322280914,49.806661705956415],[17.998980711782234,49.80676213807439],[17.999048410953744,49.806844413160455],[17.99915409771424,49.806958587490904],[17.999159983554502,49.80696443487018],[17.999183731191795,49.80695308352679],[17.999271260116128,49.806912210357744],[17.99932444060601,49.806871603221595],[17.999378847590144,49.806816082867776],[17.999445134932454,49.806709979485866],[17.99946427680201,49.80667949543858],[17.999580856357607,49.80651736234756],[17.999634328828293,49.80643633254],[17.99968129392015,49.806365035483246],[17.999837316567884,49.80652771082879],[18.000007129811127,49.80670463475007],[18.000173541764315,49.80699789547076],[18.00021760070681,49.8070756405637]]]},"properties":{"id":"obec-599964","code":599964,"name":"Tísek","count":302,"kind":"Celá obec","parts":["Tísek"]}},{"type":"Feature","geometry":{"type":"Polygon","coordinates":[[[18.15772364632758,49.80781049777201],[18.157767692512518,49.80775595284318],[18.15781172649834,49.80770149746126],[18.157939429628748,49.80752939888881],[18.158039549966933,49.80741178412526],[18.157975647050794,49.807223156988684],[18.158043060337086,49.807059649739685],[18.15804827491095,49.80691680951773],[18.15833714687881,49.80673875930863],[18.15848687561538,49.80658216606219],[18.158444593341155,49.80645748578538],[18.15841403630333,49.806262533065976],[18.1584314007579,49.806141227943904],[18.15865161705948,49.80596245094616],[18.1588021740558,49.805721250547975],[18.15937309611953,49.80581293813884],[18.159423460197967,49.805821022127226],[18.16028106303055,49.80595419447735],[18.160970970676974,49.80611379381962],[18.16132443014992,49.80618225035238],[18.16141928541941,49.806200611340195],[18.16149082662452,49.80621503638036],[18.161528435286456,49.80622257846602],[18.161717675912815,49.8062607174166],[18.162558571240567,49.80642992933358],[18.163334527745793,49.80662777201842],[18.16409966318769,49.80685829912725],[18.16453346932033,49.80693697359051],[18.16467652738732,49.80696293025528],[18.165264683625725,49.80702523843468],[18.16612071684027,49.80707416566777],[18.16617115409575,49.80709515626593],[18.16628271898254,49.80714162226743],[18.1669385842663,49.80741216089159],[18.16710939645889,49.80748255078362],[18.16770195701383,49.80772829886807],[18.167812430359245,49.807640231798466],[18.168280813752112,49.80726626562001],[18.16826982782989,49.80726293746321],[18.16800694929627,49.80718139092466],[18.168096445832436,49.807169210331985],[18.168302458749828,49.807129589440585],[18.168435311103483,49.80710406480548],[18.168860063378677,49.80702247211291],[18.16929856610633,49.80695988486209],[18.16946108769445,49.80693666693985],[18.169818738652516,49.80688936495979],[18.16983819392482,49.806886763780305],[18.17028274277251,49.80682171684141],[18.170322291338184,49.80681591863385],[18.170448460601985,49.80679443649044],[18.1705346716054,49.806779722093204],[18.170608467856898,49.806767104119004],[18.17139474465403,49.806633181745646],[18.171441839629114,49.806625192172206],[18.17167385858393,49.806615011134355],[18.17234900553571,49.80650269338671],[18.17272772987867,49.806439696515206],[18.173302404559266,49.806349587],[18.173383160024528,49.8063401579434],[18.173897304430668,49.80628011005344],[18.174329167969628,49.80622010812305],[18.174396667043716,49.80621074229545],[18.174782444489885,49.80608812265637],[18.174996880453676,49.8060562760782],[18.1753124771832,49.806009472213375],[18.175563342662645,49.8059721902527],[18.175930021104865,49.80591779912853],[18.176154841418537,49.80588545361094],[18.17615655039808,49.80588518906758],[18.176708710108436,49.805805795865794],[18.17704428699315,49.805791791791854],[18.177139743113063,49.80577569924324],[18.17736745830409,49.80573737802518],[18.177441365471697,49.80572494269899],[18.177380548239032,49.80559155516662],[18.178025426566613,49.80513537150131],[18.178050741922032,49.80511306478242],[18.178249719057067,49.80493711824855],[18.178251933982924,49.80493516752609],[18.178480353558797,49.80473317589292],[18.17849111512638,49.80472367534277],[18.178955682429436,49.804312997436014],[18.178959648754702,49.8043094308096],[18.17908957350536,49.80419474609893],[18.179395228765507,49.80392446114068],[18.179598183499944,49.80375514471301],[18.17994677589444,49.80346417735683],[18.179950555452287,49.80346096115731],[18.180061786864254,49.80336805368295],[18.180268666972033,49.80319543810299],[18.18093486475091,49.802543164111945],[18.180938818731903,49.80253968698357],[18.181374796471165,49.80214841666339],[18.181511829869915,49.80202537677553],[18.181577104899603,49.801980685515346],[18.181795026441186,49.80183161316754],[18.181825764615535,49.80181249950404],[18.182015181711726,49.80169494001472],[18.182054891972207,49.801670285693696],[18.182111493622692,49.80163512249953],[18.18229407942898,49.801521689763476],[18.1825125459284,49.801415153279045],[18.182551056992647,49.80139629724007],[18.18267624775918,49.80133531002004],[18.182877292556192,49.801236995801794],[18.18306041704821,49.80114750781016],[18.18311921795978,49.801118785470365],[18.183123833196586,49.801116609018855],[18.18331435697684,49.80102807933819],[18.183457572768546,49.800961609860074],[18.18402468576367,49.800698023405666],[18.18422338356119,49.80060571163143],[18.184843057398993,49.800327576789876],[18.1856987547802,49.79995733364984],[18.185829321886562,49.799900888073196],[18.186112124360676,49.799764760891584],[18.186809945626102,49.79946313481476],[18.18693584864794,49.79939884462253],[18.187567566935787,49.79907652332903],[18.18824412325267,49.7987483323458],[18.188303032544383,49.79871979432615],[18.188491405968183,49.7986471096895],[18.188635376585793,49.79859150672404],[18.188877818803956,49.79855841728771],[18.1894578570268,49.79847927701337],[18.19024041493956,49.79837670568703],[18.19044734053041,49.79834955437474],[18.19073457937561,49.798290195752756],[18.190773517293493,49.79828056645701],[18.19168102753865,49.79805633223025],[18.192218529850514,49.797908723664406],[18.19256660722948,49.79781262701918],[18.19291656591502,49.79772845754057],[18.193099242314815,49.79769289736705],[18.19324956330244,49.79766363750181],[18.193800572834345,49.79765305369149],[18.194508381590545,49.79763865882781],[18.195122530208746,49.797626117774016],[18.195483091014058,49.797613470688475],[18.195976578675978,49.797596210110704],[18.19598799014816,49.79755588083088],[18.19599703200895,49.79754149915107],[18.19609190805854,49.797390442789016],[18.196179954881654,49.797228984821025],[18.19624006871134,49.79707723562234],[18.196251498291232,49.79704818803323],[18.196141192325438,49.79702348039671],[18.195665000355493,49.79702411681525],[18.19528300021841,49.79688295226075],[18.195065968609654,49.79673527848204],[18.19488813314299,49.79663312830586],[18.194675170918874,49.7965797187027],[18.194276897331726,49.796507845661395],[18.19397126531184,49.79646555269897],[18.19347495668289,49.796390775171496],[18.19286307804535,49.79625579226133],[18.192530733244222,49.79617679544866],[18.19213832741058,49.79606752233402],[18.191882189753397,49.795980631500896],[18.191469812320133,49.79580110284101],[18.190909148368256,49.795417928408206],[18.190531032744037,49.79502815679443],[18.190358809183152,49.79476612781545],[18.19034770649261,49.79473671389496],[18.190266523584082,49.794523401568],[18.190131963657247,49.794107728461654],[18.18998002724447,49.793750819209436],[18.19039655203988,49.793632775569456],[18.190855467947586,49.7935052959424],[18.190609950519246,49.79298166614242],[18.19041134767887,49.79259857440379],[18.19067483851803,49.79240242040348],[18.19073113000908,49.79227193636867],[18.19072212891779,49.791988326779524],[18.19068951093545,49.791861769130755],[18.190582616086232,49.791639608075684],[18.190341383541522,49.791376668925594],[18.1899512217893,49.79095544006278],[18.189572827220875,49.79052864537039],[18.18942617315098,49.790365881031626],[18.18933857069592,49.79015789084991],[18.189783326191975,49.79010235781352],[18.19093818159779,49.78994612923631],[18.191012717054328,49.78993606867867],[18.191240500506066,49.78995467452214],[18.191168299570762,49.78986956660095],[18.18968962092513,49.78810624061391],[18.1890721570829,49.78735101194687],[18.18882598177555,49.787017216059525],[18.188640392048498,49.786676545365204],[18.18852991515859,49.78630698643927],[18.18849792925655,49.78610736306229],[18.188495060993926,49.785859113073755],[18.18852463181431,49.78559662718883],[18.188608502994445,49.78498722426322],[18.188704791986368,49.78422943330326],[18.188757078062626,49.78421478167163],[18.188843678113063,49.7841906023556],[18.188894947616127,49.78417625436795],[18.189071160940255,49.784125177388546],[18.18928886332078,49.78406199854806],[18.189256058620963,49.78396593242436],[18.18922905015108,49.78388688854648],[18.189208029209,49.78367100695471],[18.189263684494822,49.78369453888257],[18.18956579013185,49.783821572733565],[18.189813624791665,49.78392515210114],[18.19007827596888,49.78404050795692],[18.190442291313794,49.78419124261582],[18.19119018199749,49.78450366374644],[18.19148479137668,49.78463054048842],[18.191695049153893,49.784730644994276],[18.191900008402627,49.7848401069961],[18.192113202686524,49.78494741526059],[18.192266005558135,49.785042567830246],[18.192607754212624,49.785255393708745],[18.192883267574988,49.785426945834544],[18.1924615548929,49.784592332146],[18.192387786724563,49.78444631009655],[18.19238106906731,49.78443302651108],[18.192028472371522,49.78373559672658],[18.191648105090245,49.78294202240486],[18.191593862652777,49.782824985532336],[18.191495485319237,49.782832078367676],[18.19126496578751,49.7827604323894],[18.19113499673544,49.78266033721117],[18.190810587382206,49.782374660463],[18.19038577445396,49.78180004125005],[18.19001332889837,49.78150163772084],[18.189873403900243,49.78130143755476],[18.189737677313797,49.78110733975505],[18.18956745383486,49.780864008469976],[18.189348531664695,49.780660529059205],[18.189297271054198,49.78051721623463],[18.189382259578963,49.78037120302316],[18.189351206349283,49.780283899040924],[18.18912788126029,49.780117352576944],[18.18900969763851,49.7800291992986],[18.18898487275787,49.779811568581124],[18.188974157152852,49.779800044804816],[18.188952599675407,49.77977689988524],[18.188931030179926,49.77975384452995],[18.188959455145042,49.779729004117165],[18.189005063719566,49.77968933889203],[18.189051603877317,49.77965414825382],[18.189307657705765,49.779461010260825],[18.189332623640915,49.7794422018825],[18.189346601203685,49.779431528214175],[18.189352020202058,49.7794275017435],[18.189427591862366,49.77948013282199],[18.189831894276814,49.77908606550612],[18.189694779637545,49.77888367641623],[18.189466788483397,49.77853204150934],[18.189572949056302,49.778431713140215],[18.18961031055038,49.778396366095535],[18.189905002538428,49.778117865079054],[18.190092131866134,49.7779407864999],[18.190560093730124,49.777641183247646],[18.190743452574406,49.77748591161959],[18.1908526618047,49.777326552180355],[18.191196569727094,49.77770854030252],[18.1914013230359,49.77792511660144],[18.191690428160403,49.77803147011147],[18.191944506494163,49.778096682599276],[18.19257390622155,49.778158669517346],[18.192771988209987,49.77816350959917],[18.19293983261919,49.77834885407776],[18.19307355963858,49.7784146853713],[18.193391178577787,49.778451977237154],[18.194299122611554,49.77832649715685],[18.19529558326098,49.7780669246209],[18.195336158066745,49.778056394178535],[18.195373707937307,49.77804659587095],[18.19552694420846,49.778006580798404],[18.19566499555853,49.77797067415427],[18.195750511527518,49.77852120804038],[18.19600400751833,49.77855551425809],[18.19614049208493,49.77857384701348],[18.196143933368514,49.778420531914946],[18.196097820675107,49.77805397281833],[18.195968576499766,49.777748161951195],[18.195922063420767,49.77763787948366],[18.195443162184787,49.776987494752866],[18.195315863061243,49.776814634814635],[18.195000686128996,49.77638662783958],[18.194975956186806,49.776045637959974],[18.195020355908284,49.77545756529251],[18.194986355222426,49.77536414078612],[18.19489997097189,49.775126350236214],[18.194872411174913,49.775050344941135],[18.194799642419696,49.774850231760844],[18.19477927502685,49.77482029617821],[18.194770399261632,49.774811674171325],[18.194430115835303,49.774481521648724],[18.194234713565354,49.77435202337631],[18.194042505362365,49.77422469002605],[18.193945144342248,49.774195291260526],[18.193808143975502,49.774153913207286],[18.1937340906321,49.774131512523276],[18.19354847349858,49.774075483342024],[18.193423800935793,49.77403777729532],[18.1925725377551,49.77386321009549],[18.192505273999185,49.773849403510845],[18.192460704177712,49.77383886075757],[18.19237790850745,49.77381930579163],[18.191749327413905,49.773670723531154],[18.19161682761315,49.773639433190795],[18.191592824892457,49.7735100204759],[18.191585292872638,49.773469616725336],[18.1915781456297,49.7734304981088],[18.191566429888564,49.77336729690467],[18.19155994986338,49.7733325477284],[18.191561797381834,49.7733094583631],[18.191563526158987,49.773262356625935],[18.191553983259947,49.77326181895548],[18.191547320017644,49.77308320584709],[18.191554379389057,49.773084596307704],[18.19155394557449,49.77300380086032],[18.191549295005093,49.77294713449892],[18.191543671180433,49.77287696650505],[18.19121223826801,49.772883651484406],[18.19093642694439,49.77288913786962],[18.190884382653763,49.77289586168262],[18.190508117914167,49.77294478099803],[18.190400413374068,49.77256508872891],[18.190827019423825,49.77194954780208],[18.190936949731633,49.771790951257564],[18.19124031239319,49.77153053563837],[18.191243625746868,49.77152765393805],[18.191472949595923,49.77133084145104],[18.1919878489818,49.77082026601538],[18.192789756266052,49.77087221261491],[18.193178871863918,49.77077726305051],[18.194050869428747,49.770564574926404],[18.194145806736206,49.77054140419674],[18.19417837265461,49.770514720448844],[18.194558265676612,49.7702030160465],[18.194601877149214,49.769956030327684],[18.194593760213028,49.76981514927297],[18.194579690966744,49.76957330785488],[18.194366668636537,49.76914554315056],[18.194044019189498,49.768900218753075],[18.193974363360002,49.76884720099065],[18.193814560646942,49.76876509970618],[18.19337675637732,49.76853999960818],[18.192891972414458,49.76835141811539],[18.192488358547607,49.76823491236342],[18.192128430009372,49.768191529959296],[18.191945581768866,49.76819079364659],[18.191684396506496,49.76827534859439],[18.191407042134102,49.76836512869099],[18.190910356281133,49.76841249589592],[18.190178379250614,49.76831844912283],[18.19066240802934,49.76769215776035],[18.19113196962797,49.76757386338818],[18.191348360151206,49.7674742412178],[18.19170507622952,49.767450211249866],[18.191766855233702,49.767437357646],[18.19223891792271,49.76733878367704],[18.192631484135838,49.767190966531075],[18.192938827968078,49.76703861769716],[18.193365311415963,49.76711859734223],[18.193440105961837,49.76712605971787],[18.193947068076966,49.767176367208016],[18.19418117499062,49.76714813075196],[18.194245899007985,49.7671403151172],[18.194646712469456,49.76709186673084],[18.195012442358383,49.767000649555946],[18.195379670309713,49.766632548375604],[18.195396721184963,49.76661554953487],[18.195428760682912,49.766583421135785],[18.19546767673814,49.76644816696227],[18.195791005008857,49.766252400451464],[18.19590504982761,49.766122099000526],[18.196007087834513,49.76600547055545],[18.196116317901183,49.76574079119531],[18.196138026700318,49.76568804613175],[18.196128649880606,49.76555756281817],[18.196126159807424,49.76552213612526],[18.196063124210948,49.76540216811409],[18.19600873091965,49.7653766335925],[18.195938495294143,49.765343528630154],[18.195907556058845,49.76532906150529],[18.195753701863485,49.765256682911634],[18.19504697758105,49.76510975770253],[18.19473864226497,49.76513471688314],[18.194076083128355,49.764917263341985],[18.194325326658518,49.76455722960024],[18.19484187583122,49.76425051656348],[18.19499998670026,49.764053478661296],[18.19558845350867,49.7637028924519],[18.195608948034764,49.7633343053044],[18.195711354260283,49.76324395985213],[18.19586321946486,49.763110012881945],[18.195931359858267,49.762900236101444],[18.196072393307688,49.76266740010858],[18.196093133412067,49.7626332816043],[18.196089188774422,49.7626024657763],[18.196067451172016,49.76242914084554],[18.196044286564085,49.7623951669212],[18.196036122148406,49.76238333601985],[18.195885892746585,49.762163607468494],[18.19587634568471,49.762151698681315],[18.19585434177772,49.76212464883297],[18.19576600775098,49.762015709473474],[18.195429662383592,49.7618426242204],[18.19536285930113,49.76184003485134],[18.195110604382855,49.7618303389872],[18.195059257714,49.7618381862192],[18.194742929165546,49.76188651922066],[18.194691732673633,49.76189428451077],[18.19460681595711,49.76190727983442],[18.194409567604254,49.7620689917365],[18.19415049757077,49.76228127873917],[18.194083338471422,49.762336336496],[18.19398895717017,49.76241359564776],[18.19389001249274,49.76249474902402],[18.193846497894533,49.762530381867165],[18.19364558826678,49.7624713225424],[18.193652749202943,49.76243562712792],[18.19368162732292,49.762292136693574],[18.19370380738603,49.762181931076064],[18.193732697238087,49.7620383510451],[18.193740615612057,49.76199908841348],[18.193767029774698,49.761786781086535],[18.193799745035733,49.76152338787129],[18.193989046276645,49.761325401152874],[18.19409131328275,49.76121844379746],[18.194056906056048,49.76094964470929],[18.194009835992798,49.76085611409559],[18.193997855098335,49.76083224561848],[18.19392803190011,49.76069339250405],[18.19378347874362,49.7605394092314],[18.1937152112366,49.760510384132694],[18.193405531699725,49.76037850305361],[18.19334747197447,49.76036268745437],[18.193226507317643,49.76032979044526],[18.19318658456656,49.760318967545444],[18.192654412160472,49.760337624740245],[18.192658220724468,49.760262573098224],[18.192679182686813,49.75984915814071],[18.192681396781186,49.75980569344867],[18.192684687848725,49.759740720333106],[18.192627207214617,49.75970192387784],[18.192427438373006,49.75956702788799],[18.192253723566765,49.759449754002475],[18.192161498399877,49.7593875204169],[18.19187942470549,49.75932505635554],[18.1914938656336,49.759239612150076],[18.191078223560105,49.75919353362566],[18.191023997461844,49.75922802019363],[18.19090853529543,49.75930147151539],[18.190891899193584,49.75933094723638],[18.190813444091503,49.759470108901056],[18.190710854769367,49.75965204122015],[18.190658198014525,49.75974536726439],[18.18987964395694,49.75956033281439],[18.19009757406465,49.75930070206542],[18.19023456680541,49.75913749558489],[18.190301066813475,49.75905830669721],[18.190389772457028,49.75891647421456],[18.190444911090367,49.7588285225438],[18.190458727275843,49.75880655896247],[18.190483756332128,49.75876645594331],[18.190536808495526,49.75868055257253],[18.190615111790887,49.758553926932436],[18.19069076331992,49.75843148366629],[18.19071621288142,49.758390321345665],[18.190681347183947,49.758314894496856],[18.19061972394426,49.75818146434023],[18.190562440435517,49.75805721326684],[18.190528645020226,49.75798419310381],[18.19054223646832,49.75791619056585],[18.190546458223825,49.75789513010718],[18.190605119588792,49.757789237212],[18.19068419208952,49.75764650060864],[18.190707351005916,49.757604757940165],[18.190727203193077,49.75756896571022],[18.190729068173237,49.75755093106622],[18.19073865788211,49.757456711628954],[18.1907409740595,49.757434280284556],[18.190724194078694,49.75731962241088],[18.19069435320259,49.75711551486481],[18.190647855151216,49.75705928667882],[18.19042020491298,49.756784645291695],[18.190136942257496,49.75663574187587],[18.189365967827364,49.7564828050411],[18.187770790344015,49.75670069087187],[18.18729306598089,49.756614004309434],[18.18714754014953,49.75650896049212],[18.187112647639736,49.75626377402325],[18.187219666044108,49.75616918339479],[18.187298061367915,49.756099962513346],[18.187497350490375,49.75603710863133],[18.187914712649615,49.75590532966575],[18.187971969706464,49.755850348717004],[18.188133958849328,49.75569496187189],[18.188171036091937,49.75559732877536],[18.18824809453937,49.755393923510624],[18.18817422109066,49.755112245024876],[18.188100204370798,49.75482956560156],[18.187982168289235,49.75469412500907],[18.187936288227743,49.75464163039445],[18.187909976662638,49.75461144764149],[18.187895252297555,49.75459455308636],[18.18788523372368,49.7545830680586],[18.187817614905644,49.754555519314955],[18.1876348341066,49.7544810444219],[18.18757935683676,49.75445851220327],[18.18746816205605,49.7544131633836],[18.18742784758418,49.754409445644974],[18.186795565681706,49.754351491289675],[18.186763774601197,49.75434861508381],[18.186184458088324,49.75427902472734],[18.18572739957149,49.7543973668119],[18.185631569383176,49.75442219362813],[18.185486387253317,49.75445975876972],[18.185169001639807,49.75448201270156],[18.184854280812576,49.75443366142604],[18.18461790140078,49.75429370542703],[18.184524491947034,49.75423834686589],[18.184433405985644,49.75413980008048],[18.184197955519753,49.7538851896908],[18.184182998070078,49.75386900341131],[18.184020662706686,49.75368187277568],[18.184018727707958,49.75367968786621],[18.183998180307988,49.75366363734927],[18.1838713744947,49.75356451822412],[18.183854467666592,49.753530713668795],[18.18382361606532,49.75346904760843],[18.183805820083546,49.75343356838973],[18.183743684637815,49.753309309331215],[18.18357272375972,49.752980181307144],[18.183561878478994,49.75296242201653],[18.183500676369157,49.75286231177678],[18.183446804827238,49.75277398652498],[18.183296458594864,49.75267489170851],[18.183203181375216,49.7526134023456],[18.18315765205633,49.75260704224254],[18.183080826265055,49.75259620827581],[18.18272373277103,49.752546090604014],[18.18252748598212,49.75254078945827],[18.18183905368451,49.752522505291246],[18.18179756241244,49.7525213362801],[18.18148638080263,49.75251306475905],[18.18141395237789,49.75251303703133],[18.180960147693934,49.75251295702404],[18.180771130523805,49.75251293453588],[18.180440308752356,49.75247566441311],[18.17996238782289,49.75242187443078],[18.179425233875165,49.75259613594346],[18.17905812845281,49.75189465537943],[18.178850573847473,49.75160794426809],[18.178744733745003,49.75146180965321],[18.178408301140195,49.75100870911524],[18.178083413057774,49.75064894524137],[18.17781018981788,49.750425938313974],[18.177762000021847,49.75038657492202],[18.177399586661753,49.75019498925322],[18.177360654356544,49.75025452041761],[18.177252041386538,49.75042094128817],[18.17721379425372,49.75047951838406],[18.17718171099686,49.75049539475361],[18.177178374842622,49.75066406280663],[18.177170889406813,49.75103952841087],[18.176699705518658,49.75152471291278],[18.176433215887567,49.7517991768408],[18.1763117733147,49.75192426004072],[18.17655326215919,49.752147101816504],[18.176584882770957,49.752312690854204],[18.17648951660622,49.75255864737549],[18.17635085742516,49.75284475557539],[18.17616097126774,49.75327859556568],[18.176071535201135,49.75352082570598],[18.176018736036763,49.75366368551839],[18.175863309333092,49.753880797975945],[18.175743891306826,49.75392973453616],[18.17537245239707,49.75409583392545],[18.174902807868126,49.75413671205435],[18.174393499105996,49.754128687799906],[18.17388524322299,49.753850062360485],[18.173854643557817,49.75388903548313],[18.173847156220354,49.75389808851728],[18.173818078970303,49.75393299619665],[18.173808788835895,49.75394095459217],[18.173532460902404,49.75426963883765],[18.173369241160806,49.754463836076496],[18.173628708183195,49.754700064031724],[18.173873288318514,49.75492272469834],[18.174339819369727,49.75524853840885],[18.174557294790787,49.75540044417268],[18.174622957571962,49.755492147986],[18.174652857346757,49.75553390835801],[18.174774778578104,49.755727163031835],[18.174924184140824,49.755859066732775],[18.1750703543724,49.75599638283634],[18.175256577734896,49.75645084178719],[18.175163398686962,49.75669286002609],[18.17515724835057,49.75728283332091],[18.175244898607417,49.75758479621451],[18.17548382278684,49.75802968705553],[18.175483150085928,49.758503457545366],[18.175450535306776,49.75852634313931],[18.175190890876042,49.75870823610205],[18.175011572021006,49.75877878713222],[18.174824003614592,49.75885266225509],[18.17475294306234,49.75888068553515],[18.173817353364836,49.75927464147049],[18.172314749888244,49.759872273745195],[18.172305471460888,49.759970121264594],[18.172303272962747,49.75999264962503],[18.172299878225534,49.76002819654867],[18.17229828943172,49.7600451639018],[18.17229684540568,49.76006105644359],[18.17229406687581,49.76008995973318],[18.172015803595507,49.760100673928356],[18.171971834066575,49.7601023399559],[18.17171220091101,49.76011230154867],[18.170969315042726,49.760194397773205],[18.170954886417917,49.760196018785344],[18.170633492164,49.76021250403543],[18.170356290128016,49.76022670384512],[18.170183982712892,49.760220300591826],[18.16989994578868,49.76020974543665],[18.16987137469299,49.76020569314967],[18.16895516093073,49.76007491375326],[18.16878801160767,49.76004677913671],[18.168747689502382,49.76003998624619],[18.168669095116574,49.760026696849906],[18.16840795760487,49.759982686851714],[18.16828440087162,49.759961890464766],[18.16816497663321,49.75985874895336],[18.166757376664666,49.758643057823235],[18.16667651495856,49.75857323228796],[18.166059713226698,49.75804051511951],[18.16571480652168,49.75820357607173],[18.165177338800397,49.758230472275166],[18.164816091665365,49.75824089525108],[18.164651620379004,49.75824151514186],[18.16460952872177,49.75824166009211],[18.16437606485323,49.758242526638156],[18.16394955573668,49.758285443921466],[18.16382459644521,49.7583060783057],[18.163805778851724,49.75830925501902],[18.16368951884133,49.75832839612727],[18.16352778985307,49.75835516182756],[18.163461585179274,49.758366757110394],[18.162843749439084,49.758475102588115],[18.161864036268295,49.758538589925365],[18.161751041062704,49.758545910680624],[18.1609540748586,49.75863128905252],[18.16036406102182,49.758725403441034],[18.159893389170684,49.75887148936108],[18.159333390733927,49.759100328590925],[18.15931864626764,49.75910635258458],[18.159271754972796,49.75912553753319],[18.15916013093881,49.75917119996503],[18.159109703736668,49.75919180910613],[18.159061360214963,49.75922381761801],[18.158726387621773,49.759446175861356],[18.158554235987513,49.75956042971348],[18.158264817788318,49.75975386957325],[18.157774473626482,49.760081682251155],[18.15750213105688,49.76024765876009],[18.156868786812687,49.76065734744733],[18.15663447588779,49.76079749911076],[18.156431240579334,49.760919014335336],[18.156250877435944,49.76102693376823],[18.156200120935218,49.7610571800494],[18.156125276196136,49.76110176514392],[18.156085279562195,49.76112558146045],[18.155983164660753,49.76118640078187],[18.155438363234904,49.76151075853226],[18.15528526994461,49.76161273115358],[18.155106142973853,49.7617320908115],[18.154956867818303,49.7618315719089],[18.154762235813685,49.76201620667541],[18.154733703979144,49.7620675672427],[18.154716587269263,49.76209836566611],[18.15462257460063,49.762267313033355],[18.154612585672183,49.762315482655254],[18.154609754897724,49.762329220933225],[18.154562597553596,49.7625576820608],[18.154558553550256,49.76257730816858],[18.154553405214028,49.762602016016395],[18.154548204369235,49.7629190449689],[18.15454523094762,49.763099920620455],[18.15453239087366,49.763885101354546],[18.15452903057206,49.76409050336442],[18.154528661084537,49.76411593328826],[18.154526352353653,49.764255782192265],[18.15452941716741,49.76461786349651],[18.154531851965068,49.764919621200136],[18.1544913887709,49.7650974696209],[18.15441185543007,49.765248916539576],[18.15439637404361,49.765263472150814],[18.154312317758084,49.765343183702115],[18.154187594183874,49.7653866559888],[18.154167122627126,49.765393798915326],[18.15406520377674,49.76542935787276],[18.154098946494333,49.7654487789597],[18.154075476270766,49.765490498671085],[18.154031475479183,49.76551607310968],[18.153959864417505,49.76552221296874],[18.153925195330253,49.76552512166232],[18.1532965326336,49.765578658642],[18.15320391903544,49.76558658590614],[18.152580483967274,49.76568391664326],[18.152376087156203,49.765715831089814],[18.15199020867218,49.765776084478084],[18.15131015840945,49.76576956861763],[18.15058238925969,49.76576250901268],[18.150000103627075,49.765737792918046],[18.148926047966977,49.76552796398298],[18.14838712403919,49.76542266730826],[18.148257079111655,49.765397240306726],[18.14777732888814,49.76533762540655],[18.147618648794243,49.76531788364418],[18.1471652185321,49.765261474060566],[18.147043671947987,49.76524636526647],[18.146740007165434,49.76520864927906],[18.146327006119563,49.76515723774519],[18.146054313542184,49.765123353109885],[18.14582712211781,49.76514349356208],[18.145790029477723,49.765146803851735],[18.145759003712893,49.76514955587885],[18.14514524593683,49.765204075714095],[18.145086801109034,49.76519218492064],[18.144545302376414,49.76508230138258],[18.144542107106318,49.765079141703126],[18.144535806376943,49.76507318845053],[18.14449792433932,49.76503701325627],[18.14449101706883,49.7650303938087],[18.14448655387796,49.7650324870522],[18.144444983181817,49.765052419945015],[18.144440519987,49.765054513186804],[18.143377938892016,49.76549437805855],[18.14290635425458,49.76568953800627],[18.142836238440616,49.765718589937514],[18.142664879442187,49.765789457190344],[18.142558607604613,49.765833423799805],[18.142420297673624,49.76590409120641],[18.14228992192076,49.76597069630529],[18.142077243300044,49.76618316971779],[18.14191989130829,49.76640997547056],[18.141604159377835,49.76686497221107],[18.141586249888093,49.76695817901999],[18.141322170111053,49.768327659112494],[18.141061887729485,49.76871053282776],[18.14079047193702,49.76910974143438],[18.140784545815322,49.76911852043844],[18.14052461653214,49.7695007816122],[18.14050913267021,49.76952354853397],[18.140389940665855,49.769698909851286],[18.140329889851973,49.769754434719445],[18.13978797081474,49.77025461595659],[18.139577826802103,49.77040594857026],[18.13940675481009,49.77052908477785],[18.13929294020775,49.770595725428755],[18.138989389410057,49.77077306979396],[18.13894610385332,49.77079840912673],[18.138991252562686,49.7708375258079],[18.138996857036656,49.77084244701461],[18.139069995782098,49.77094551803078],[18.139375185046976,49.77137566695995],[18.13945183442883,49.771550597601646],[18.139498574077027,49.77165722308324],[18.139532915562004,49.77164545499158],[18.139867547062895,49.77153088488153],[18.139922051600873,49.771512229237885],[18.14020788556137,49.771414291414544],[18.140337198752253,49.77165006371927],[18.14064716820323,49.77221486569223],[18.140887404346895,49.77262570739685],[18.14112522015415,49.77293812601022],[18.141859360428406,49.773779260367625],[18.14232174490731,49.774338447939286],[18.142703244660566,49.774854865258014],[18.143015749967727,49.77536935039849],[18.143258117378032,49.775874889739434],[18.14326051764641,49.77587980932428],[18.14327996413831,49.775932807928996],[18.143351687469963,49.77612884460158],[18.14342690167326,49.77633410449796],[18.14374690933099,49.77735559641047],[18.143901380160514,49.777638457375765],[18.144080406113996,49.77790466099399],[18.14442347691735,49.77833152479509],[18.145031042992922,49.77908728933157],[18.145294429516575,49.779475874376566],[18.14542467412654,49.779668008588466],[18.145095559339616,49.77975078004578],[18.144807020604766,49.77982105148986],[18.14479071744927,49.77982617337824],[18.14477470303769,49.779831221395135],[18.145216600131363,49.78060944249458],[18.145315000701114,49.7809174581668],[18.145316608356353,49.78093957077161],[18.14534931046847,49.78119440131121],[18.145355384982057,49.78124221827505],[18.145359012730665,49.781271033842536],[18.14536927296166,49.781535150640366],[18.145343393339125,49.781595595119455],[18.14531160783803,49.78180579299644],[18.145305746725374,49.78184499070623],[18.145311711543147,49.78205020023757],[18.145320185767083,49.78234399866523],[18.145315131147598,49.78238856696493],[18.14527023298429,49.78278529297493],[18.145263088849774,49.78284427323884],[18.14523488965876,49.78314745311284],[18.14523313328193,49.78316558429376],[18.145229580063898,49.783236139955925],[18.145194236084375,49.78328720287143],[18.145116701049982,49.78354706100524],[18.145053698026278,49.78359032746583],[18.144887504453006,49.78362773986989],[18.144886036366614,49.783628288345405],[18.144807785619037,49.783654444388254],[18.14476267983229,49.78366948452859],[18.14476136218806,49.78366995128595],[18.144748962208418,49.78367403114762],[18.144632038961372,49.78376450855272],[18.14457491062425,49.78387354050224],[18.144564305363076,49.78388701808435],[18.144566424055686,49.78396818423342],[18.144566904860145,49.78398626183325],[18.144565844620775,49.78398791646324],[18.144566335432696,49.784007980166095],[18.144540637533698,49.78412989619601],[18.14431579785379,49.78417526217956],[18.144124062683797,49.78421393208961],[18.144108645570697,49.7843855282759],[18.144106268170106,49.78454522905014],[18.1441031398552,49.78468060952068],[18.144070336565356,49.78481484785017],[18.144053781441606,49.7848352079586],[18.144063799362627,49.78504236231835],[18.144032952520355,49.785285735596766],[18.144030072600575,49.78530804485469],[18.144028623014844,49.78531978557301],[18.144023226810482,49.78536171717106],[18.144089267725402,49.78532692661263],[18.14409016263058,49.78533988336593],[18.144125312611706,49.78588456046136],[18.144126200411232,49.78589859982601],[18.144163354967755,49.78645422064697],[18.14417767677939,49.786612070878455],[18.144199701631138,49.78685411153824],[18.144206011909674,49.78692387297008],[18.144228372403482,49.787085157500705],[18.144255664860374,49.787282100401285],[18.144293567186637,49.78755617845182],[18.14433421518452,49.78773375284978],[18.144334496857265,49.78773476159562],[18.144346503341065,49.78778715683136],[18.144404391833564,49.78804025693473],[18.144442417807113,49.78820631078129],[18.144464062200488,49.788292555515426],[18.14457038837577,49.788714104816606],[18.144683227311663,49.78906797372175],[18.14470193203043,49.78912959344883],[18.144729344926088,49.78922266336964],[18.14473058287939,49.78922381660948],[18.144747369378724,49.78927900990981],[18.1448101851554,49.789463797880245],[18.144945846506445,49.78983240823583],[18.145000573506216,49.789951304943585],[18.145046147569364,49.79005027840196],[18.145091061446756,49.790147950862774],[18.14513545347437,49.790244330173834],[18.14517907119906,49.79033922151462],[18.145232820887067,49.790456077059964],[18.145723963247,49.7915232662719],[18.14575057227191,49.791581092110675],[18.145773315865945,49.79163039560824],[18.145824320409805,49.791649082187135],[18.145832838987264,49.79172727156148],[18.14586258608163,49.79199989259287],[18.14586360483997,49.79200987799637],[18.14595153555084,49.79223886803468],[18.146010172811145,49.792356722083696],[18.146035514352985,49.79240743632327],[18.146066567475998,49.79224800883321],[18.146133968139893,49.792397947664256],[18.146340038302686,49.792856286171755],[18.146357316797058,49.79289138088546],[18.146504442512764,49.7931908736912],[18.146641976240677,49.79347059880173],[18.146662373655584,49.79351561739883],[18.14669664378072,49.79359102494449],[18.14675368885275,49.793716549656],[18.146792449211354,49.79380204911428],[18.146832837571402,49.79385903129727],[18.14696544127962,49.79404642021078],[18.146999443851932,49.794162966865784],[18.14702368476196,49.794246559927274],[18.1470332183491,49.79427913956009],[18.14758664728375,49.79444751803397],[18.147680254095565,49.794478004952396],[18.14788003734414,49.7945429401663],[18.14826312340648,49.79552122530922],[18.148506005796307,49.79627143923011],[18.14848423239458,49.79629222619596],[18.148421952891102,49.79635169091164],[18.148408025343702,49.7963649805434],[18.148376966815665,49.79639462724226],[18.148201838995323,49.79656168166954],[18.148054878560544,49.79670190365023],[18.148108387322345,49.796808273998266],[18.148286815514,49.79716305582091],[18.14847763464072,49.79752314230219],[18.14854414616614,49.7976488409705],[18.148900780638645,49.79832201825735],[18.149145018704864,49.798783052426955],[18.149197005602417,49.79888112285838],[18.14938504522191,49.79923608550162],[18.14971817095391,49.799864696228916],[18.14979580028454,49.80001133006452],[18.149854570826623,49.80012214872186],[18.149860528630285,49.800133767638116],[18.149914702480345,49.8002383692325],[18.149933579053545,49.80027508781773],[18.149987537041568,49.800379225869555],[18.150045549028018,49.8004915356338],[18.150176192866503,49.80074414879313],[18.150248080318946,49.80089614252351],[18.15034458353383,49.801100161393215],[18.150354780410726,49.80112167724503],[18.15066894749234,49.801785489645006],[18.15069389388931,49.80183816521615],[18.150747017567593,49.80195055840267],[18.150968315438895,49.8024701221086],[18.151013898563892,49.80261972218231],[18.151038762072442,49.802753437579334],[18.15105829605236,49.802858512462564],[18.151116132331516,49.80310104228282],[18.15114225960731,49.803153243060194],[18.151254127043725,49.80337672245012],[18.151265083903727,49.80340396696241],[18.1518510054024,49.804871412412986],[18.151869875980804,49.80492572883279],[18.151901231343007,49.805015588935376],[18.1520105678126,49.80532899307728],[18.152140283448304,49.805701040510776],[18.152231327564827,49.80596205587166],[18.152239370837698,49.80598507392378],[18.152295374193653,49.80623607219486],[18.15220451115692,49.806288234439975],[18.15281806681595,49.80642866714921],[18.153415334189337,49.80642142791258],[18.15398561346722,49.80659008839314],[18.154770748728637,49.807006642612556],[18.15494165407148,49.807057652951904],[18.15590156173478,49.80734402602709],[18.156351069384307,49.807346727542715],[18.15668179526632,49.80755145113594],[18.157414636924354,49.80767000051973],[18.15772364632758,49.80781049777201]]]},"properties":{"id":"momc-554588","code":554588,"name":"Polanka nad Odrou","count":1656,"kind":"Městský obvod Ostravy","parts":["Polanka nad Odrou"],"part_code":414204}},{"type":"Feature","geometry":{"type":"Polygon","coordinates":[[[18.23579362685075,49.78345284762122],[18.23590391131064,49.78345044502838],[18.235909313349367,49.78345173992697],[18.23591504498486,49.783451609397915],[18.235920264233666,49.78345009657492],[18.236014460482163,49.783448147384426],[18.236317941411887,49.78343300015201],[18.2363260726055,49.78343264288104],[18.236737441424676,49.783412159922115],[18.23674613791673,49.783411744004695],[18.237562126694062,49.78337120843745],[18.237566813174695,49.78337264371613],[18.23757207002831,49.78337293775793],[18.237577055274315,49.78337213370831],[18.237581353897735,49.78337020835348],[18.238262648561093,49.78333639198067],[18.238397088482834,49.78332947235973],[18.238402748402216,49.783329879148404],[18.238408172542986,49.783328919127946],[18.238804732346395,49.783308683684425],[18.23880943080539,49.78331002934018],[18.23881454932105,49.78331031558983],[18.238819534540124,49.783309511487474],[18.238823821160853,49.78330767566043],[18.23921968892185,49.7832874001327],[18.23922450183315,49.783288932654365],[18.23922975868721,49.783289226621896],[18.239234755844798,49.783288332928606],[18.239239192733923,49.78328641524915],[18.23963308756765,49.78326629874343],[18.23963671707903,49.78326938941935],[18.23964189722904,49.783271303423675],[18.239647972166452,49.78327173335874],[18.23965368489953,49.78327069917846],[18.23965833178956,49.78326825177873],[18.239661287802672,49.78326489765775],[18.240048169800875,49.783245109571716],[18.240050957360996,49.78324824339804],[18.24005539804917,49.78325047700242],[18.24006082406607,49.783251592563],[18.240066441219692,49.78325127494951],[18.240071533926198,49.78324966463371],[18.24007537465575,49.783246991660825],[18.24007750060947,49.78324359111948],[18.240393656366912,49.783227427603535],[18.240436597091417,49.7832252261439],[18.240498903233757,49.783222031841156],[18.240526676457467,49.783220696917574],[18.242355489319184,49.78307639229157],[18.24561987967923,49.78281942460517],[18.24575400906913,49.782793889762914],[18.245770038863963,49.782801192362776],[18.24581391630112,49.78282124051503],[18.24591400668422,49.782867079352826],[18.246036146189628,49.78295349475742],[18.246199033709445,49.78306880724225],[18.246222723859695,49.78308556175206],[18.246234184717274,49.783060212658164],[18.246266274620268,49.7829888200568],[18.246280180483314,49.78296081007962],[18.246361890893997,49.782988746773235],[18.246554937907487,49.78302100746765],[18.24655902839501,49.78302168715799],[18.246623658112416,49.78303242624622],[18.246782218910514,49.78305887987985],[18.247274347878438,49.78314033113402],[18.247283070316314,49.7831418109442],[18.247313316208597,49.783147019608926],[18.247345198310857,49.78315250013088],[18.247371768723564,49.78315705229688],[18.2473926243591,49.783160563357356],[18.247417546643376,49.78316493322257],[18.247590450076494,49.78319462325],[18.24760953119742,49.78319785468398],[18.247685958248965,49.7832110568371],[18.248242128911688,49.7833066385728],[18.248294578373702,49.78331570386457],[18.24835405448764,49.78332642488281],[18.248569884744906,49.78336239086216],[18.248875311444557,49.78341418817313],[18.248933337640864,49.78342428648066],[18.249018590487367,49.78343924389607],[18.249162687787102,49.78346443536326],[18.2491670267913,49.78333662661091],[18.249168010661677,49.78330726319865],[18.24916699561563,49.78328139778883],[18.249163997570847,49.78321914504345],[18.249170986125336,49.783218993811126],[18.249170764908936,49.78320391132387],[18.24917061296733,49.783186215734865],[18.249170372706114,49.78317022978064],[18.24916339608799,49.78317029143869],[18.249163061025556,49.7831393202952],[18.249150640280412,49.78299189598062],[18.248854896952352,49.782998213305895],[18.248590377781277,49.783002393137586],[18.24830854944405,49.783006778903946],[18.248251918570812,49.78300713581984],[18.24825742354186,49.78304741975128],[18.248205515797476,49.78303847491684],[18.247783631038445,49.78296537237928],[18.247690324796537,49.78294915205906],[18.247353716820452,49.78289082714648],[18.247349084912287,49.782890027004115],[18.247272622683614,49.78257370460599],[18.247257064892732,49.78250741125311],[18.247227079582046,49.78237994112957],[18.247211169207148,49.78231001844179],[18.247051400639002,49.78163358492686],[18.24701720141984,49.78154089263211],[18.246974618314287,49.78142535234365],[18.246896439985306,49.781040350468025],[18.246808858749628,49.78060040803478],[18.24680559277345,49.78058307986987],[18.246790071251425,49.78049874021158],[18.246719348927815,49.78011532751243],[18.24671114128905,49.78007128276392],[18.246700301947218,49.78001247200767],[18.24668908000077,49.77993875015493],[18.246684060303885,49.779878098703335],[18.24665584079659,49.77954073654213],[18.24664015756784,49.779354054745],[18.246645400878137,49.779341894422174],[18.246657312676767,49.77932884324267],[18.246658867339228,49.77928056104448],[18.246659467627964,49.77926245618579],[18.246502759479785,49.77927030637129],[18.246276667575945,49.7792769874616],[18.24596041339413,49.779287835546704],[18.2456954196663,49.7792967639604],[18.245554056465522,49.779302402027525],[18.245524384811006,49.779303361214744],[18.245534231617047,49.779351829275065],[18.24555915240358,49.77935096561053],[18.245560755769656,49.779366125417866],[18.24549092317143,49.779471866430775],[18.245480457014132,49.7794583772237],[18.24544601810621,49.779414581288044],[18.245421700764965,49.77927181515626],[18.245426174378206,49.77923614923434],[18.245381592910437,49.778985044670435],[18.245398002123242,49.778959159956095],[18.245386050040796,49.77888675063556],[18.245359050019267,49.77886556953456],[18.245314228395845,49.778614180723984],[18.245331185927093,49.77858940954794],[18.245318248921823,49.77851811829825],[18.24529314285,49.77849632106087],[18.245281391177482,49.77842554723432],[18.245241929600663,49.77840899401328],[18.245283769200352,49.778363774822424],[18.245342877641427,49.77832177652972],[18.245411662615915,49.77829186971614],[18.245407086263594,49.77826869282209],[18.245395683656003,49.77820994055412],[18.24539519982626,49.778207296533566],[18.24535461033919,49.778210713808114],[18.24527638391249,49.77821735232594],[18.245273159345214,49.778198672759245],[18.245265263651145,49.77815229894391],[18.245254596334682,49.77808907568478],[18.245250711698162,49.77806593742706],[18.245222947080833,49.77790303522723],[18.24513538150087,49.77738782963431],[18.245100588482913,49.77715531973368],[18.245066789396564,49.77692999435992],[18.244977012762497,49.77633101123122],[18.244899867786362,49.77579202201537],[18.244885840912794,49.775694409493404],[18.244878913089906,49.77569411259762],[18.244872543872763,49.775522298604635],[18.244868978692118,49.77542879008297],[18.24486841550661,49.775413146901144],[18.24486678283882,49.77536892776696],[18.244866709108077,49.775367389548045],[18.244865848883453,49.775343517826336],[18.24486390936309,49.77529323538907],[18.24486331740126,49.775278853973454],[18.24482202978342,49.77487235676562],[18.244809085154444,49.77474466411317],[18.244808953710656,49.774710094414374],[18.24480755385503,49.77425104974242],[18.244825905409485,49.77411436730067],[18.244851621402145,49.773751952059534],[18.244893962806028,49.773447769021544],[18.244905096667384,49.77335688667782],[18.244923743101378,49.77320334558241],[18.24492433281707,49.773197873826305],[18.24493752917117,49.773089419465684],[18.244943229764395,49.77304245165927],[18.244966468983378,49.772793782279514],[18.244974136482085,49.77271218152978],[18.24499320613045,49.77250839971219],[18.244996153550133,49.77243294230222],[18.245007342319806,49.77214921754398],[18.245015533250378,49.771791778627836],[18.245014377305715,49.771749210411286],[18.245010157336463,49.77159159387535],[18.245005954237516,49.771432805133706],[18.245043581063868,49.77118385679777],[18.245096078133564,49.77083584241247],[18.245116617850254,49.77074756120361],[18.245126717091146,49.77070417811385],[18.245221407355178,49.770299864841775],[18.245251511138758,49.77009272891579],[18.245280368300303,49.76991900282131],[18.24528366129941,49.76989951425442],[18.245306655319027,49.76976038386101],[18.245323798877003,49.76965052564704],[18.245326624307257,49.76963245480905],[18.245356634815636,49.76944065465106],[18.245375360365216,49.76931996564237],[18.2453759759907,49.76931639039536],[18.245388418229034,49.76923659050636],[18.245390341595332,49.769224244696616],[18.24541499954926,49.76904333531021],[18.24546449269074,49.76869064078706],[18.245545147655406,49.768151083379394],[18.245561618030287,49.768100656520325],[18.245632876528006,49.768104368044135],[18.24577271690386,49.767629843114634],[18.245812820279944,49.767479395946054],[18.24598868083404,49.76749274291403],[18.245992427982877,49.7674363710255],[18.246299644005862,49.76743946080984],[18.246529979908775,49.76741515220289],[18.246708699035768,49.76737983732793],[18.246765348682043,49.76736874455111],[18.246769557171355,49.76736852849598],[18.247010525701945,49.76735852973887],[18.247230831735923,49.767367680311814],[18.247373582394427,49.767381702057726],[18.24773211296665,49.7674168931619],[18.2478655433472,49.76742976190828],[18.248005840147393,49.76745384301757],[18.248066987827794,49.76746023694886],[18.248465455529818,49.76750207860045],[18.248971396803352,49.76758746221603],[18.249031214103237,49.767597571437584],[18.24904456432922,49.767599851218534],[18.249460496799596,49.767725054821625],[18.249763957509597,49.76786834046707],[18.24987336006953,49.767942401803566],[18.250102912667828,49.768097711888174],[18.250367865754974,49.76827701706833],[18.250611803692447,49.76849593683754],[18.250738739071448,49.76860996023471],[18.250923648526133,49.76873434964288],[18.251306527665047,49.768991797790065],[18.25136883660325,49.76902298063578],[18.251482619589932,49.76907986827696],[18.25182972155801,49.76925337836262],[18.252101866626752,49.76941746871431],[18.25215332688342,49.76943595319308],[18.252609162332202,49.76959964847881],[18.253214967840485,49.76982161574566],[18.25345443913249,49.76989833082645],[18.253514968789602,49.76991777205383],[18.25360985050175,49.76994815459735],[18.25374348154264,49.76999098715265],[18.25401523593351,49.7700617421041],[18.254007119432753,49.770027449000494],[18.253982123654417,49.7699220971215],[18.25397321534467,49.76988433068687],[18.253835413947108,49.76930316234313],[18.253702742247963,49.76886043787702],[18.25366845979275,49.768746355599944],[18.253531913210868,49.76843958721078],[18.253390153045746,49.768120706012304],[18.253161960074134,49.767696471926904],[18.252608813902047,49.76676905373281],[18.252306108089478,49.766316472670695],[18.251916625091976,49.765836575481515],[18.251495960590063,49.765348167315125],[18.25124134088892,49.76505257893412],[18.2508838488098,49.764592060215385],[18.25051059839282,49.764002968948404],[18.25017782153908,49.76331605904966],[18.249920998788944,49.76265306237823],[18.249910640297944,49.762626223668455],[18.249528419353194,49.76175308857618],[18.249495935429174,49.761691534440246],[18.24939448388919,49.76149924873932],[18.24929726223188,49.76131495991458],[18.24905097635971,49.760848191035635],[18.248825575318246,49.76051443050134],[18.248537326963145,49.76008772899143],[18.248246890908952,49.75969005212674],[18.24767008325097,49.7589605278513],[18.247151998774168,49.758360258318895],[18.247069366406897,49.75826945989136],[18.246927086428244,49.758112971077],[18.246873023711156,49.75805345854547],[18.246762564908206,49.75793312983516],[18.24675233403652,49.7579220900412],[18.246737137933618,49.7579054485009],[18.246726058477943,49.75789345886316],[18.24636844222268,49.75752243222562],[18.24620186428656,49.757349694314605],[18.24616001678867,49.75730620515484],[18.2460438085241,49.75716840825645],[18.24603035070405,49.75715231495954],[18.246007961507683,49.75712588610445],[18.245992920982886,49.75710807998707],[18.245924976597866,49.75702730608761],[18.245807851269987,49.75687339457755],[18.24579410299746,49.75685529968932],[18.2457880942428,49.756846029891],[18.2457826694492,49.75683760490911],[18.245762583902547,49.75680643170077],[18.245413200669738,49.75696774624624],[18.245210687624763,49.757071122961825],[18.244888950256403,49.75720681879125],[18.24474422606998,49.75725594137569],[18.244718918495078,49.757237831816795],[18.244709877172287,49.7572314606409],[18.244698170901728,49.75722313564276],[18.244545840208747,49.75712753605419],[18.244524920815394,49.757097398883225],[18.244502316449385,49.75702971713776],[18.244519085877304,49.75702199145373],[18.244557801888824,49.756907022037964],[18.244580899320844,49.75683819543058],[18.244642524945647,49.75662966262087],[18.244661072750095,49.75656780099718],[18.244752175088063,49.756263454894075],[18.244761822566783,49.756209849136674],[18.244824580509157,49.75586312904766],[18.244952145178406,49.755159515736274],[18.244953173328412,49.755153887977826],[18.24512158209278,49.754171815425984],[18.245132946702366,49.75410531080263],[18.245138581275658,49.7540724167896],[18.245140888526173,49.75403626853632],[18.24521010371608,49.75293927699291],[18.24517554524302,49.75177331397803],[18.24512328902603,49.75037317539477],[18.2450266823295,49.74942844441351],[18.24500483003918,49.74833863208189],[18.24500326969285,49.74825831958525],[18.24498667358819,49.747908154559425],[18.24496086901346,49.747367785545045],[18.244932108526097,49.74676281815966],[18.244929810269575,49.74671314668462],[18.244975283640485,49.74603075103902],[18.245141303309488,49.744928340259825],[18.245151696095277,49.74485970558812],[18.24516180748744,49.74479213808754],[18.24513622204531,49.74477825400577],[18.24501155396576,49.744627887946066],[18.244925504176532,49.74452426088646],[18.244891055376495,49.74451105425783],[18.244893974964402,49.74447448890874],[18.244923561444658,49.74410903772362],[18.24492423303314,49.7438948400571],[18.24492764157969,49.74285589030162],[18.245034889365144,49.742056745419006],[18.245133470385227,49.741206579984095],[18.24519610713303,49.74053849881505],[18.245198124176678,49.73990736592014],[18.245252867426963,49.738826886273685],[18.245260611277363,49.7382437212661],[18.245260666661352,49.738239121996784],[18.24525708845127,49.7378309355871],[18.245249614032776,49.737614116062055],[18.24524656282589,49.737527222372826],[18.24523664486568,49.73688323851187],[18.245203066893183,49.73582922262901],[18.245202746223455,49.7358211731052],[18.24520943535053,49.73579916704796],[18.24518316089781,49.73580618039681],[18.244548017987917,49.735975236966354],[18.24387864252477,49.73617757009905],[18.243091249019862,49.736389901987245],[18.242700842585254,49.73647761503287],[18.241995322855086,49.736630267778395],[18.241722886418145,49.73670409341897],[18.241481237193426,49.7368216944734],[18.24107551134616,49.737047338920775],[18.24091712946956,49.737159671940084],[18.240842823467712,49.73720947889808],[18.24072930263809,49.73729652740849],[18.2405064742939,49.737388829052314],[18.240207364113378,49.73742975413071],[18.240215065185332,49.737453467851985],[18.24029297109924,49.73832867328167],[18.240304260822526,49.73874451318012],[18.240310966592947,49.738998290786725],[18.240267019119372,49.73900729210801],[18.239968149185138,49.739078732720806],[18.239760720849663,49.739127495765],[18.239365845032616,49.7392140466406],[18.239005392788258,49.73929304763904],[18.238830696411075,49.73933127803397],[18.23875854299225,49.73934817544868],[18.238708437791406,49.739373075286814],[18.23859046642547,49.73943180740535],[18.238467537863347,49.73949116434577],[18.23834741417878,49.73954932454668],[18.23827493372615,49.73958434226222],[18.23841366123856,49.73989956686883],[18.238545586186643,49.74019897879077],[18.237804025303213,49.74036764104417],[18.236940624093414,49.7405654839051],[18.236825773618726,49.73970147088082],[18.236824142726945,49.739599855809665],[18.236764601175583,49.73936234031288],[18.23661656649452,49.73921101523641],[18.23651459802403,49.73910269856247],[18.236266555306145,49.738877458381985],[18.23619960636183,49.73881667536469],[18.23600660058208,49.73859641166544],[18.235919694797293,49.738497330488606],[18.235287305615365,49.738705750747684],[18.234838772874927,49.73881662519376],[18.23456252707429,49.73889690011961],[18.233941265433902,49.73906460542588],[18.23384468732311,49.73893366613457],[18.23369671405018,49.73873288663487],[18.23325455384306,49.73900682171783],[18.23310804780079,49.73904454756995],[18.232919533716075,49.73903705381224],[18.23272340602941,49.73902922339897],[18.232480373289278,49.73901497421557],[18.232417925006608,49.73901129457747],[18.23211659058217,49.738993597304386],[18.231916654037143,49.73899448623652],[18.231718490815616,49.739012349813954],[18.23011115935743,49.73978039610448],[18.228577244896886,49.739976149462585],[18.22828162486078,49.7401419587799],[18.228169866601657,49.740194712485156],[18.227294757488824,49.74028904169193],[18.226470151242506,49.74065377157946],[18.225826590636586,49.74094111369247],[18.225564760778422,49.74100602369307],[18.224950234213892,49.741039417458786],[18.22428344579089,49.74107520058244],[18.222949299687578,49.741091584128164],[18.22221802509407,49.74120558924616],[18.221316243522224,49.74133772549808],[18.221143124556942,49.74135354827682],[18.22082675440998,49.741400316065814],[18.22027387354964,49.741547515622244],[18.220060335641634,49.741600053832215],[18.22004000165258,49.74156777781256],[18.21968019088667,49.74164468252325],[18.21962238912689,49.74166038902861],[18.21945728609955,49.74159435587511],[18.219391597194814,49.74156801646705],[18.219233370779513,49.74150471539984],[18.219024597903292,49.741423685708355],[18.218905033899716,49.74136805980328],[18.218425921472107,49.74129675774282],[18.21777727693944,49.74123840456972],[18.216993905779834,49.74113890985311],[18.21697696964161,49.7411343488506],[18.216755570934748,49.74109466006013],[18.216282220855756,49.740981347402794],[18.21591560992589,49.74089875584494],[18.215440749056956,49.7409862413609],[18.214616450084403,49.74113757013589],[18.21442990901854,49.74114856793251],[18.214244748527612,49.74117110421118],[18.213676256147846,49.7409716649977],[18.213400674963395,49.74081864467402],[18.212917562578763,49.74032357067245],[18.21288796864332,49.7402939312943],[18.212714429178185,49.74000901859387],[18.21261300521029,49.739869934926],[18.212543976461454,49.73978014120491],[18.21224864435002,49.739430354152525],[18.212027516876823,49.73934293083909],[18.21148116532563,49.739154109149105],[18.211447936436358,49.7391391555728],[18.210712041102678,49.73900465220058],[18.21056957318932,49.738965236948886],[18.210514652165276,49.73895005623731],[18.210272823353684,49.73888312451882],[18.209806646429126,49.73868526504967],[18.209399600678125,49.738587653092374],[18.209418648370672,49.73856498938776],[18.20930065656574,49.738502943248406],[18.208875629811306,49.73847308594194],[18.20837410126455,49.7383240408807],[18.207856325063894,49.73850745019039],[18.207702834414317,49.73839855316944],[18.207365845334376,49.738341424020796],[18.20698017100742,49.73839932699536],[18.206876113348596,49.738345552505876],[18.206217815217794,49.73841158081496],[18.206038843226086,49.738402504607194],[18.20603836614141,49.73841854167676],[18.20601779256144,49.73858253563318],[18.205993421795206,49.73877591686247],[18.206006454124765,49.73895723366363],[18.205983112300707,49.73910446646831],[18.20598192920179,49.739294188643974],[18.205997932724586,49.73938055258551],[18.20601337676164,49.739463816655885],[18.205991109566202,49.73963421304367],[18.20599796612457,49.73984812234723],[18.2060568534097,49.74002497954765],[18.206185654435565,49.74018826200298],[18.206198014313852,49.740210345778436],[18.20632093464261,49.740431055000826],[18.206364393135495,49.740508945915636],[18.206440068621106,49.74064469227192],[18.206538609942946,49.74080726460142],[18.206553617179313,49.740968657401844],[18.20652566075268,49.741114998840516],[18.206516982171117,49.741236975188926],[18.206521956365545,49.74130692532238],[18.206535215530735,49.74149592543358],[18.206514207883764,49.741626774356014],[18.20656463279202,49.7418574833024],[18.20658831131043,49.74196557686616],[18.206390050060808,49.74273460522356],[18.2062303505262,49.742950606183484],[18.2061728479035,49.743116854380915],[18.20647649817801,49.74317671223964],[18.20633600396257,49.74331482801518],[18.20625475406288,49.74338804998225],[18.205990476318973,49.74364347163923],[18.206006046067785,49.74371853012537],[18.206025090008364,49.743822753164075],[18.206038538063623,49.74389597759702],[18.205830084325214,49.74409019359829],[18.205679223803127,49.7442224913367],[18.20562294034196,49.74434530914092],[18.205560759612734,49.74446120716894],[18.205278112134632,49.744741404736786],[18.204968124955222,49.745001111828564],[18.204785193106957,49.74517212498898],[18.20458072210335,49.7454706176618],[18.204488768109652,49.74572553453978],[18.204372423401733,49.745971227565164],[18.204327936501887,49.74624190087811],[18.204277862074246,49.74655530740038],[18.204236182546975,49.746835163288225],[18.20421593144366,49.74710061218702],[18.204144678252955,49.74732989041912],[18.20407301168577,49.74760174173936],[18.204129394532377,49.74787005851704],[18.204192366751595,49.7482419879664],[18.204310679986953,49.748511713274866],[18.204419344718822,49.74873288439189],[18.204433364432063,49.74903049379333],[18.20451853772317,49.74934798966254],[18.2046887210068,49.7497212571426],[18.2047212390802,49.74979248603451],[18.204790199025744,49.75001792044637],[18.204810359043353,49.75008367099811],[18.20482324777495,49.75012572891805],[18.20487141285943,49.75032237796183],[18.204886006208444,49.75038185906014],[18.20489747751959,49.75042825929165],[18.204884372927637,49.750536449435394],[18.204873278495715,49.75062859856206],[18.20486925806203,49.750660680583884],[18.2048475642803,49.75079762734765],[18.20483442420006,49.75088009527606],[18.204792179060664,49.75106958247447],[18.204807606319424,49.75129850284361],[18.204759528391037,49.75147746406367],[18.204762573732765,49.75188401457959],[18.204777489439714,49.752079334463836],[18.20461930363761,49.75241680102661],[18.204566362706757,49.75281496763458],[18.204632593614015,49.75317200769673],[18.204601990926477,49.75349390930541],[18.204791656139783,49.75397449085981],[18.204764551991374,49.75411645769844],[18.204747121015394,49.75420806979732],[18.20468637684237,49.754694599543704],[18.20461018885416,49.755148764552324],[18.20456066043502,49.755552627854485],[18.204558409839937,49.75557046024671],[18.204471348720947,49.75607247571632],[18.204460859261495,49.756133072573476],[18.204456794279942,49.75615612742431],[18.20435543379671,49.75682925740237],[18.204329024128572,49.756940038026954],[18.20418264245414,49.757553058245215],[18.204162658909688,49.75763667525361],[18.204144465307145,49.75771317325688],[18.20412039116938,49.757813797167664],[18.20400299552921,49.758514001126194],[18.203933447443145,49.75872731126083],[18.203786172620678,49.758884447595264],[18.203648831850472,49.759030861868965],[18.20345618407176,49.759343556676896],[18.203386584816183,49.75945641974992],[18.20334295967963,49.75952724539035],[18.203326353436847,49.75961682807251],[18.20331932653934,49.759654697132014],[18.2032921437853,49.759801352102116],[18.203267170996043,49.75993567742326],[18.20324218642243,49.76007216798456],[18.203240528641533,49.760080377368325],[18.2032092417278,49.760239977368705],[18.203162021063633,49.760383339106575],[18.203116686800925,49.76052094095876],[18.20290984194045,49.760795023361155],[18.202893475011752,49.76081215178969],[18.202845035314105,49.760862762042564],[18.20284309987884,49.760864728815925],[18.202813611661696,49.7608955584123],[18.20263140362668,49.76108249503418],[18.202563106083307,49.761166913229374],[18.20240885118725,49.76135731747861],[18.20220068359939,49.76152068268105],[18.202005453751944,49.761614563974646],[18.201924745460943,49.761653340939596],[18.20190418665708,49.76166328443284],[18.201799210337295,49.76171369127309],[18.20139604837154,49.761845506889934],[18.20129938094724,49.7618619970452],[18.201125313272527,49.76189154905673],[18.201101362794542,49.761895616041286],[18.200897194443673,49.7619304227977],[18.200632204793628,49.76196893577567],[18.200596260814006,49.76197413261481],[18.200344736836126,49.76200988318844],[18.20020626893425,49.76202952494546],[18.200076175257774,49.762048013436115],[18.199575247560272,49.76211927027858],[18.19954750340207,49.7621235746563],[18.199145113382595,49.76218620742953],[18.198591610500095,49.762272369544654],[18.198422433127295,49.76229867340513],[18.198366367272126,49.762307429611354],[18.198068272839265,49.76235381994873],[18.19795569011692,49.76237365303195],[18.196927790652243,49.76255438932923],[18.196841039869362,49.76256962943972],[18.196093133412067,49.7626332816043],[18.196072393307688,49.76266740010858],[18.195931359858267,49.762900236101444],[18.19586321946486,49.763110012881945],[18.195711354260283,49.76324395985213],[18.195608948034764,49.7633343053044],[18.19558845350867,49.7637028924519],[18.19499998670026,49.764053478661296],[18.19484187583122,49.76425051656348],[18.194325326658518,49.76455722960024],[18.194076083128355,49.764917263341985],[18.19473864226497,49.76513471688314],[18.19504697758105,49.76510975770253],[18.195753701863485,49.765256682911634],[18.195907556058845,49.76532906150529],[18.195938495294143,49.765343528630154],[18.19600873091965,49.7653766335925],[18.196063124210948,49.76540216811409],[18.196126159807424,49.76552213612526],[18.196128649880606,49.76555756281817],[18.196138026700318,49.76568804613175],[18.196116317901183,49.76574079119531],[18.196007087834513,49.76600547055545],[18.19590504982761,49.766122099000526],[18.195791005008857,49.766252400451464],[18.19546767673814,49.76644816696227],[18.195428760682912,49.766583421135785],[18.195396721184963,49.76661554953487],[18.195379670309713,49.766632548375604],[18.195012442358383,49.767000649555946],[18.194646712469456,49.76709186673084],[18.194245899007985,49.7671403151172],[18.19418117499062,49.76714813075196],[18.193947068076966,49.767176367208016],[18.193440105961837,49.76712605971787],[18.193365311415963,49.76711859734223],[18.192938827968078,49.76703861769716],[18.192631484135838,49.767190966531075],[18.19223891792271,49.76733878367704],[18.191766855233702,49.767437357646],[18.19170507622952,49.767450211249866],[18.191348360151206,49.7674742412178],[18.19113196962797,49.76757386338818],[18.19066240802934,49.76769215776035],[18.190178379250614,49.76831844912283],[18.190910356281133,49.76841249589592],[18.191407042134102,49.76836512869099],[18.191684396506496,49.76827534859439],[18.191945581768866,49.76819079364659],[18.192128430009372,49.768191529959296],[18.192488358547607,49.76823491236342],[18.192891972414458,49.76835141811539],[18.19337675637732,49.76853999960818],[18.193814560646942,49.76876509970618],[18.193974363360002,49.76884720099065],[18.194044019189498,49.768900218753075],[18.194366668636537,49.76914554315056],[18.194579690966744,49.76957330785488],[18.194593760213028,49.76981514927297],[18.194601877149214,49.769956030327684],[18.194558265676612,49.7702030160465],[18.19417837265461,49.770514720448844],[18.194145806736206,49.77054140419674],[18.194050869428747,49.770564574926404],[18.193178871863918,49.77077726305051],[18.192789756266052,49.77087221261491],[18.1919878489818,49.77082026601538],[18.191472949595923,49.77133084145104],[18.191243625746868,49.77152765393805],[18.19124031239319,49.77153053563837],[18.190936949731633,49.771790951257564],[18.190827019423825,49.77194954780208],[18.190400413374068,49.77256508872891],[18.190508117914167,49.77294478099803],[18.190884382653763,49.77289586168262],[18.19093642694439,49.77288913786962],[18.19121223826801,49.772883651484406],[18.191543671180433,49.77287696650505],[18.191549295005093,49.77294713449892],[18.19155394557449,49.77300380086032],[18.191554379389057,49.773084596307704],[18.191547320017644,49.77308320584709],[18.191553983259947,49.77326181895548],[18.191563526158987,49.773262356625935],[18.191561797381834,49.7733094583631],[18.19155994986338,49.7733325477284],[18.191566429888564,49.77336729690467],[18.1915781456297,49.7734304981088],[18.191585292872638,49.773469616725336],[18.191592824892457,49.7735100204759],[18.19161682761315,49.773639433190795],[18.191749327413905,49.773670723531154],[18.19237790850745,49.77381930579163],[18.192460704177712,49.77383886075757],[18.192505273999185,49.773849403510845],[18.1925725377551,49.77386321009549],[18.193423800935793,49.77403777729532],[18.19354847349858,49.774075483342024],[18.1937340906321,49.774131512523276],[18.193808143975502,49.774153913207286],[18.193945144342248,49.774195291260526],[18.194042505362365,49.77422469002605],[18.194234713565354,49.77435202337631],[18.194430115835303,49.774481521648724],[18.194770399261632,49.774811674171325],[18.19477927502685,49.77482029617821],[18.194799642419696,49.774850231760844],[18.194872411174913,49.775050344941135],[18.19489997097189,49.775126350236214],[18.194986355222426,49.77536414078612],[18.195020355908284,49.77545756529251],[18.194975956186806,49.776045637959974],[18.195000686128996,49.77638662783958],[18.195315863061243,49.776814634814635],[18.195443162184787,49.776987494752866],[18.195922063420767,49.77763787948366],[18.195968576499766,49.777748161951195],[18.196097820675107,49.77805397281833],[18.196143933368514,49.778420531914946],[18.19614049208493,49.77857384701348],[18.196155965753587,49.778575891328416],[18.196427840686955,49.77861240446399],[18.196456550544895,49.778606169237506],[18.196873510160806,49.77851493789981],[18.197032982604814,49.77846687900079],[18.197060874311887,49.77845843167555],[18.197310392471238,49.778320953286276],[18.197430039026564,49.778140788086425],[18.197450866500706,49.777959663254265],[18.197165811311336,49.77766836752104],[18.197086756881095,49.77758765960267],[18.197784003881015,49.77737566020544],[18.197936093221536,49.7773316970785],[18.197986835712832,49.77731704525389],[18.19800525526218,49.77731167447571],[18.198376850688096,49.777204258203234],[18.198472676381765,49.77717662109949],[18.198645793764587,49.77712653061577],[18.19917262498118,49.7769786640274],[18.199190743606398,49.776973456635616],[18.199227846788872,49.77696281983417],[18.19930595585798,49.77694050236629],[18.19931827746584,49.77693695416054],[18.199571348456075,49.77656620541161],[18.199806352511313,49.77638305365765],[18.20028420361442,49.77607458665885],[18.200283356275452,49.77602688916276],[18.200456647737127,49.776024275444485],[18.200467532205053,49.776024165866126],[18.200606336140012,49.77602204820436],[18.200664444707005,49.775922346958744],[18.20066516617947,49.775921124107754],[18.200755500028524,49.77576611024006],[18.20075786282306,49.775762001617665],[18.20083819786386,49.775624384091415],[18.200849037450055,49.775602793450425],[18.200941645621388,49.775419389758994],[18.201016223438376,49.775271701706835],[18.201060639253818,49.775183683918065],[18.2011209983386,49.77506407456173],[18.201013163992908,49.77495584966912],[18.201185716180877,49.77484859860019],[18.201457525515686,49.774357700974896],[18.201416993754975,49.77429937815676],[18.201517633601693,49.77422020869796],[18.2016282183184,49.77400767384291],[18.201636038189193,49.773941061114655],[18.201873034203924,49.77357770716801],[18.201960998750046,49.773191981397126],[18.20212657442645,49.773051487429846],[18.20211136173453,49.772975817922664],[18.202223190683643,49.772873452562976],[18.202334028104747,49.77266210468807],[18.20235416025624,49.772663688361305],[18.202912512512846,49.77308667072022],[18.20322423169616,49.77320618059226],[18.20331898775587,49.77324255435865],[18.203339307618165,49.773250014371094],[18.20460921846025,49.773718509007395],[18.204644807480477,49.773731610360656],[18.20468891188642,49.77374771738811],[18.205191739166153,49.773408420131695],[18.205354499837135,49.77330341079334],[18.20550842168189,49.77320404101158],[18.20571993158926,49.773080474130786],[18.2058197958371,49.77304340248806],[18.20588518944612,49.77301919308808],[18.205990621155692,49.77298008793484],[18.206339329238006,49.7728506963092],[18.20767483467097,49.77319271061734],[18.209095051553103,49.772517714338356],[18.20926398317263,49.772456003603715],[18.209334166292834,49.772430346894296],[18.209339445196473,49.77242838739394],[18.20941401731966,49.772401172361825],[18.21054143810461,49.772172393992186],[18.21073907660951,49.77210335982762],[18.2107491713386,49.77209977567469],[18.21076394367964,49.772094559161395],[18.211470571036433,49.77196748211642],[18.21149065386802,49.77201833512357],[18.2114981525699,49.772037256533835],[18.211528364063547,49.772113405561186],[18.211736055728892,49.77263730126322],[18.21174406621449,49.77265760506004],[18.211848336998806,49.77297778434704],[18.21192520003729,49.77338089305756],[18.21193479662528,49.77343097642256],[18.211999062603393,49.77343909828094],[18.212029617070602,49.77344298029189],[18.21241908078922,49.773477398411266],[18.212456129353438,49.77348065234417],[18.21371183482021,49.773565608415026],[18.214076220291048,49.77355628805469],[18.214132280996484,49.773554923550925],[18.214142347027874,49.77355467653959],[18.214184860038895,49.77355354402209],[18.214186808329476,49.77355356316966],[18.214634800551348,49.77354216705016],[18.21487348069424,49.773536074443626],[18.214887799069032,49.773567561396746],[18.215401649087042,49.77470072835201],[18.21600658534224,49.77572303997698],[18.216222651255492,49.77605571469029],[18.21627695782149,49.776120579992416],[18.21669832524035,49.77662902040903],[18.21683593421795,49.776788894761566],[18.216836541893077,49.776789560573356],[18.21756466111154,49.77651158906613],[18.21759214228987,49.7764967970099],[18.218175315110713,49.776182442048494],[18.21842409246299,49.77610200560784],[18.21843765181309,49.77609960786098],[18.21885847784739,49.776024762782654],[18.21918583269048,49.77593402362467],[18.219532509141178,49.77583426023915],[18.21953284567844,49.77583382789955],[18.21969820319466,49.775570658164554],[18.21989671985167,49.7752543899213],[18.220594207327238,49.77464249625694],[18.220971481068617,49.77421902670109],[18.22109910121605,49.77407331183751],[18.221369802706977,49.773910082792746],[18.22122655560469,49.773744392860934],[18.221296199568506,49.77358622127695],[18.221542181767983,49.772692887715166],[18.222122290893918,49.77255305664307],[18.222124299028327,49.77255262779885],[18.22225325556608,49.77284187106314],[18.22232077449461,49.77282670629658],[18.22243239408236,49.77280165119458],[18.22300687987064,49.772672600440494],[18.223160013860532,49.77263823110073],[18.223263149241646,49.77261513610704],[18.22339646626645,49.77258516017602],[18.223621025560412,49.77257519007601],[18.223622284727526,49.77257932163199],[18.22362882785484,49.77260125668506],[18.22365373465252,49.77268387228802],[18.223664748083767,49.77272031644498],[18.2236792458059,49.77273069510125],[18.223725024975558,49.77276349336483],[18.223869315526255,49.772692078688785],[18.22403949736054,49.77263962266339],[18.224045812371777,49.772621567046635],[18.224267927302762,49.77254648340162],[18.224318239172298,49.772537030887236],[18.22448580693856,49.77251872021326],[18.224497875455285,49.772519126049616],[18.224694374888767,49.77252517833421],[18.224703613348606,49.77252903523491],[18.22489475282548,49.77260959844947],[18.224906726624884,49.772622181785174],[18.225019214671157,49.77274075015786],[18.225016262702493,49.77294633947856],[18.225015958906027,49.772970507660695],[18.22484275403218,49.77312377793772],[18.22480340715277,49.77315857204506],[18.22470537959623,49.77317681087429],[18.22479451058456,49.773192817016586],[18.225109486941214,49.773251804662294],[18.225175879890003,49.77326382863417],[18.225238734138316,49.77327105180354],[18.225270293591993,49.773274715914255],[18.225870663515156,49.773344012871036],[18.22586771979751,49.77344320566608],[18.226167240400894,49.77344790007595],[18.226169857574657,49.773525294919274],[18.2260488806799,49.77369963281125],[18.2258595867054,49.77375120112257],[18.225858740737056,49.77377317305044],[18.225857489047364,49.77380965139441],[18.225261370582043,49.773943098910024],[18.224789584518522,49.77398659190806],[18.22456642576639,49.77400584793437],[18.22442030458229,49.77401796133353],[18.224421291338096,49.77401891908383],[18.224705910577235,49.77430298715443],[18.224975344173256,49.77442232131452],[18.225027572126912,49.77444546337984],[18.225514448965,49.774592506252155],[18.225622834564547,49.77462294678527],[18.22571778542885,49.77465173179794],[18.22592923755498,49.77471592396532],[18.226191921663602,49.77484200593393],[18.226544328652334,49.7750172441872],[18.227141082846526,49.77535886450647],[18.22730433403335,49.7755105959637],[18.22746672572847,49.775661466779965],[18.22788936447168,49.776097556983544],[18.228249663710116,49.77623677320283],[18.228937058234184,49.77681285766885],[18.228867940521447,49.776911952868154],[18.228849722754205,49.77709006422643],[18.228963238708264,49.777326271298364],[18.228682740752472,49.77760150117916],[18.228644555555018,49.77769122922817],[18.228524747253285,49.77780047963665],[18.228417850889272,49.77777969150313],[18.22821232867697,49.777969329081586],[18.228186732219285,49.7779929826132],[18.228539163577764,49.77819537732881],[18.22859643618826,49.77820896357167],[18.228478796546387,49.7783343084395],[18.228425580378243,49.77846560851388],[18.2284452825812,49.77856327195276],[18.228457679097524,49.77897745858795],[18.228648773220446,49.7790690207025],[18.228629686577964,49.77929743870583],[18.228783051824717,49.77957233573364],[18.22881272595684,49.77975601736815],[18.22872082921031,49.77982947113717],[18.228744939498327,49.7799859488037],[18.228918886505447,49.78019025539709],[18.22888973843731,49.78027074351105],[18.228962275797993,49.780394378007855],[18.229070440087945,49.78056846822544],[18.229074676254715,49.78070054992587],[18.22909970174959,49.78089922191604],[18.229310740891535,49.78121191083213],[18.229355057463458,49.78127765294718],[18.229371818370446,49.781302415720525],[18.229720789382174,49.78130138502282],[18.229735911927065,49.78136449927856],[18.229862122736378,49.78132734878741],[18.22994987441113,49.78123380862747],[18.230286526562814,49.78119770401411],[18.230466496549234,49.78108568421882],[18.23071444492421,49.78131199933846],[18.230803214911475,49.781272390360556],[18.231370868261383,49.78108858614603],[18.231674874788446,49.78099009722071],[18.231870764549008,49.7808997225409],[18.231921595091446,49.78087495423704],[18.231950951183755,49.78086071513741],[18.23201250687499,49.78083077175388],[18.232202073263757,49.780738688935095],[18.232267804255596,49.78064824615287],[18.232600789523396,49.78050490267206],[18.23293968189041,49.78035800860709],[18.232990832273025,49.780336055310464],[18.23301694450969,49.78036594330345],[18.23378564136607,49.7812493950925],[18.234519013870443,49.78212517780943],[18.235379878481826,49.78323008273916],[18.235448104729183,49.78326503366745],[18.235710288574523,49.78339954449293],[18.23579138953164,49.78345290292651],[18.23579362685075,49.78345284762122]]]},"properties":{"id":"momc-554235","code":554235,"name":"Stará Bělá","count":1398,"kind":"Městský obvod Ostravy","parts":["Stará Bělá"],"part_code":414191}}]}